DT_COMPTC,campo,valor,segmento
2013-12-31,TAB_II_A_VL_INDUST,31840797108.710007,Industrial
2014-12-31,TAB_II_A_VL_INDUST,26942952037.55002,Industrial
2015-12-31,TAB_II_A_VL_INDUST,29238348976.48002,Industrial
2016-12-31,TAB_II_A_VL_INDUST,30695359882.42001,Industrial
2017-12-31,TAB_II_A_VL_INDUST,32091877700.96999,Industrial
2018-12-31,TAB_II_A_VL_INDUST,30523853818.559998,Industrial
2019-12-31,TAB_II_A_VL_INDUST,67871887228.71,Industrial
2020-12-31,TAB_II_A_VL_INDUST,16035929265.27999,Industrial
2021-12-31,TAB_II_A_VL_INDUST,64979427395.979996,Industrial
2022-12-31,TAB_II_A_VL_INDUST,45129976726.69001,Industrial
2023-12-31,TAB_II_A_VL_INDUST,40100868467.54002,Industrial
2024-12-31,TAB_II_A_VL_INDUST,97412350660.30002,Industrial
2025-12-31,TAB_II_A_VL_INDUST,78616470419.61009,Industrial
2026-06-30,TAB_II_A_VL_INDUST,77323926716.40993,Industrial
2013-12-31,TAB_II_B_VL_IMOBIL,281489252.09999996,Mercado Imobiliário
2014-12-31,TAB_II_B_VL_IMOBIL,364539467.1,Mercado Imobiliário
2015-12-31,TAB_II_B_VL_IMOBIL,423636715.9,Mercado Imobiliário
2016-12-31,TAB_II_B_VL_IMOBIL,185159317.92999998,Mercado Imobiliário
2017-12-31,TAB_II_B_VL_IMOBIL,256023578.0,Mercado Imobiliário
2018-12-31,TAB_II_B_VL_IMOBIL,571456824.55,Mercado Imobiliário
2019-12-31,TAB_II_B_VL_IMOBIL,2136944918.3000004,Mercado Imobiliário
2020-12-31,TAB_II_B_VL_IMOBIL,1947408873.9099998,Mercado Imobiliário
2021-12-31,TAB_II_B_VL_IMOBIL,2731062951.69,Mercado Imobiliário
2022-12-31,TAB_II_B_VL_IMOBIL,2152278948.0800004,Mercado Imobiliário
2023-12-31,TAB_II_B_VL_IMOBIL,1540325269.21,Mercado Imobiliário
2024-12-31,TAB_II_B_VL_IMOBIL,1699166735.24,Mercado Imobiliário
2025-12-31,TAB_II_B_VL_IMOBIL,2780050858.4800005,Mercado Imobiliário
2026-06-30,TAB_II_B_VL_IMOBIL,3058616644.1800013,Mercado Imobiliário
2013-12-31,TAB_II_C1_VL_COMERC,6913656441.370002,Comercial
2014-12-31,TAB_II_C1_VL_COMERC,8951377007.810003,Comercial
2015-12-31,TAB_II_C1_VL_COMERC,11431542906.760004,Comercial
2016-12-31,TAB_II_C1_VL_COMERC,15637035272.369991,Comercial
2017-12-31,TAB_II_C1_VL_COMERC,18038032973.649998,Comercial
2018-12-31,TAB_II_C1_VL_COMERC,20063443288.360004,Comercial
2019-12-31,TAB_II_C1_VL_COMERC,37467360922.33,Comercial
2020-12-31,TAB_II_C1_VL_COMERC,28897544522.67002,Comercial
2021-12-31,TAB_II_C1_VL_COMERC,61407656646.58007,Comercial
2022-12-31,TAB_II_C1_VL_COMERC,83824478231.56998,Comercial
2023-12-31,TAB_II_C1_VL_COMERC,111260901634.46997,Comercial
2024-12-31,TAB_II_C1_VL_COMERC,110659424053.15012,Comercial
2025-12-31,TAB_II_C1_VL_COMERC,133730190833.47989,Comercial
2026-06-30,TAB_II_C1_VL_COMERC,114033916032.65004,Comercial
2013-12-31,TAB_II_C2_VL_VAREJO,337255164.39,Comercial - Varejo
2014-12-31,TAB_II_C2_VL_VAREJO,839045909.3000001,Comercial - Varejo
2015-12-31,TAB_II_C2_VL_VAREJO,654264583.11,Comercial - Varejo
2016-12-31,TAB_II_C2_VL_VAREJO,1049506248.6600002,Comercial - Varejo
2017-12-31,TAB_II_C2_VL_VAREJO,986119283.3599999,Comercial - Varejo
2018-12-31,TAB_II_C2_VL_VAREJO,788007697.5400001,Comercial - Varejo
2019-12-31,TAB_II_C2_VL_VAREJO,2504854931.6400003,Comercial - Varejo
2020-12-31,TAB_II_C2_VL_VAREJO,3785967032.7099996,Comercial - Varejo
2021-12-31,TAB_II_C2_VL_VAREJO,4735944606.440002,Comercial - Varejo
2022-12-31,TAB_II_C2_VL_VAREJO,6422091831.710002,Comercial - Varejo
2023-12-31,TAB_II_C2_VL_VAREJO,4824980619.070004,Comercial - Varejo
2024-12-31,TAB_II_C2_VL_VAREJO,10187993747.529993,Comercial - Varejo
2025-12-31,TAB_II_C2_VL_VAREJO,14914822759.509998,Comercial - Varejo
2026-06-30,TAB_II_C2_VL_VAREJO,16775834916.710005,Comercial - Varejo
2013-12-31,TAB_II_C3_VL_ARREND,0.0,Arrendamento Mercantil
2014-12-31,TAB_II_C3_VL_ARREND,3913202.16,Arrendamento Mercantil
2015-12-31,TAB_II_C3_VL_ARREND,0.0,Arrendamento Mercantil
2016-12-31,TAB_II_C3_VL_ARREND,0.0,Arrendamento Mercantil
2017-12-31,TAB_II_C3_VL_ARREND,2344135.56,Arrendamento Mercantil
2018-12-31,TAB_II_C3_VL_ARREND,0.0,Arrendamento Mercantil
2019-12-31,TAB_II_C3_VL_ARREND,0.0,Arrendamento Mercantil
2020-12-31,TAB_II_C3_VL_ARREND,74514775.84,Arrendamento Mercantil
2021-12-31,TAB_II_C3_VL_ARREND,62528388.730000004,Arrendamento Mercantil
2022-12-31,TAB_II_C3_VL_ARREND,0.0,Arrendamento Mercantil
2023-12-31,TAB_II_C3_VL_ARREND,2906907.2,Arrendamento Mercantil
2024-12-31,TAB_II_C3_VL_ARREND,7942007.46,Arrendamento Mercantil
2025-12-31,TAB_II_C3_VL_ARREND,2771474.14,Arrendamento Mercantil
2026-06-30,TAB_II_C3_VL_ARREND,0.0,Arrendamento Mercantil
2013-12-31,TAB_II_D1_VL_SERV,3200061914.6300006,Serviços
2014-12-31,TAB_II_D1_VL_SERV,5408678433.630001,Serviços
2015-12-31,TAB_II_D1_VL_SERV,6792986462.540002,Serviços
2016-12-31,TAB_II_D1_VL_SERV,5804981890.660001,Serviços
2017-12-31,TAB_II_D1_VL_SERV,5376810825.150002,Serviços
2018-12-31,TAB_II_D1_VL_SERV,6727092319.07,Serviços
2019-12-31,TAB_II_D1_VL_SERV,6232611850.360001,Serviços
2020-12-31,TAB_II_D1_VL_SERV,8538366856.119999,Serviços
2021-12-31,TAB_II_D1_VL_SERV,10211906257.210001,Serviços
2022-12-31,TAB_II_D1_VL_SERV,11328114160.279995,Serviços
2023-12-31,TAB_II_D1_VL_SERV,18703516096.03,Serviços
2024-12-31,TAB_II_D1_VL_SERV,29149257447.589973,Serviços
2025-12-31,TAB_II_D1_VL_SERV,45175199512.38999,Serviços
2026-06-30,TAB_II_D1_VL_SERV,46565204289.740036,Serviços
2013-12-31,TAB_II_D2_VL_SERV_PUBLICO,2715915886.1599994,Serviços Públicos
2014-12-31,TAB_II_D2_VL_SERV_PUBLICO,3028470603.52,Serviços Públicos
2015-12-31,TAB_II_D2_VL_SERV_PUBLICO,3771795357.1200004,Serviços Públicos
2016-12-31,TAB_II_D2_VL_SERV_PUBLICO,3839583045.51,Serviços Públicos
2017-12-31,TAB_II_D2_VL_SERV_PUBLICO,4395626950.33,Serviços Públicos
2018-12-31,TAB_II_D2_VL_SERV_PUBLICO,7356083423.100001,Serviços Públicos
2019-12-31,TAB_II_D2_VL_SERV_PUBLICO,6770045378.36,Serviços Públicos
2020-12-31,TAB_II_D2_VL_SERV_PUBLICO,14459492562.9,Serviços Públicos
2021-12-31,TAB_II_D2_VL_SERV_PUBLICO,8005225299.89,Serviços Públicos
2022-12-31,TAB_II_D2_VL_SERV_PUBLICO,6089185013.820001,Serviços Públicos
2023-12-31,TAB_II_D2_VL_SERV_PUBLICO,5624776676.479999,Serviços Públicos
2024-12-31,TAB_II_D2_VL_SERV_PUBLICO,8483792376.75,Serviços Públicos
2025-12-31,TAB_II_D2_VL_SERV_PUBLICO,8863691806.53,Serviços Públicos
2026-06-30,TAB_II_D2_VL_SERV_PUBLICO,7777241582.19,Serviços Públicos
2013-12-31,TAB_II_D3_VL_SERV_EDUC,198201465.17,Serviços Educacionais
2014-12-31,TAB_II_D3_VL_SERV_EDUC,255349480.74000004,Serviços Educacionais
2015-12-31,TAB_II_D3_VL_SERV_EDUC,238628963.71,Serviços Educacionais
2016-12-31,TAB_II_D3_VL_SERV_EDUC,336542789.9700001,Serviços Educacionais
2017-12-31,TAB_II_D3_VL_SERV_EDUC,529422283.25,Serviços Educacionais
2018-12-31,TAB_II_D3_VL_SERV_EDUC,687853626.6400001,Serviços Educacionais
2019-12-31,TAB_II_D3_VL_SERV_EDUC,735488339.9100002,Serviços Educacionais
2020-12-31,TAB_II_D3_VL_SERV_EDUC,946388909.8500001,Serviços Educacionais
2021-12-31,TAB_II_D3_VL_SERV_EDUC,1017691310.0800003,Serviços Educacionais
2022-12-31,TAB_II_D3_VL_SERV_EDUC,1156192413.62,Serviços Educacionais
2023-12-31,TAB_II_D3_VL_SERV_EDUC,1688612102.29,Serviços Educacionais
2024-12-31,TAB_II_D3_VL_SERV_EDUC,1932205244.0400002,Serviços Educacionais
2025-12-31,TAB_II_D3_VL_SERV_EDUC,2662459178.3399997,Serviços Educacionais
2026-06-30,TAB_II_D3_VL_SERV_EDUC,2904707555.62,Serviços Educacionais
2013-12-31,TAB_II_D4_VL_ENTRET,69400488.98,Entretenimento
2014-12-31,TAB_II_D4_VL_ENTRET,24676369.219999995,Entretenimento
2015-12-31,TAB_II_D4_VL_ENTRET,42547980.45,Entretenimento
2016-12-31,TAB_II_D4_VL_ENTRET,63865208.87999999,Entretenimento
2017-12-31,TAB_II_D4_VL_ENTRET,95213971.22,Entretenimento
2018-12-31,TAB_II_D4_VL_ENTRET,96058445.42,Entretenimento
2019-12-31,TAB_II_D4_VL_ENTRET,120160046.83,Entretenimento
2020-12-31,TAB_II_D4_VL_ENTRET,78339452.28999999,Entretenimento
2021-12-31,TAB_II_D4_VL_ENTRET,176727531.10999998,Entretenimento
2022-12-31,TAB_II_D4_VL_ENTRET,246245460.22,Entretenimento
2023-12-31,TAB_II_D4_VL_ENTRET,420792028.26000005,Entretenimento
2024-12-31,TAB_II_D4_VL_ENTRET,477216546.19,Entretenimento
2025-12-31,TAB_II_D4_VL_ENTRET,375552974.35,Entretenimento
2026-06-30,TAB_II_D4_VL_ENTRET,225809236.18,Entretenimento
2013-12-31,TAB_II_E_VL_AGRONEG,1381474559.24,Agronegócio
2014-12-31,TAB_II_E_VL_AGRONEG,1687280325.0200002,Agronegócio
2015-12-31,TAB_II_E_VL_AGRONEG,1367000694.5500002,Agronegócio
2016-12-31,TAB_II_E_VL_AGRONEG,544130650.6,Agronegócio
2017-12-31,TAB_II_E_VL_AGRONEG,449326948.33,Agronegócio
2018-12-31,TAB_II_E_VL_AGRONEG,880281850.0300001,Agronegócio
2019-12-31,TAB_II_E_VL_AGRONEG,10265874029.659998,Agronegócio
2020-12-31,TAB_II_E_VL_AGRONEG,12237558067.89,Agronegócio
2021-12-31,TAB_II_E_VL_AGRONEG,6961481478.330001,Agronegócio
2022-12-31,TAB_II_E_VL_AGRONEG,13803802482.569996,Agronegócio
2023-12-31,TAB_II_E_VL_AGRONEG,14243263323.520006,Agronegócio
2024-12-31,TAB_II_E_VL_AGRONEG,14238656331.789995,Agronegócio
2025-12-31,TAB_II_E_VL_AGRONEG,10294932658.199991,Agronegócio
2026-06-30,TAB_II_E_VL_AGRONEG,9115117071.169996,Agronegócio
2013-12-31,TAB_II_F1_VL_CRED_PESSOA,2062781441.59,Crédito Pessoal
2014-12-31,TAB_II_F1_VL_CRED_PESSOA,1407855675.8400002,Crédito Pessoal
2015-12-31,TAB_II_F1_VL_CRED_PESSOA,731575716.5,Crédito Pessoal
2016-12-31,TAB_II_F1_VL_CRED_PESSOA,216517094.19,Crédito Pessoal
2017-12-31,TAB_II_F1_VL_CRED_PESSOA,0.0,Crédito Pessoal
2018-12-31,TAB_II_F1_VL_CRED_PESSOA,481428336.93,Crédito Pessoal
2019-12-31,TAB_II_F1_VL_CRED_PESSOA,884300886.42,Crédito Pessoal
2020-12-31,TAB_II_F1_VL_CRED_PESSOA,425742096.62,Crédito Pessoal
2021-12-31,TAB_II_F1_VL_CRED_PESSOA,347613449.08000004,Crédito Pessoal
2022-12-31,TAB_II_F1_VL_CRED_PESSOA,2068266204.4899998,Crédito Pessoal
2023-12-31,TAB_II_F1_VL_CRED_PESSOA,5703371231.250001,Crédito Pessoal
2024-12-31,TAB_II_F1_VL_CRED_PESSOA,10418973241.679998,Crédito Pessoal
2025-12-31,TAB_II_F1_VL_CRED_PESSOA,21597779824.530006,Crédito Pessoal
2026-06-30,TAB_II_F1_VL_CRED_PESSOA,30529868039.139996,Crédito Pessoal
2013-12-31,TAB_II_F2_VL_CRED_PESSOA_CONSIG,7478863307.920001,Crédito Consignado
2014-12-31,TAB_II_F2_VL_CRED_PESSOA_CONSIG,3273304421.39,Crédito Consignado
2015-12-31,TAB_II_F2_VL_CRED_PESSOA_CONSIG,4167391998.12,Crédito Consignado
2016-12-31,TAB_II_F2_VL_CRED_PESSOA_CONSIG,2591278923.23,Crédito Consignado
2017-12-31,TAB_II_F2_VL_CRED_PESSOA_CONSIG,3134299617.5699997,Crédito Consignado
2018-12-31,TAB_II_F2_VL_CRED_PESSOA_CONSIG,5301336812.189999,Crédito Consignado
2019-12-31,TAB_II_F2_VL_CRED_PESSOA_CONSIG,5767593101.430001,Crédito Consignado
2020-12-31,TAB_II_F2_VL_CRED_PESSOA_CONSIG,8508421205.320001,Crédito Consignado
2021-12-31,TAB_II_F2_VL_CRED_PESSOA_CONSIG,8106293540.240001,Crédito Consignado
2022-12-31,TAB_II_F2_VL_CRED_PESSOA_CONSIG,7492700330.719997,Crédito Consignado
2023-12-31,TAB_II_F2_VL_CRED_PESSOA_CONSIG,7798476251.969999,Crédito Consignado
2024-12-31,TAB_II_F2_VL_CRED_PESSOA_CONSIG,8608866792.259998,Crédito Consignado
2025-12-31,TAB_II_F2_VL_CRED_PESSOA_CONSIG,14149699000.680002,Crédito Consignado
2026-06-30,TAB_II_F2_VL_CRED_PESSOA_CONSIG,31494002187.71,Crédito Consignado
2013-12-31,TAB_II_F3_VL_CRED_CORP,665659383.49,Crédito Corporativo
2014-12-31,TAB_II_F3_VL_CRED_CORP,1415061662.1799998,Crédito Corporativo
2015-12-31,TAB_II_F3_VL_CRED_CORP,1563627924.48,Crédito Corporativo
2016-12-31,TAB_II_F3_VL_CRED_CORP,1541788816.85,Crédito Corporativo
2017-12-31,TAB_II_F3_VL_CRED_CORP,2458697701.15,Crédito Corporativo
2018-12-31,TAB_II_F3_VL_CRED_CORP,2007940106.8999999,Crédito Corporativo
2019-12-31,TAB_II_F3_VL_CRED_CORP,2114965597.9799998,Crédito Corporativo
2020-12-31,TAB_II_F3_VL_CRED_CORP,5205450683.7699995,Crédito Corporativo
2021-12-31,TAB_II_F3_VL_CRED_CORP,2529249871.7000003,Crédito Corporativo
2022-12-31,TAB_II_F3_VL_CRED_CORP,2275315243.29,Crédito Corporativo
2023-12-31,TAB_II_F3_VL_CRED_CORP,6431004098.349999,Crédito Corporativo
2024-12-31,TAB_II_F3_VL_CRED_CORP,4952624031.999999,Crédito Corporativo
2025-12-31,TAB_II_F3_VL_CRED_CORP,7525737787.809997,Crédito Corporativo
2026-06-30,TAB_II_F3_VL_CRED_CORP,32561439225.909992,Crédito Corporativo
2013-12-31,TAB_II_F4_VL_MIDMARKET,1070278519.8,Middle Market
2014-12-31,TAB_II_F4_VL_MIDMARKET,885918438.4300001,Middle Market
2015-12-31,TAB_II_F4_VL_MIDMARKET,1362031211.9299998,Middle Market
2016-12-31,TAB_II_F4_VL_MIDMARKET,791855266.41,Middle Market
2017-12-31,TAB_II_F4_VL_MIDMARKET,380377250.24,Middle Market
2018-12-31,TAB_II_F4_VL_MIDMARKET,1009597723.89,Middle Market
2019-12-31,TAB_II_F4_VL_MIDMARKET,871579684.89,Middle Market
2020-12-31,TAB_II_F4_VL_MIDMARKET,865408686.92,Middle Market
2021-12-31,TAB_II_F4_VL_MIDMARKET,879168395.68,Middle Market
2022-12-31,TAB_II_F4_VL_MIDMARKET,819814543.16,Middle Market
2023-12-31,TAB_II_F4_VL_MIDMARKET,780843251.5399998,Middle Market
2024-12-31,TAB_II_F4_VL_MIDMARKET,802898825.73,Middle Market
2025-12-31,TAB_II_F4_VL_MIDMARKET,747242589.53,Middle Market
2026-06-30,TAB_II_F4_VL_MIDMARKET,738287387.5,Middle Market
2013-12-31,TAB_II_F5_VL_VEICULO,7816556010.170001,Veículos
2014-12-31,TAB_II_F5_VL_VEICULO,5933387375.650001,Veículos
2015-12-31,TAB_II_F5_VL_VEICULO,5459418512.9,Veículos
2016-12-31,TAB_II_F5_VL_VEICULO,3465277800.7400002,Veículos
2017-12-31,TAB_II_F5_VL_VEICULO,2081360818.7399998,Veículos
2018-12-31,TAB_II_F5_VL_VEICULO,2376481745.99,Veículos
2019-12-31,TAB_II_F5_VL_VEICULO,810102090.4399999,Veículos
2020-12-31,TAB_II_F5_VL_VEICULO,370049119.91999996,Veículos
2021-12-31,TAB_II_F5_VL_VEICULO,2848840104.71,Veículos
2022-12-31,TAB_II_F5_VL_VEICULO,4302984601.190001,Veículos
2023-12-31,TAB_II_F5_VL_VEICULO,1583192050.3500001,Veículos
2024-12-31,TAB_II_F5_VL_VEICULO,892428458.41,Veículos
2025-12-31,TAB_II_F5_VL_VEICULO,1880513237.52,Veículos
2026-06-30,TAB_II_F5_VL_VEICULO,3753393254.75,Veículos
2013-12-31,TAB_II_F6_VL_IMOBIL_EMPRESA,291258181.13,Carteira Imobiliária Empresarial (financeiro)
2014-12-31,TAB_II_F6_VL_IMOBIL_EMPRESA,383028662.91,Carteira Imobiliária Empresarial (financeiro)
2015-12-31,TAB_II_F6_VL_IMOBIL_EMPRESA,321102229.18,Carteira Imobiliária Empresarial (financeiro)
2016-12-31,TAB_II_F6_VL_IMOBIL_EMPRESA,408853370.64,Carteira Imobiliária Empresarial (financeiro)
2017-12-31,TAB_II_F6_VL_IMOBIL_EMPRESA,649539142.29,Carteira Imobiliária Empresarial (financeiro)
2018-12-31,TAB_II_F6_VL_IMOBIL_EMPRESA,343097338.27,Carteira Imobiliária Empresarial (financeiro)
2019-12-31,TAB_II_F6_VL_IMOBIL_EMPRESA,110809051.56,Carteira Imobiliária Empresarial (financeiro)
2020-12-31,TAB_II_F6_VL_IMOBIL_EMPRESA,88101764.75,Carteira Imobiliária Empresarial (financeiro)
2021-12-31,TAB_II_F6_VL_IMOBIL_EMPRESA,220529306.06,Carteira Imobiliária Empresarial (financeiro)
2022-12-31,TAB_II_F6_VL_IMOBIL_EMPRESA,353396109.55,Carteira Imobiliária Empresarial (financeiro)
2023-12-31,TAB_II_F6_VL_IMOBIL_EMPRESA,381942978.21999997,Carteira Imobiliária Empresarial (financeiro)
2024-12-31,TAB_II_F6_VL_IMOBIL_EMPRESA,349165790.73,Carteira Imobiliária Empresarial (financeiro)
2025-12-31,TAB_II_F6_VL_IMOBIL_EMPRESA,354419337.61,Carteira Imobiliária Empresarial (financeiro)
2026-06-30,TAB_II_F6_VL_IMOBIL_EMPRESA,327859983.44,Carteira Imobiliária Empresarial (financeiro)
2013-12-31,TAB_II_F7_VL_IMOBIL_RESID,574547429.38,Carteira Imobiliária Residencial (financeiro)
2014-12-31,TAB_II_F7_VL_IMOBIL_RESID,466124657.43,Carteira Imobiliária Residencial (financeiro)
2015-12-31,TAB_II_F7_VL_IMOBIL_RESID,728861281.8800001,Carteira Imobiliária Residencial (financeiro)
2016-12-31,TAB_II_F7_VL_IMOBIL_RESID,699764591.99,Carteira Imobiliária Residencial (financeiro)
2017-12-31,TAB_II_F7_VL_IMOBIL_RESID,459915611.66999996,Carteira Imobiliária Residencial (financeiro)
2018-12-31,TAB_II_F7_VL_IMOBIL_RESID,372295707.01,Carteira Imobiliária Residencial (financeiro)
2019-12-31,TAB_II_F7_VL_IMOBIL_RESID,430051431.49000007,Carteira Imobiliária Residencial (financeiro)
2020-12-31,TAB_II_F7_VL_IMOBIL_RESID,458283446.4499999,Carteira Imobiliária Residencial (financeiro)
2021-12-31,TAB_II_F7_VL_IMOBIL_RESID,469666147.63000005,Carteira Imobiliária Residencial (financeiro)
2022-12-31,TAB_II_F7_VL_IMOBIL_RESID,353490468.13,Carteira Imobiliária Residencial (financeiro)
2023-12-31,TAB_II_F7_VL_IMOBIL_RESID,338310971.62,Carteira Imobiliária Residencial (financeiro)
2024-12-31,TAB_II_F7_VL_IMOBIL_RESID,385856266.61,Carteira Imobiliária Residencial (financeiro)
2025-12-31,TAB_II_F7_VL_IMOBIL_RESID,259752519.83,Carteira Imobiliária Residencial (financeiro)
2026-06-30,TAB_II_F7_VL_IMOBIL_RESID,259752519.83,Carteira Imobiliária Residencial (financeiro)
2013-12-31,TAB_II_F8_VL_OUTRO,2757707383.7,Financeiro - Outros
2014-12-31,TAB_II_F8_VL_OUTRO,5511800924.420001,Financeiro - Outros
2015-12-31,TAB_II_F8_VL_OUTRO,4585773434.439999,Financeiro - Outros
2016-12-31,TAB_II_F8_VL_OUTRO,4374977993.909998,Financeiro - Outros
2017-12-31,TAB_II_F8_VL_OUTRO,7022967492.719999,Financeiro - Outros
2018-12-31,TAB_II_F8_VL_OUTRO,10597402228.730005,Financeiro - Outros
2019-12-31,TAB_II_F8_VL_OUTRO,16317049092.730007,Financeiro - Outros
2020-12-31,TAB_II_F8_VL_OUTRO,29964855515.38001,Financeiro - Outros
2021-12-31,TAB_II_F8_VL_OUTRO,45138224468.57002,Financeiro - Outros
2022-12-31,TAB_II_F8_VL_OUTRO,79976376176.36006,Financeiro - Outros
2023-12-31,TAB_II_F8_VL_OUTRO,95201167059.49998,Financeiro - Outros
2024-12-31,TAB_II_F8_VL_OUTRO,153076450679.22974,Financeiro - Outros
2025-12-31,TAB_II_F8_VL_OUTRO,209556342640.79013,Financeiro - Outros
2026-06-30,TAB_II_F8_VL_OUTRO,250805965775.7902,Financeiro - Outros
2013-12-31,TAB_II_G_VL_CREDITO,674442223.25,Cartão de Crédito
2014-12-31,TAB_II_G_VL_CREDITO,971111137.8299999,Cartão de Crédito
2015-12-31,TAB_II_G_VL_CREDITO,920307897.02,Cartão de Crédito
2016-12-31,TAB_II_G_VL_CREDITO,9389797057.9,Cartão de Crédito
2017-12-31,TAB_II_G_VL_CREDITO,13469450119.710003,Cartão de Crédito
2018-12-31,TAB_II_G_VL_CREDITO,17049042244.8,Cartão de Crédito
2019-12-31,TAB_II_G_VL_CREDITO,24583225496.830006,Cartão de Crédito
2020-12-31,TAB_II_G_VL_CREDITO,27354699363.749996,Cartão de Crédito
2021-12-31,TAB_II_G_VL_CREDITO,41261579073.30999,Cartão de Crédito
2022-12-31,TAB_II_G_VL_CREDITO,58136336951.26003,Cartão de Crédito
2023-12-31,TAB_II_G_VL_CREDITO,77904425321.95003,Cartão de Crédito
2024-12-31,TAB_II_G_VL_CREDITO,82142839945.45,Cartão de Crédito
2025-12-31,TAB_II_G_VL_CREDITO,75725056035.89,Cartão de Crédito
2026-06-30,TAB_II_G_VL_CREDITO,78589843711.39001,Cartão de Crédito
2013-12-31,TAB_II_H1_VL_PESSOA,367065620.67,Factoring Pessoal
2014-12-31,TAB_II_H1_VL_PESSOA,36362590.33,Factoring Pessoal
2015-12-31,TAB_II_H1_VL_PESSOA,40460678.989999995,Factoring Pessoal
2016-12-31,TAB_II_H1_VL_PESSOA,48205644.43,Factoring Pessoal
2017-12-31,TAB_II_H1_VL_PESSOA,54658427.69,Factoring Pessoal
2018-12-31,TAB_II_H1_VL_PESSOA,56858292.28,Factoring Pessoal
2019-12-31,TAB_II_H1_VL_PESSOA,57894941.03,Factoring Pessoal
2020-12-31,TAB_II_H1_VL_PESSOA,63840474.71999999,Factoring Pessoal
2021-12-31,TAB_II_H1_VL_PESSOA,80576344.56,Factoring Pessoal
2022-12-31,TAB_II_H1_VL_PESSOA,91369585.86,Factoring Pessoal
2023-12-31,TAB_II_H1_VL_PESSOA,87601057.83,Factoring Pessoal
2024-12-31,TAB_II_H1_VL_PESSOA,117420338.48,Factoring Pessoal
2025-12-31,TAB_II_H1_VL_PESSOA,122233346.76,Factoring Pessoal
2026-06-30,TAB_II_H1_VL_PESSOA,0.0,Factoring Pessoal
2013-12-31,TAB_II_H2_VL_CORP,2908972426.01,Factoring Corporativo
2014-12-31,TAB_II_H2_VL_CORP,739944970.1900002,Factoring Corporativo
2015-12-31,TAB_II_H2_VL_CORP,114124079.39,Factoring Corporativo
2016-12-31,TAB_II_H2_VL_CORP,111841690.3,Factoring Corporativo
2017-12-31,TAB_II_H2_VL_CORP,97086960.49000001,Factoring Corporativo
2018-12-31,TAB_II_H2_VL_CORP,47052088.59,Factoring Corporativo
2019-12-31,TAB_II_H2_VL_CORP,1048156.97,Factoring Corporativo
2020-12-31,TAB_II_H2_VL_CORP,822576.39,Factoring Corporativo
2021-12-31,TAB_II_H2_VL_CORP,10027660.600000001,Factoring Corporativo
2022-12-31,TAB_II_H2_VL_CORP,44648003.85,Factoring Corporativo
2023-12-31,TAB_II_H2_VL_CORP,78402037.91,Factoring Corporativo
2024-12-31,TAB_II_H2_VL_CORP,44556140.98,Factoring Corporativo
2025-12-31,TAB_II_H2_VL_CORP,77717431.73,Factoring Corporativo
2026-06-30,TAB_II_H2_VL_CORP,95054204.86,Factoring Corporativo
2013-12-31,TAB_II_I1_VL_PRECAT,1557577688.44,Precatórios
2014-12-31,TAB_II_I1_VL_PRECAT,1940575386.1999998,Precatórios
2015-12-31,TAB_II_I1_VL_PRECAT,2775326441.74,Precatórios
2016-12-31,TAB_II_I1_VL_PRECAT,3567211031.1000004,Precatórios
2017-12-31,TAB_II_I1_VL_PRECAT,4899835512.85,Precatórios
2018-12-31,TAB_II_I1_VL_PRECAT,6201258224.429998,Precatórios
2019-12-31,TAB_II_I1_VL_PRECAT,6455144192.71,Precatórios
2020-12-31,TAB_II_I1_VL_PRECAT,9853779013.61,Precatórios
2021-12-31,TAB_II_I1_VL_PRECAT,12926134403.170004,Precatórios
2022-12-31,TAB_II_I1_VL_PRECAT,14796238369.68,Precatórios
2023-12-31,TAB_II_I1_VL_PRECAT,18853823001.61,Precatórios
2024-12-31,TAB_II_I1_VL_PRECAT,29327690458.89999,Precatórios
2025-12-31,TAB_II_I1_VL_PRECAT,31373008496.34002,Precatórios
2026-06-30,TAB_II_I1_VL_PRECAT,31374347556.340008,Precatórios
2013-12-31,TAB_II_I2_VL_TRIBUT,220418858.48,Créditos Tributários
2014-12-31,TAB_II_I2_VL_TRIBUT,0.0,Créditos Tributários
2015-12-31,TAB_II_I2_VL_TRIBUT,0.0,Créditos Tributários
2016-12-31,TAB_II_I2_VL_TRIBUT,0.0,Créditos Tributários
2017-12-31,TAB_II_I2_VL_TRIBUT,0.0,Créditos Tributários
2018-12-31,TAB_II_I2_VL_TRIBUT,0.0,Créditos Tributários
2019-12-31,TAB_II_I2_VL_TRIBUT,89424880.0,Créditos Tributários
2020-12-31,TAB_II_I2_VL_TRIBUT,194999071.37,Créditos Tributários
2021-12-31,TAB_II_I2_VL_TRIBUT,174012397.68,Créditos Tributários
2022-12-31,TAB_II_I2_VL_TRIBUT,156390355.79000002,Créditos Tributários
2023-12-31,TAB_II_I2_VL_TRIBUT,140355300.44,Créditos Tributários
2024-12-31,TAB_II_I2_VL_TRIBUT,73062798.85,Créditos Tributários
2025-12-31,TAB_II_I2_VL_TRIBUT,36576185.37,Créditos Tributários
2026-06-30,TAB_II_I2_VL_TRIBUT,46526413.14,Créditos Tributários
2013-12-31,TAB_II_I3_VL_ROYALTIES,0.0,Royalties
2014-12-31,TAB_II_I3_VL_ROYALTIES,0.0,Royalties
2015-12-31,TAB_II_I3_VL_ROYALTIES,0.0,Royalties
2016-12-31,TAB_II_I3_VL_ROYALTIES,0.0,Royalties
2017-12-31,TAB_II_I3_VL_ROYALTIES,0.0,Royalties
2018-12-31,TAB_II_I3_VL_ROYALTIES,0.0,Royalties
2019-12-31,TAB_II_I3_VL_ROYALTIES,0.0,Royalties
2020-12-31,TAB_II_I3_VL_ROYALTIES,0.0,Royalties
2021-12-31,TAB_II_I3_VL_ROYALTIES,0.0,Royalties
2022-12-31,TAB_II_I3_VL_ROYALTIES,0.0,Royalties
2023-12-31,TAB_II_I3_VL_ROYALTIES,0.0,Royalties
2024-12-31,TAB_II_I3_VL_ROYALTIES,0.0,Royalties
2025-12-31,TAB_II_I3_VL_ROYALTIES,0.0,Royalties
2026-06-30,TAB_II_I3_VL_ROYALTIES,4836706.73,Royalties
2013-12-31,TAB_II_I4_VL_OUTRO,21770666.07,Setor Público - Outros
2014-12-31,TAB_II_I4_VL_OUTRO,360330486.39,Setor Público - Outros
2015-12-31,TAB_II_I4_VL_OUTRO,34681465.07,Setor Público - Outros
2016-12-31,TAB_II_I4_VL_OUTRO,26151773.73,Setor Público - Outros
2017-12-31,TAB_II_I4_VL_OUTRO,0.0,Setor Público - Outros
2018-12-31,TAB_II_I4_VL_OUTRO,3001810.23,Setor Público - Outros
2019-12-31,TAB_II_I4_VL_OUTRO,0.0,Setor Público - Outros
2020-12-31,TAB_II_I4_VL_OUTRO,175469931.83,Setor Público - Outros
2021-12-31,TAB_II_I4_VL_OUTRO,420631770.94,Setor Público - Outros
2022-12-31,TAB_II_I4_VL_OUTRO,1019883782.86,Setor Público - Outros
2023-12-31,TAB_II_I4_VL_OUTRO,276142446.99,Setor Público - Outros
2024-12-31,TAB_II_I4_VL_OUTRO,2024410958.3700001,Setor Público - Outros
2025-12-31,TAB_II_I4_VL_OUTRO,3573671299.8699994,Setor Público - Outros
2026-06-30,TAB_II_I4_VL_OUTRO,3874322836.6399994,Setor Público - Outros
2013-12-31,TAB_II_J_VL_JUDICIAL,2767509854.4300003,Ações Judiciais
2014-12-31,TAB_II_J_VL_JUDICIAL,2633650189.3800006,Ações Judiciais
2015-12-31,TAB_II_J_VL_JUDICIAL,3429275790.06,Ações Judiciais
2016-12-31,TAB_II_J_VL_JUDICIAL,3403154377.2200003,Ações Judiciais
2017-12-31,TAB_II_J_VL_JUDICIAL,6599974480.540001,Ações Judiciais
2018-12-31,TAB_II_J_VL_JUDICIAL,4727824593.58,Ações Judiciais
2019-12-31,TAB_II_J_VL_JUDICIAL,6181477239.47,Ações Judiciais
2020-12-31,TAB_II_J_VL_JUDICIAL,6507326131.88,Ações Judiciais
2021-12-31,TAB_II_J_VL_JUDICIAL,12705807700.330004,Ações Judiciais
2022-12-31,TAB_II_J_VL_JUDICIAL,12724684731.969995,Ações Judiciais
2023-12-31,TAB_II_J_VL_JUDICIAL,26307150695.55001,Ações Judiciais
2024-12-31,TAB_II_J_VL_JUDICIAL,23703391507.829998,Ações Judiciais
2025-12-31,TAB_II_J_VL_JUDICIAL,29603214106.48,Ações Judiciais
2026-06-30,TAB_II_J_VL_JUDICIAL,30814858923.53001,Ações Judiciais
2013-12-31,TAB_II_K_VL_MARCA,0.0,Propriedade Intelectual/Marcas e Patentes
2014-12-31,TAB_II_K_VL_MARCA,0.0,Propriedade Intelectual/Marcas e Patentes
2015-12-31,TAB_II_K_VL_MARCA,0.0,Propriedade Intelectual/Marcas e Patentes
2016-12-31,TAB_II_K_VL_MARCA,0.0,Propriedade Intelectual/Marcas e Patentes
2017-12-31,TAB_II_K_VL_MARCA,0.0,Propriedade Intelectual/Marcas e Patentes
2018-12-31,TAB_II_K_VL_MARCA,0.0,Propriedade Intelectual/Marcas e Patentes
2019-12-31,TAB_II_K_VL_MARCA,0.0,Propriedade Intelectual/Marcas e Patentes
2020-12-31,TAB_II_K_VL_MARCA,0.0,Propriedade Intelectual/Marcas e Patentes
2021-12-31,TAB_II_K_VL_MARCA,7817238.62,Propriedade Intelectual/Marcas e Patentes
2022-12-31,TAB_II_K_VL_MARCA,7798005.96,Propriedade Intelectual/Marcas e Patentes
2023-12-31,TAB_II_K_VL_MARCA,0.0,Propriedade Intelectual/Marcas e Patentes
2024-12-31,TAB_II_K_VL_MARCA,0.0,Propriedade Intelectual/Marcas e Patentes
2025-12-31,TAB_II_K_VL_MARCA,0.0,Propriedade Intelectual/Marcas e Patentes
2026-06-30,TAB_II_K_VL_MARCA,0.0,Propriedade Intelectual/Marcas e Patentes
