CNPJ,DENOM_SOCIAL,TP_FUNDO_CLASSE,VL_PL,cnpj_admin,ADMIN,dc_total,situacao_registro
36886028000115,ALEPO FUNDO DE INVESTIMENTO EM DIREITOS CREDITÓRIOS NÃO PADRONIZADO,Classe,8843985004.68,34829992000186,CBSF DISTRIBUIDORA DE TÍTULOS E VALORES MOBILIÁRIOS S.A.,8857852576.13,Em Funcionamento Normal
53263761000100,ESPERANZA FUNDO DE INVESTIMENTO EM DIREITOS CREDITÓRIOS,Classe,8458862801.73,34829992000186,CBSF DISTRIBUIDORA DE TÍTULOS E VALORES MOBILIÁRIOS S.A.,4372111313.14,Em Funcionamento Normal
53216449000158,RIO VERMELHO FUNDO DE INVESTIMENTO EM DIREITOS CREDITÓRIOS NÃO PADRONIZADO,Classe,6390451812.87,34829992000186,CBSF DISTRIBUIDORA DE TÍTULOS E VALORES MOBILIÁRIOS S.A.,5818229352.77,Em Funcionamento Normal
42922136000107,FUNDO DE INVESTIMENTO EM DIREITOS CREDITÓRIOS MONEE I DE RESPONSABILIDADE LIMITADA,Classe,5751418460.99,62285390000140,QI CORRETORA DE TÍTULOS E VALORES MOBILIÁRIOS S.A.,5584036253.47,Em Funcionamento Normal
51152102000163,HIGH TOWER FUNDO DE INVESTIMENTO EM DIREITOS CREDITÓRIOS  NÃO-PADRONIZADOS,Classe,3967152720.03,34829992000186,CBSF DISTRIBUIDORA DE TÍTULOS E VALORES MOBILIÁRIOS S.A.,3945760299.59,Em Funcionamento Normal
51079269000146,CARNIVAL FUNDO DE INVESTIMENTO EM DIREITOS CREDITÓRIOS,Classe,3058107297.6,34829992000186,CBSF DISTRIBUIDORA DE TÍTULOS E VALORES MOBILIÁRIOS S.A.,2618802204.14,Em Funcionamento Normal
55344996000144,SCARLET FUNDO DE INVESTIMENTO EM DIREITOS CREDITÓRIOS NÃO-PADRONIZADOS,Classe,2711197599.31,34829992000186,CBSF DISTRIBUIDORA DE TÍTULOS E VALORES MOBILIÁRIOS S.A.,1734003478.96,Em Funcionamento Normal
57719370000109,RSG FUNDO DE INVESTIMENTO EM DIREITOS CREDITÓRIOS,Classe,2140596574.92,02671743000119,BANVOX DISTRIBUIDORA DE TITULOS E VALORES MOBILIARIOS LTDA,2143000000.0,Em Funcionamento Normal
41776416000183,RHODONITE FUNDO DE INVESTIMENTO EM DIREITOS CREDITÓRIOS NÃO-PADRONIZADOS,Classe,1881917745.61,34829992000186,CBSF DISTRIBUIDORA DE TÍTULOS E VALORES MOBILIÁRIOS S.A.,3421710.0,Em Funcionamento Normal
34081900000122,GOLD STYLE FUNDO DE INVESTIMENTO EM DIREITO CREDITÓRIO NÃO PADRONIZADO,Classe,1865513705.6,34829992000186,CBSF DISTRIBUIDORA DE TÍTULOS E VALORES MOBILIÁRIOS S.A.,978401838.5,Em Funcionamento Normal
56045805000106,BB CLAIM FUNDO DE INVESTIMENTO EM DIREITOS CREDITÓRIOS NÃO PADRONIZADOS,Classe,1800810921.71,34829992000186,CBSF DISTRIBUIDORA DE TÍTULOS E VALORES MOBILIÁRIOS S.A.,0.0,Em Funcionamento Normal
46879223000171,GOLDEN BRIDGE FUNDO DE INVESTIMENTO EM DIREITOS CREDITORIOS NAO PADRONIZADOS,Classe,1299037542.35,34829992000186,CBSF DISTRIBUIDORA DE TÍTULOS E VALORES MOBILIÁRIOS S.A.,1300000000.0,Em Funcionamento Normal
63465818000108,FUNDO DE INVESTIMENTO EM DIREITOS CREDITÓRIOS NAGOYA - RESPONSABILIDADE LIMITADA,Classe,1245855236.41,02671743000119,BANVOX DISTRIBUIDORA DE TITULOS E VALORES MOBILIARIOS LTDA,1245987236.41,Em Funcionamento Normal
48357568000190,CIB-K FUNDO DE INVESTIMENTO EM DIREITOS CREDITÓRIOS NÃO PADRONIZADOS,Classe,1217072890.67,34829992000186,CBSF DISTRIBUIDORA DE TÍTULOS E VALORES MOBILIÁRIOS S.A.,952564321.3,Em Funcionamento Normal
53313856000183,RAIKKONEN FUNDO DE INVESTIMENTO EM DIREITOS CREDITÓRIOS,Classe,836729263.29,34829992000186,CBSF DISTRIBUIDORA DE TÍTULOS E VALORES MOBILIÁRIOS S.A.,836866884.62,Em Liquidação
50314076000160,AZO FUNDO DE INVESTIMENTO EM DIREITOS CREDITÓRIOS NÃO-PADRONIZADO,Classe,802801274.96,34829992000186,CBSF DISTRIBUIDORA DE TÍTULOS E VALORES MOBILIÁRIOS S.A.,0.0,Em Funcionamento Normal
29986319000110,KINEA VÉRTICE FUNDO DE INVESTIMENTO EM DIREITOS CREDITÓRIOS ABERTO RESPONSABILIDADE LIMITADA,Classe,771314631.91,62418140000131,INTRAG DTVM LTDA.,419155026.27,Em Funcionamento Normal
25382606000160,URA FIAGRO RESPONSABILIDADE LIMITADA,Classe,655903885.92,62285390000140,QI CORRETORA DE TÍTULOS E VALORES MOBILIÁRIOS S.A.,533327289.23,Em Funcionamento Normal
54372427000140,REDVECO CASH FUNDO DE INVESTIMENTO EM DIREITOS CREDITÓRIOS NÃO PADRONIZADOS,Classe,622863321.97,33886862000112,"MASTER S/A CORRETORA DE CAMBIO, TITULOS E VALORES MOBILIARIOS",622881733.35,Em Liquidação
54373367000180,REVEE CASH FUNDO DE INVESTIMENTO EM DIREITOS CREDITÓRIOS NÃO PADRONIZADOS,Classe,618455975.64,33886862000112,"MASTER S/A CORRETORA DE CAMBIO, TITULOS E VALORES MOBILIARIOS",581698515.9,Em Liquidação
51168507000190,AJAX FUNDO DE INVESTIMENTO EM DIREITOS CREDITORIOS,Classe,602257092.18,33886862000112,"MASTER S/A CORRETORA DE CAMBIO, TITULOS E VALORES MOBILIARIOS",602480143.77,Em Liquidação
55898077000112,TITÂNIA FUNDO DE INVESTIMENTO EM DIREITOS CREDITÓRIOS,Classe,586903904.55,33886862000112,"MASTER S/A CORRETORA DE CAMBIO, TITULOS E VALORES MOBILIARIOS",587050067.75,Em Liquidação
53212022000181,BALDER FUNDO DE INVESTIMENTO EM DIREITOS CREDITÓRIOS,Classe,585626339.06,33886862000112,"MASTER S/A CORRETORA DE CAMBIO, TITULOS E VALORES MOBILIARIOS",585770457.94,Em Liquidação
53206400000114,CENTAURI FUNDO DE INVESTIMENTO EM DIREITOS CREDITÓRIOS,Classe,584188967.01,33886862000112,"MASTER S/A CORRETORA DE CAMBIO, TITULOS E VALORES MOBILIARIOS",584319845.61,Em Liquidação
55347951000123,MUGELLO FUNDO DE INVESTIMENTO EM DIREITOS CREDITÓRIOS,Classe,552588213.2,33886862000112,"MASTER S/A CORRETORA DE CAMBIO, TITULOS E VALORES MOBILIARIOS",552797882.85,Em Liquidação
54427427000108,FUNDO DE INVESTIMENTO EM DIREITOS CREDITÓRIOS VOITER CONSIGNADO II - RESPONSABILIDADE LIMITADA,Classe,544689767.38,02671743000119,BANVOX DISTRIBUIDORA DE TITULOS E VALORES MOBILIARIOS LTDA,247760224.2,Em Funcionamento Normal
49124193000181,MTPAR FUNDO DE INVESTIMENTO EM DIREITOS CREDITÓRIOS  NÃO-PADRONIZADO,Classe,448998804.3,34829992000186,CBSF DISTRIBUIDORA DE TÍTULOS E VALORES MOBILIÁRIOS S.A.,447834399.17,Em Funcionamento Normal
58152340000118,MONEE II FUNDO DE INVESTIMENTO EM DIREITOS CREDITÓRIOS SEGMENTO FINANCEIRO - RESP. LIMITADA,Classe,442213717.89,62285390000140,QI CORRETORA DE TÍTULOS E VALORES MOBILIÁRIOS S.A.,418207518.86,Em Funcionamento Normal
27771731000197,FUNDO DE INVESTIMENTO EM DIREITOS CREDITORIOS XPCE V,Classe,388134717.51,45246410000155,BANCO GENIAL S.A.,327859983.44,Em Funcionamento Normal
42336323000109,CERES CONFINA FIAGRO RESPONSABILIDADE LIMITADA,Classe,388016649.48,62285390000140,QI CORRETORA DE TÍTULOS E VALORES MOBILIÁRIOS S.A.,347969460.70000005,Em Funcionamento Normal
52967434000169,LEGACY FUNDO DE INVESTIMENTO EM DIREITOS CREDITÓRIOS,Classe,387666560.82,34829992000186,CBSF DISTRIBUIDORA DE TÍTULOS E VALORES MOBILIÁRIOS S.A.,387773432.45,Em Funcionamento Normal
52609670000103,IRÍDIO FUNDO DE INVESTIMENTO EM DIREITOS CREDITÓRIOS,Classe,375248099.18,34829992000186,CBSF DISTRIBUIDORA DE TÍTULOS E VALORES MOBILIÁRIOS S.A.,375361364.88,Em Liquidação
22945880000101,REAG SPECIAL SITUATION FUNDO DE INVESTIMENTO EM DIREITOS CREDITÓRIOS ABERTO,Classe,373294620.65,34829992000186,CBSF DISTRIBUIDORA DE TÍTULOS E VALORES MOBILIÁRIOS S.A.,67860585.0,Em Funcionamento Normal
53415069000142,VIRAGE FUNDO DE INVESTIMENTO EM DIREITOS CREDITÓRIOS,Classe,354866009.84,34829992000186,CBSF DISTRIBUIDORA DE TÍTULOS E VALORES MOBILIÁRIOS S.A.,355009108.46,Em Liquidação
54153227000104,FLYNN FUNDO DE INVESTIMENTO EM DIREITOS CREDITÓRIOS,Classe,350412098.49,34829992000186,CBSF DISTRIBUIDORA DE TÍTULOS E VALORES MOBILIÁRIOS S.A.,350529703.66,Em Liquidação
34218393000126,AGL FUNDO DE INVESTIMENTO EM DIREITOS CREDITORIOS,Classe,349488078.88,44782130000107,ACTUAL DISTRIBUIDORA DE TITULOS E VALORES MOBILIARIOS S.A.,281701904.89,Em Funcionamento Normal
51007736000122,LOGAN FUNDO DE INVESTIMENTO EM DIREITOS CREDITÓRIOS,Classe,347366604.4,34829992000186,CBSF DISTRIBUIDORA DE TÍTULOS E VALORES MOBILIÁRIOS S.A.,347483518.48,Em Liquidação
57269975000137,TERPSÍCORE FUNDO DE INVESTIMENTO EM DIREITOS CREDITÓRIOS,Classe,340747869.5,34829992000186,CBSF DISTRIBUIDORA DE TÍTULOS E VALORES MOBILIÁRIOS S.A.,340888108.51,Em Liquidação
50182107000176,TIGER FUNDO DE INVESTIMENTO EM DIREITOS CREDITÓRIOS  NÃO-PADRONIZADO,Classe,340699635.16,34829992000186,CBSF DISTRIBUIDORA DE TÍTULOS E VALORES MOBILIÁRIOS S.A.,258906336.0,Em Funcionamento Normal
51151251000108,RINDT FUNDO DE INVESTIMENTO EM DIREITOS CREDITÓRIOS,Classe,340029415.92,34829992000186,CBSF DISTRIBUIDORA DE TÍTULOS E VALORES MOBILIÁRIOS S.A.,340173562.76,Em Liquidação
54332890000168,XENON FUNDO DE INVESTIMENTO EM DIREITOS CREDITÓRIOS NÃO PADRONIZADOS,Classe,325645774.42,34829992000186,CBSF DISTRIBUIDORA DE TÍTULOS E VALORES MOBILIÁRIOS S.A.,325786224.52,Em Liquidação
53262924000122,VERZEKERING FUNDO DE INVESTIMENTO EM DIREITOS CREDITÓRIOS,Classe,325638947.93,34829992000186,CBSF DISTRIBUIDORA DE TÍTULOS E VALORES MOBILIÁRIOS S.A.,325777141.49,Em Liquidação
51660739000160,RUNEARD FUNDO DE INVESTIMENTO EM DIREITOS CREDITÓRIOS  NÃO-PADRONIZADOS,Classe,309209260.21,34829992000186,CBSF DISTRIBUIDORA DE TÍTULOS E VALORES MOBILIÁRIOS S.A.,360844519.43,Em Funcionamento Normal
55823114000123,MANSELL FUNDO DE INVESTIMENTO EM DIREITOS CREDITÓRIOS,Classe,307087718.71,34829992000186,CBSF DISTRIBUIDORA DE TÍTULOS E VALORES MOBILIÁRIOS S.A.,307213925.42,Em Liquidação
56945961000123,VANTAGE FUNDO DE INVESTIMENTO EM DIREITOS CREDITÓRIOS,Classe,301651532.94,34829992000186,CBSF DISTRIBUIDORA DE TÍTULOS E VALORES MOBILIÁRIOS S.A.,301781791.2,Em Liquidação
55711612000184,TARTUS FUNDO DE INVESTIMENTO EM DIREITOS CREDITÓRIOS NÃO PADRONIZADOS,Classe,290545441.76,34829992000186,CBSF DISTRIBUIDORA DE TÍTULOS E VALORES MOBILIÁRIOS S.A.,0.0,Em Funcionamento Normal
53848060000125,QUORRA FUNDO DE INVESTIMENTO EM DIREITOS CREDITÓRIOS,Classe,290123577.84,34829992000186,CBSF DISTRIBUIDORA DE TÍTULOS E VALORES MOBILIÁRIOS S.A.,290156274.3,Em Liquidação
58476520000155,BRADESCO FARMTECH PLUS - FUNDO DE INVESTIMENTO NAS CADEIAS PRODUTIVAS DO AGRONEGÓCIO - RESP LTDA,Classe,288572745.95,36113876000191,OLIVEIRA TRUST DTVM S.A.,185770178.41,Em Funcionamento Normal
58055083000104,MIDIAN FUNDO DE INVESTIMENTO EM DIREITOS CREDITÓRIOS - RESPONSABILIDADE LIMITADA,Classe,272445948.05,02671743000119,BANVOX DISTRIBUIDORA DE TITULOS E VALORES MOBILIARIOS LTDA,263679394.03,Em Funcionamento Normal
60617666000115,BETEL FUNDO DE INVESTIMENTO EM DIREITOS CREDITÓRIOS,Classe,271061173.93,34829992000186,CBSF DISTRIBUIDORA DE TÍTULOS E VALORES MOBILIÁRIOS S.A.,270918000.0,Em Funcionamento Normal
57268846000124,FANGIO FUNDO DE  INVESTIMENTO EM DIREITOS CREDITÓRIOS,Classe,268178931.02,34829992000186,CBSF DISTRIBUIDORA DE TÍTULOS E VALORES MOBILIÁRIOS S.A.,268311076.94,Em Liquidação
54349373000100,NORFOLK FUNDO DE INVESTIMENTO EM DIREITOS CREDITÓRIOS,Classe,266346654.9,34829992000186,CBSF DISTRIBUIDORA DE TÍTULOS E VALORES MOBILIÁRIOS S.A.,266475026.87,Em Liquidação
46767226000113,GUARDIAN MULTI CONSIGNADO I FUNDO DE INVESTIMENTO EM DIREITOS CREDITÓRIOS,Classe,258668615.04,02671743000119,BANVOX DISTRIBUIDORA DE TITULOS E VALORES MOBILIARIOS LTDA,251535808.11,Em Funcionamento Normal
50452371000182,DEL REY FUNDO DE INVESTIMENTO EM DIREITOS CREDITÓRIOS NÃO-PADRONIZADO,Classe,256764750.13,34829992000186,CBSF DISTRIBUIDORA DE TÍTULOS E VALORES MOBILIÁRIOS S.A.,263670552.0,Em Funcionamento Normal
37351013000115,CS FUNDO DE INVESTIMENTO EM DIREITOS CREDITORIOS,Classe,227416423.7,44782130000107,ACTUAL DISTRIBUIDORA DE TITULOS E VALORES MOBILIARIOS S.A.,198498540.04,Em Funcionamento Normal
25167283000191,KRIPTA FUNDO DE INVESTIMENTO EM DIREITOS CREDITÓRIOS,Classe,191330728.55,44782130000107,ACTUAL DISTRIBUIDORA DE TITULOS E VALORES MOBILIARIOS S.A.,85614414.03,Em Funcionamento Normal
58557938000197,JVD FUNDO DE INVESTIMENTO EM DIREITOS CREDITORIOS,Classe,171957404.18,44782130000107,ACTUAL DISTRIBUIDORA DE TITULOS E VALORES MOBILIARIOS S.A.,158022278.03,Em Funcionamento Normal
54837785000180,CELOSIA FUNDO DE INVESTIMENTO EM DIREITOS CREDITÓRIOS RESPONSABILIDADE LIMITADA,Classe,170441347.34,02671743000119,BANVOX DISTRIBUIDORA DE TITULOS E VALORES MOBILIARIOS LTDA,173721758.77,Em Funcionamento Normal
51752029000160,LATACHE LEGAL CLAIMS FUNDO DE INVESTIMENTO EM DIREITOS  CREDITÓRIOS NÃO-PADRONIZADO,Classe,157358617.21,34829992000186,CBSF DISTRIBUIDORA DE TÍTULOS E VALORES MOBILIÁRIOS S.A.,78083385.53,Em Funcionamento Normal
51606193000160,LATACHE LEGAL CLAIMS FIC DE FUNDO DE INVESTIMENTO EM DIREITOS CREDITORIOS NÃO PADRONIZADOS,Classe,155058530.08,34829992000186,CBSF DISTRIBUIDORA DE TÍTULOS E VALORES MOBILIÁRIOS S.A.,0.0,Em Funcionamento Normal
26207801000116,AQUIRAZ FIC DE FUNDOS DE INVESTIMENTO EM DIREITOS CREDITORIOS MULTISSETORIAL,Classe,150614162.77,62285390000140,QI CORRETORA DE TÍTULOS E VALORES MOBILIÁRIOS S.A.,0.0,Em Funcionamento Normal
54501301000128,URANO FUNDO DE INVESTIMENTOS EM DIREITOS CREDITÓRIOS,Classe,149657583.31,34829992000186,CBSF DISTRIBUIDORA DE TÍTULOS E VALORES MOBILIÁRIOS S.A.,149781221.98,Em Liquidação
45703190000141,SSA FUNDO DE INVESTIMENTO EM DIREITO CREDITÓRIO NÃO PADRONIZADO,Classe,146882997.02,34829992000186,CBSF DISTRIBUIDORA DE TÍTULOS E VALORES MOBILIÁRIOS S.A.,543527012.2,Em Funcionamento Normal
48946018000107,MAUÁ SANEAMENTO III FUNDO DE INVESTIMENTO EM DIREITOS CREDITÓRIOS - RESPONSABILIDADE LIMITADA,Classe,140422725.77,36864992000142,APEX DISTRIBUIDORA DE TÍTULOS E VALORES MOBILIÁRIOS S.A.,134146231.99,Em Funcionamento Normal
53942359000144,MENESTYS IV FUNDO DE INVESTIMENTO EM COTAS DE FUNDO DE INVESTIMENTO EM DIREITOS CREDITÓRIOS,Classe,137824616.9,24361690000172,LIMINE TRUST DISTRIBUIDORA DE TITULOS E VALORES MOBILIARIOS LTDA.,0.0,Em Funcionamento Normal
50115378000109,GUARDIAN MULTI CONSIGNADO II FUNDO DE INVESTIMENTO EM DIREITOS CREDITÓRIOS,Classe,127554295.01,02671743000119,BANVOX DISTRIBUIDORA DE TITULOS E VALORES MOBILIARIOS LTDA,124654607.97,Em Funcionamento Normal
54950304000149,VENTURE FINANCE FUNDO DE INVESTIMENTO EM DIREITOS CREDITÓRIOS,Classe,114139731.96,34829992000186,CBSF DISTRIBUIDORA DE TÍTULOS E VALORES MOBILIÁRIOS S.A.,116102328.79,Em Funcionamento Normal
41673465000190,HILL FUNDO DE INVESTIMENTO EM DIREITOS CREDITÓRIOS NÃO PADRONIZADOS,Classe,113834300.28,34829992000186,CBSF DISTRIBUIDORA DE TÍTULOS E VALORES MOBILIÁRIOS S.A.,113972521.02,Em Liquidação
43444545000108,OMEGA FUNDO DE INVESTIMENTO EM DIREITOS CREDITÓRIOS NP RESPONSABILIDADE LIMITADA,Classe,104809770.54,02671743000119,BANVOX DISTRIBUIDORA DE TITULOS E VALORES MOBILIARIOS LTDA,102201495.0,Em Funcionamento Normal
13776087000135,V4 FIDC NP - AÇÕES JUDICIAIS,Classe,100171973.48,62285390000140,QI CORRETORA DE TÍTULOS E VALORES MOBILIÁRIOS S.A.,76927262.37,Em Funcionamento Normal
52609463000159,STARK FUNDO DE INVESTIMENTO EM DIREITOS CREDITÓRIOS,Classe,98898451.15,34829992000186,CBSF DISTRIBUIDORA DE TÍTULOS E VALORES MOBILIÁRIOS S.A.,99037383.18,Em Liquidação
33512746000133,FUNDO DE INVESTIMENTO EM DIREITOS CREDITÓRIOS BRZ CAPITAL CONSIG I RESPONSABILIDADE LIMITADA,Classe,97994599.11,02671743000119,BANVOX DISTRIBUIDORA DE TITULOS E VALORES MOBILIARIOS LTDA,97657772.17,Em Funcionamento Normal
32528203000141,FUNDO DE INVESTIMENTO EM DIREITOS CREDITÓRIOS EV CONSIGNADO FEDERAL II (F2),Classe,94061570.6,02671743000119,BANVOX DISTRIBUIDORA DE TITULOS E VALORES MOBILIARIOS LTDA,86870928.11,Em Funcionamento Normal
26758072000196,FUNDO DE INVESTIMENTO EM DIREITOS CREDITÓRIOS EMPÍRICA NOVERDE CRÉDITO PESSOAL,Classe,90787060.8,02671743000119,BANVOX DISTRIBUIDORA DE TITULOS E VALORES MOBILIARIOS LTDA,88716019.1,Em Liquidação
41755753000194,ZEFIRO FUNDO DE INVESTIMENTO EM DIREITOS CREDITÓRIOS,Classe,87184529.62,44782130000107,ACTUAL DISTRIBUIDORA DE TITULOS E VALORES MOBILIARIOS S.A.,139800000.0,Em Funcionamento Normal
41673514000195,CENTAURO FUNDO DE INVESTIMENTO EM DIREITOS CREDITÓRIOS RESPONSABILIDADE LIMITADA,Classe,85593035.46,44782130000107,ACTUAL DISTRIBUIDORA DE TITULOS E VALORES MOBILIARIOS S.A.,80032184.13,Em Funcionamento Normal
54852109000186,VALKYRIES FUNDO DE INVESTIMENTOS EM DIREITOS CREDITÓRIOS,Classe,78632152.13,34829992000186,CBSF DISTRIBUIDORA DE TÍTULOS E VALORES MOBILIÁRIOS S.A.,78759188.21,Em Liquidação
66120764000129,BS2 FUNDO DE INVESTIMENTO FINANCEIRO,Classe,75967410.27,37678915000160,FIDD DISTRIBUIDORA DE TITULOS E VALORES MOBILIARIOS LTDA.,0.0,Em Funcionamento Normal
42273967000197,PLETORA FUNDO DE INVESTIMENTO EM DIREITOS CREDITORIOS,Classe,75758538.04,24361690000172,LIMINE TRUST DISTRIBUIDORA DE TITULOS E VALORES MOBILIARIOS LTDA.,39901916.32,Em Funcionamento Normal
29292271000140,PÁTRIA CRÉDITO ESTRUTURADO FEEDER TEAM FUNDO DE INVESTIMENTO EM COTAS DE FIDC RESP LIMITADA,Classe,74426927.65,02671743000119,BANVOX DISTRIBUIDORA DE TITULOS E VALORES MOBILIARIOS LTDA,0.0,Em Funcionamento Normal
51030502000104,WILDE FUNDO DE INVESTIMENTO EM DIREITOS CREDITÓRIOS NÃO PADRONIZADOS,Classe,73957952.08,34829992000186,CBSF DISTRIBUIDORA DE TÍTULOS E VALORES MOBILIÁRIOS S.A.,74091661.81,Em Liquidação
51707771000154,ROVER FUNDO DE INVESTIMENTO EM DIREITOS CREDITÓRIOS,Classe,73044052.38,34829992000186,CBSF DISTRIBUIDORA DE TÍTULOS E VALORES MOBILIÁRIOS S.A.,8221314.05,Em Funcionamento Normal
42888490000154,ICRED OPARÁ FIDC NÃO-PADRONIZADOS - SEGMENTO FINANCEIRO - DE RESPONSABILIDADE LIMITADA,Classe,72874218.1,62285390000140,QI CORRETORA DE TÍTULOS E VALORES MOBILIÁRIOS S.A.,984528.6,Em Funcionamento Normal
41755875000180,BTZ FUNDO DE INVESTIMENTO EM DIREITOS CREDITÓRIOS RESPONSABILIDADE LIMITADA,Classe,72089358.14,44782130000107,ACTUAL DISTRIBUIDORA DE TITULOS E VALORES MOBILIARIOS S.A.,58750813.46,Em Funcionamento Normal
28880400000158,GRAN CAPITAL FUNDO DE INVESTIMENTO EM DIREITOS CREDITÓRIOS  RESPONSABILIDADE LIMITADA,Classe,71514593.54,44782130000107,ACTUAL DISTRIBUIDORA DE TITULOS E VALORES MOBILIARIOS S.A.,67387276.81,Em Funcionamento Normal
33512447000107,DESKONT FUNDO DE INVESTIMENTO EM DIREITOS CREDITÓRIOS,Classe,67607868.97,02671743000119,BANVOX DISTRIBUIDORA DE TITULOS E VALORES MOBILIARIOS LTDA,53190860.37,Em Funcionamento Normal
59356952000195,BEFLY FUNDO DE INVESTIMENTO EM DIREITOS CREDITÓRIOS RESPONSABILIDADE LIMITADA,Classe,65120262.59,02671743000119,BANVOX DISTRIBUIDORA DE TITULOS E VALORES MOBILIARIOS LTDA,54237239.49,Em Funcionamento Normal
63864746000163,PRISMA CAPITAL FUNDO DE INVESTIMENTO EM DIREITOS CREDITORIOS,Classe,65009539.66,44782130000107,ACTUAL DISTRIBUIDORA DE TITULOS E VALORES MOBILIARIOS S.A.,64291035.94,Em Funcionamento Normal
58059177000143,RED SEA FUNDO DE INVESTIMENTO EM DIREITOS CREDITÓRIOS - RESPONSABILIDADE LIMITADA,Classe,63197368.03,02671743000119,BANVOX DISTRIBUIDORA DE TITULOS E VALORES MOBILIARIOS LTDA,0.0,Em Funcionamento Normal
57377862000155,AEDGER FUNDO DE INVESTIMENTO EM DIREITOS CREDITÓRIOS NÃO PADRONIZADOS,Classe,61330271.7,34829992000186,CBSF DISTRIBUIDORA DE TÍTULOS E VALORES MOBILIÁRIOS S.A.,61492019.19,Em Funcionamento Normal
57679175000194,ZANDVOORT FUNDO DE INVESTIMENTO EM DIREITOS CREDITÓRIOS NÃO PADRONIZADOS,Classe,57433638.58,34829992000186,CBSF DISTRIBUIDORA DE TÍTULOS E VALORES MOBILIÁRIOS S.A.,57564186.02,Em Liquidação
23077181000150,CIMITARRA FUNDO DE INVESTIMENTO EM DIREITOS CREDITÓRIOS - NÃO PADRONIZADOS,Classe,53912751.57,34829992000186,CBSF DISTRIBUIDORA DE TÍTULOS E VALORES MOBILIÁRIOS S.A.,6593529.78,Em Funcionamento Normal
53247140000125,OTTER FUNDO DE INVESTIMENTO EM DIREITOS CREDITÓRIOS,Classe,53808264.47,34829992000186,CBSF DISTRIBUIDORA DE TÍTULOS E VALORES MOBILIÁRIOS S.A.,0.0,Em Funcionamento Normal
18392964000198,FIDUSSIA - FUNDO DE INVESTIMENTO EM DIREITOS CREDITÓRIOS NÃO PADRONIZADOS,Classe,51092465.98,45854066000187,WNT CAPITAL DISTRIBUIDORA DE TITULOS E VALORES MOBILIARIOS S.A.,57653328.18,Em Funcionamento Normal
43740863000108,MUFFY FUNDO DE INVESTIMENTO EM DIREITOS CREDITÓRIOS - NÃO PADRONIZADOS,Classe,50958000.23,34829992000186,CBSF DISTRIBUIDORA DE TÍTULOS E VALORES MOBILIÁRIOS S.A.,121618456.59,Em Funcionamento Normal
56886293000100,ATHENAS FUNDO DE INVESTIMENTO EM DIREITOS CREDITÓRIOS,Classe,48352562.34,44782130000107,ACTUAL DISTRIBUIDORA DE TITULOS E VALORES MOBILIARIOS S.A.,43885538.99,Em Funcionamento Normal
24774059000103,PROSPER FUNDO DE INVESTIMENTO EM DIREITOS CREDITÓRIOS,Classe,47914027.23,44782130000107,ACTUAL DISTRIBUIDORA DE TITULOS E VALORES MOBILIARIOS S.A.,40206594.38,Em Funcionamento Normal
34475955000117,FUNDO DE INVESTIMENTO EM DIREITOS CREDITÓRIOS EMPÍRICA MEZZO SAÚDE,Classe,44435051.86,02671743000119,BANVOX DISTRIBUIDORA DE TITULOS E VALORES MOBILIARIOS LTDA,43995608.63,Em Funcionamento Normal
29786909000107,LANCIA! FUNDO DE INVESTIMENTO EM DIREITOS CREDITÓRIOS,Classe,43530865.1,34829992000186,CBSF DISTRIBUIDORA DE TÍTULOS E VALORES MOBILIÁRIOS S.A.,38336718.94,Em Funcionamento Normal
51124933000121,WIZARD FUNDO DE INVESTIMENTO EM DIREITOS CREDITÓRIOS,Classe,42522239.02,44782130000107,ACTUAL DISTRIBUIDORA DE TITULOS E VALORES MOBILIARIOS S.A.,262539036.13,Em Funcionamento Normal
42084488000122,ALENTEJO FUNDO DE INVESTIMENTO EM DIREITOS CREDITÓRIOS,Classe,41797931.07,34829992000186,CBSF DISTRIBUIDORA DE TÍTULOS E VALORES MOBILIÁRIOS S.A.,0.0,Em Funcionamento Normal
45145168000123,JURUENA FUNDO DE  INVESTIMENTO EM DIREITOS CREDITÓRIOS,Classe,41340002.93,44782130000107,ACTUAL DISTRIBUIDORA DE TITULOS E VALORES MOBILIARIOS S.A.,0.0,Em Funcionamento Normal
54407927000170,SOLARIS FUNDO DE INVESTIMENTO EM DIREITOS CREDITÓRIOS,Classe,41267882.45,00806535000154,PLANNER CORRETORA DE VALORES S.A.,19760926.93,Em Funcionamento Normal
35476474000199,CENTRAL CAPITAL FUNDO DE INVESTIMENTO EM DIREITOS CREDITÓRIOS RESPONSABILIDADE LIMITADA,Classe,37615669.68,44782130000107,ACTUAL DISTRIBUIDORA DE TITULOS E VALORES MOBILIARIOS S.A.,31965817.14,Em Funcionamento Normal
57661136000160,CRAWFORD FUNDO DE INVESTIMENTO EM DIREITOS CREDITÓRIOS,Classe,36772736.05,33886862000112,"MASTER S/A CORRETORA DE CAMBIO, TITULOS E VALORES MOBILIARIOS",36994913.02,Em Liquidação
34850033000142,AGROCRED FUNDO DE INVESTIMENTO NAS CADEIAS PRODUTIVAS DO AGRONEGÓCIO - RESPONSABILIDADE LIMITADA,Classe,36326602.96,62285390000140,QI CORRETORA DE TÍTULOS E VALORES MOBILIÁRIOS S.A.,35465336.56,Em Funcionamento Normal
37310965000190,G5 SANEAMENTO FUNDO DE INVESTIMENTO EM DIREITOS CREDITÓRIOS,Classe,36039254.21,62285390000140,QI CORRETORA DE TÍTULOS E VALORES MOBILIÁRIOS S.A.,30635993.27,Em Funcionamento Normal
54836083000182,THEMIS FUNDO DE INVESTIMENTO EM DIREITOS CREDITÓRIOS,Classe,35727029.4,34829992000186,CBSF DISTRIBUIDORA DE TÍTULOS E VALORES MOBILIÁRIOS S.A.,0.0,Em Funcionamento Normal
34218194000118,BLESSED FUNDO DE INVESTIMENTO EM DIREITOS CREDITÓRIOS NÃO - PADRONIZADOS,Classe,35583776.14,34829992000186,CBSF DISTRIBUIDORA DE TÍTULOS E VALORES MOBILIÁRIOS S.A.,0.0,Em Funcionamento Normal
56964123000105,CAVORETTO FUNDO DE INVESTIMENTO FINANCEIRO MULTIMERCADO CRÉDITO PRIVADO,Classe,34119935.95,62285390000140,QI CORRETORA DE TÍTULOS E VALORES MOBILIÁRIOS S.A.,0.0,Em Funcionamento Normal
36009621000183,DMA9 FUNDO DE INVESTIMENTO EM DIREITOS CREDITÓRIOS RESPONSABILIDADE LIMITADA,Classe,30122818.64,44782130000107,ACTUAL DISTRIBUIDORA DE TITULOS E VALORES MOBILIARIOS S.A.,0.0,Em Funcionamento Normal
61384065000172,PETRUS MULTICREDITO FUNDO DE INVESTIMENTO EM DIREITOS CREDITORIOS,Classe,29037882.4,44782130000107,ACTUAL DISTRIBUIDORA DE TITULOS E VALORES MOBILIARIOS S.A.,25743932.92,Em Funcionamento Normal
41776150000179,REAG MASTER FEEDER FUNDO DE INVESTIMENTO EM COTAS DE FUNDO DE INVESTIMENTO EM DIREITOS CREDITÓRIOS,Classe,28914395.1,34829992000186,CBSF DISTRIBUIDORA DE TÍTULOS E VALORES MOBILIÁRIOS S.A.,139171.5,Em Funcionamento Normal
59111770000154,JUDICIAL ASSETS N2 FUNDO DE INVESTIMENTO EM DIREITOS CREDITORIOS,Classe,27391741.71,44782130000107,ACTUAL DISTRIBUIDORA DE TITULOS E VALORES MOBILIARIOS S.A.,27550592.05,Em Funcionamento Normal
58593281000113,HEIVI FUNDO DE INVESTIMENTO EM DIREITOS CREDITORIOS,Classe,25227773.77,44782130000107,ACTUAL DISTRIBUIDORA DE TITULOS E VALORES MOBILIARIOS S.A.,23538066.53,Em Funcionamento Normal
49684321000141,MILAGRE FUNDO DE INVESTIMENTO EM DIREITOS CREDITÓRIOS RESPONSABILIDADE LIMITADA,Classe,25106338.27,44782130000107,ACTUAL DISTRIBUIDORA DE TITULOS E VALORES MOBILIARIOS S.A.,20325324.950000003,Em Funcionamento Normal
54856185000160,FDCE FUNDO DE INVESTIMENTO EM DIREITOS CREDITÓRIOS,Classe,24513422.59,00806535000154,PLANNER CORRETORA DE VALORES S.A.,15492638.95,Em Funcionamento Normal
41687533000170,BRCARD FUNDO DE INVESTIMENTO EM DIREITOS CREDITÓRIOS,Classe,24172825.23,44782130000107,ACTUAL DISTRIBUIDORA DE TITULOS E VALORES MOBILIARIOS S.A.,17487892.12,Em Funcionamento Normal
49983868000148,PRECAVIDA II FUNDO DE INVESTIMENTO EM DIREITOS CREDITORIOS,Classe,23759145.52,44782130000107,ACTUAL DISTRIBUIDORA DE TITULOS E VALORES MOBILIARIOS S.A.,11018409.53,Em Funcionamento Normal
49950299000134,CAPITAL HILL FUNDO DE INVESTIMENTO EM DIREITOS CREDITÓRIOS RESPONSABILIDADE LIMITADA,Classe,23231310.71,44782130000107,ACTUAL DISTRIBUIDORA DE TITULOS E VALORES MOBILIARIOS S.A.,20614890.4,Em Funcionamento Normal
59695343000160,MEZZO HEALTH FUND FUNDO DE INVESTIMENTO EM COTAS DE FUNDOS DE INVESTIMENTO EM DIREITOS CREDITÓRIOS,Classe,22761016.92,62285390000140,QI CORRETORA DE TÍTULOS E VALORES MOBILIÁRIOS S.A.,0.0,Em Funcionamento Normal
55333029000187,POTI BANK FUNDO DE INVESTIMENTO EM DIREITOS CREDITÓRIOS,Classe,22473139.87,34829992000186,CBSF DISTRIBUIDORA DE TÍTULOS E VALORES MOBILIÁRIOS S.A.,16860033.96,Em Funcionamento Normal
60305004000100,GUARDIAN WAREHOUSE II FUNDO DE INVESTIMENTO EM DIREITOS CREDITÓRIOS - RESPONSABILIDADE LIMITADA,Classe,20058146.2,02671743000119,BANVOX DISTRIBUIDORA DE TITULOS E VALORES MOBILIARIOS LTDA,15984017.99,Em Funcionamento Normal
54287342000163,FUNDO DE INVESTIMENTO EM DIREITOS CREDITÓRIOS PIX CARD CONSIG,Classe,19773110.14,44782130000107,ACTUAL DISTRIBUIDORA DE TITULOS E VALORES MOBILIARIOS S.A.,14138432.7,Em Funcionamento Normal
46879163000197,CAPITAL MULTICRÉDITOS FUNDO DE INVESTIMENTO EM DIREITOS CREDITÓRIOS NÃO-PADRONIZADO,Classe,19670666.45,34829992000186,CBSF DISTRIBUIDORA DE TÍTULOS E VALORES MOBILIÁRIOS S.A.,19287496.93,Em Funcionamento Normal
30332628000155,CORTEN FUNDO DE INVESTIMENTO EM DIREITOS CREDITÓRIOS,Classe,18719653.09,34829992000186,CBSF DISTRIBUIDORA DE TÍTULOS E VALORES MOBILIÁRIOS S.A.,0.0,Em Funcionamento Normal
46930099000121,BALLANGEN 82 FUNDO DE INVESTIMENTO EM DIREITOS CREDITÓRIOS NÃO-PADRONIZADOS,Classe,17965162.92,34829992000186,CBSF DISTRIBUIDORA DE TÍTULOS E VALORES MOBILIÁRIOS S.A.,12315409.7,Em Funcionamento Normal
62347912000191,ZENON HIGH YIELD DISTRESSED FUNDO DE INVESTIMENTO EM DIREITOS  CREDITÓRIOS NÃO - PADRONIZADOS - RL,Classe,17847744.41,62264924000152,QORE DISTRIBUIDORA DE TÍTULOS E VALORES MOBILIÁRIOS LTDA.,81401478.0,Em Funcionamento Normal
58363382000106,IPIRANGA FUNDO DE INVESTIMENTO EM DIREITOS CREDITORIOS,Classe,17041410.59,44782130000107,ACTUAL DISTRIBUIDORA DE TITULOS E VALORES MOBILIARIOS S.A.,2096775.0,Em Funcionamento Normal
32670379000133,ALLIANCE FUNDO DE INVESTIMENTO EM DIREITOS CREDITÓRIOS,Classe,16227756.97,44782130000107,ACTUAL DISTRIBUIDORA DE TITULOS E VALORES MOBILIARIOS S.A.,13571322.2,Em Funcionamento Normal
43809819000107,SARAFINA FUNDO DE INVESTIMENTO EM DIREITOS CREDITÓRIOS NÃO PADRONIZADOS,Classe,15997543.57,34829992000186,CBSF DISTRIBUIDORA DE TÍTULOS E VALORES MOBILIÁRIOS S.A.,29545414.47,Em Funcionamento Normal
36566257000152,ROMA FUNDO DE INVESTIMENTO EM DIREITOS CREDITÓRIOS,Classe,15860094.69,44782130000107,ACTUAL DISTRIBUIDORA DE TITULOS E VALORES MOBILIARIOS S.A.,0.0,Em Funcionamento Normal
42866998000151,PRECAVIDA FUNDO DE INVESTIMENTO EM DIREITOS CREDITÓRIOS,Classe,14929332.83,44782130000107,ACTUAL DISTRIBUIDORA DE TITULOS E VALORES MOBILIARIOS S.A.,9323746.01,Em Funcionamento Normal
46766118000126,FUNDO DE INVESTIMENTO EM DIREITOS CREDITÓRIOS CONSIGNADO Q1,Classe,14464225.97,02671743000119,BANVOX DISTRIBUIDORA DE TITULOS E VALORES MOBILIARIOS LTDA,14396052.45,Em Funcionamento Normal
60395009000170,EC CAPITAL MARKETS FUNDO DE INVESTIMENTO EM DIREITOS CREDITÓRIOS,Classe,14313344.65,34829992000186,CBSF DISTRIBUIDORA DE TÍTULOS E VALORES MOBILIÁRIOS S.A.,14296009.8,Em Funcionamento Normal
37511950000190,FAST CAPITAL FUNDO DE INVESTIMENTO EM DIREITOS CREDITÓRIOS,Classe,14124591.71,44782130000107,ACTUAL DISTRIBUIDORA DE TITULOS E VALORES MOBILIARIOS S.A.,14255238.95,Em Funcionamento Normal
53276025000189,KYM FUNDO DE INVESTIMENTO EM DIREITOS CREDITÓRIOS NÃO PADRONIZADO,Classe,14021911.56,34829992000186,CBSF DISTRIBUIDORA DE TÍTULOS E VALORES MOBILIÁRIOS S.A.,0.0,Em Funcionamento Normal
58231315000120,RWM PARTENAIRES 2 FUNDO DE INVESTIMENTO EM COTAS DE FUNDO DE INVESTIMENTO EM DIREITOS CREDITÓRIOS,Classe,13839590.0,34829992000186,CBSF DISTRIBUIDORA DE TÍTULOS E VALORES MOBILIÁRIOS S.A.,0.0,Em Liquidação
58073424000166,BACO FUNDO DE INVESTIMENTO EM DIREITOS CREDITÓRIOS,Classe,12903777.47,34829992000186,CBSF DISTRIBUIDORA DE TÍTULOS E VALORES MOBILIÁRIOS S.A.,6939563.81,Em Funcionamento Normal
61199031000108,SOLUTION FUNDO DE INVESTIMENTO EM DIREITOS CREDITÓRIOS - RESPONSABILIDADE LIMITADA,Classe,12749359.68,02671743000119,BANVOX DISTRIBUIDORA DE TITULOS E VALORES MOBILIARIOS LTDA,12311492.63,Em Funcionamento Normal
54003830000100,TRIUNPH FUNDO DE INVESTIMENTO EM DIREITOS CREDITÓRIOS NÃO PADRONIZADO,Classe,12156876.93,34829992000186,CBSF DISTRIBUIDORA DE TÍTULOS E VALORES MOBILIÁRIOS S.A.,12423600.0,Em Funcionamento Normal
45810162000123,LANCE REAL FUNDO DE  INVESTIMENTO EM DIREITOS CREDITORIOS,Classe,11875673.31,44782130000107,ACTUAL DISTRIBUIDORA DE TITULOS E VALORES MOBILIARIOS S.A.,11916805.0,Em Funcionamento Normal
51250816000104,SATOSHINOMIKS FUNDO DE INVESTIMENTO EM DIREITOS CREDITÓRIOS,Classe,11569273.13,02671743000119,BANVOX DISTRIBUIDORA DE TITULOS E VALORES MOBILIARIOS LTDA,11253778.3,Em Funcionamento Normal
31368761000124,FUNDO DE INVESTIMENTO EM DIREITOS CREDITÓRIOS PAGBEM,Classe,11427278.28,02671743000119,BANVOX DISTRIBUIDORA DE TITULOS E VALORES MOBILIARIOS LTDA,11211604.04,Em Funcionamento Normal
35178750000132,DIVICASH FUNDO DE INVESTIMENTO EM DIREITOS CREDITORIOS RESPONSABILIDADE LIMITADA,Classe,11170610.54,44782130000107,ACTUAL DISTRIBUIDORA DE TITULOS E VALORES MOBILIARIOS S.A.,11816053.22,Em Funcionamento Normal
59035976000142,LC FUNDO DE INVESTIMENTO EM DIREITOS CREDITÓRIOS NÃO PADRONIZADOS,Classe,11004577.19,34829992000186,CBSF DISTRIBUIDORA DE TÍTULOS E VALORES MOBILIÁRIOS S.A.,8312943.19,Em Funcionamento Normal
45145516000162,NEW DISTRESSED - FUNDO DE INVESTIMENTO EM DIREITOS CREDITÓRIOS,Classe,10899197.93,44782130000107,ACTUAL DISTRIBUIDORA DE TITULOS E VALORES MOBILIARIOS S.A.,0.0,Em Funcionamento Normal
57570843000140,GENIAL HORUS FUNDO DE INVESTIMENTO EM DIREITOS CREDITÓRIOS DE RESPONSABILIDADE LIMITADA,Classe,10836566.83,27652684000162,GENIAL INVESTIMENTOS CORRETORA DE VALORES MOBILIÁRIOS S.A.,7574530.64,Em Funcionamento Normal
63453654000190,CYGNUS FUNDO DE INVESTIMENTO EM DIREITOS CREDITÓRIOS,Classe,10743224.69,13486793000142,APEX GROUP DISTRIBUIDORA DE TÍTULOS E VALORES MOBILIÁRIOS S.A.,0.0,Em Liquidação
49448463000100,MANTIQUEIRA CONSIGNADO PÚBLICO FUNDO DE INVESTIMENTOS EM DIREITOS CREDITÓRIOS,Classe,10611047.83,34829992000186,CBSF DISTRIBUIDORA DE TÍTULOS E VALORES MOBILIÁRIOS S.A.,0.0,Em Funcionamento Normal
59827367000126,DOTZFIN FUNDO DE INVESTIMENTO EM DIREITOS CREDITÓRIOS - RESPONSABILIDADE LIMITADA,Classe,10182056.72,02671743000119,BANVOX DISTRIBUIDORA DE TITULOS E VALORES MOBILIARIOS LTDA,7484972.66,Em Funcionamento Normal
58528148000183,SMASH FUNDO DE INVESTIMENTO EM DIREITOS CREDITÓRIOS NÃO PADRONIZADOS,Classe,9755252.75,34829992000186,CBSF DISTRIBUIDORA DE TÍTULOS E VALORES MOBILIÁRIOS S.A.,9772834.03,Em Funcionamento Normal
38001854000165,ALCANCE FUNDO DE INVESTIMENTO EM DIREITOS CREDITÓRIOS,Classe,9285335.65,44782130000107,ACTUAL DISTRIBUIDORA DE TITULOS E VALORES MOBILIARIOS S.A.,7918866.93,Em Funcionamento Normal
35265104000102,DIANTE FUNDO DE INVESTIMENTO EM DIREITOS CREDITÓRIOS,Classe,9281337.15,44782130000107,ACTUAL DISTRIBUIDORA DE TITULOS E VALORES MOBILIARIOS S.A.,5347803.319999999,Em Funcionamento Normal
19476304000158,LATACHE II DISTRESSED FUNDO DE INVESTIMENTO EM DIREITOS CREDITORIOS NAO PADRONIZADOS,Classe,8495589.36,00806535000154,PLANNER CORRETORA DE VALORES S.A.,26865625.72,Em Funcionamento Normal
53848229000147,FASHION FUNDO DE INVESTIMENTO EM DIREITOS CREDITÓRIOS NÃO PADRONIZADOS RESP ILIMITADA,Classe,8468782.14,34829992000186,CBSF DISTRIBUIDORA DE TÍTULOS E VALORES MOBILIÁRIOS S.A.,8518982.42,Em Liquidação
33701265000176,FXN CAPITAL FUNDO DE INVESTIMENTOS EM DIREITOS CREDITORIOS,Classe,7982821.74,44782130000107,ACTUAL DISTRIBUIDORA DE TITULOS E VALORES MOBILIARIOS S.A.,6088950.38,Em Funcionamento Normal
58059847000121,FUNDO DE INVESTIMENTO EM DIREITOS CREDITÓRIOS VOITER CONSIGNADO III - RESPONSABILIDADE LIMITADA,Classe,7828090.0,02671743000119,BANVOX DISTRIBUIDORA DE TITULOS E VALORES MOBILIARIOS LTDA,9203901.67,Em Funcionamento Normal
61917809000177,SAMPA FUNDO DE INVESTIMENTO EM DIREITOS CREDITORIOS,Classe,7723069.63,44782130000107,ACTUAL DISTRIBUIDORA DE TITULOS E VALORES MOBILIARIOS S.A.,0.0,Em Funcionamento Normal
43444591000107,FUNDO DE INVESTIMENTO EM DIREITOS CREDITÓRIOS OUZE - RESPONSABILIDADE LIMITADA,Classe,7661363.89,02671743000119,BANVOX DISTRIBUIDORA DE TITULOS E VALORES MOBILIARIOS LTDA,7452964.6,Em Funcionamento Normal
37910672000144,SANTOFORTE FUNDO DE INVESTIMENTOS EM DIREITOS CREDITÓRIOS,Classe,7437647.54,44782130000107,ACTUAL DISTRIBUIDORA DE TITULOS E VALORES MOBILIARIOS S.A.,5178096.87,Em Funcionamento Normal
17498332000140,CANADA INVEST FUNDO DE INVESTIMENTO EM DIREITOS CREDITÓRIOS MULTISSETORIAL,Classe,7430586.25,44782130000107,ACTUAL DISTRIBUIDORA DE TITULOS E VALORES MOBILIARIOS S.A.,7118343.71,Em Funcionamento Normal
56052655000168,HORTÊNCIA FUNDO DE INVESTIMENTO EM DIREITOS CREDITÓRIOS,Classe,6101516.97,34829992000186,CBSF DISTRIBUIDORA DE TÍTULOS E VALORES MOBILIÁRIOS S.A.,561617.48,Em Funcionamento Normal
58615962000135,ADVANCED II FUNDO DE INVESTIMENTOS EM DIREITOS CREDITORIOS,Classe,5902996.52,44782130000107,ACTUAL DISTRIBUIDORA DE TITULOS E VALORES MOBILIARIOS S.A.,5734678.41,Em Funcionamento Normal
60371387000114,FUNDO DE INVESTIMENTO EM DIREITOS CREDITÓRIOS NEXT CONSIG,Classe,5209401.33,44782130000107,ACTUAL DISTRIBUIDORA DE TITULOS E VALORES MOBILIARIOS S.A.,5059597.52,Em Funcionamento Normal
41593704000100,INDÚSTRIA Q1 FUNDO DE INVESTIMENTO EM DIREITOS CREDITÓRIOS,Classe,5047068.67,34829992000186,CBSF DISTRIBUIDORA DE TÍTULOS E VALORES MOBILIÁRIOS S.A.,0.0,Em Funcionamento Normal
52352829000157,LONG LIFE FUNDO DE INVESTIMENTO EM DIREITOS CREDITÓRIOS  NÃO-PADRONIZADO,Classe,4559656.69,34829992000186,CBSF DISTRIBUIDORA DE TÍTULOS E VALORES MOBILIÁRIOS S.A.,199.13,Em Funcionamento Normal
45383797000191,NICE 2TM FUNDO DE INVESTIMENTO EM DIREITOS CREDITÓRIOS,Classe,4516734.69,02671743000119,BANVOX DISTRIBUIDORA DE TITULOS E VALORES MOBILIARIOS LTDA,4896962.59,Em Funcionamento Normal
60776251000194,MACRO FUNDO DE INVESTIMENTO EM DIREITOS CREDITORIOS,Classe,4212954.04,44782130000107,ACTUAL DISTRIBUIDORA DE TITULOS E VALORES MOBILIARIOS S.A.,2768565.01,Em Funcionamento Normal
60707793000105,VIVACE SHOPPING FUNDO DE INVESTIMENTO EM DIREITOS CREDITÓRIOS,Classe,4072649.12,34829992000186,CBSF DISTRIBUIDORA DE TÍTULOS E VALORES MOBILIÁRIOS S.A.,0.0,Em Funcionamento Normal
10759034000118,PC FUNDO DE INVESTIMENTO EM DIREITOS CREDITÓRIOS - RESPONSABILIDADE LIMITADA,Classe,3335054.78,02671743000119,BANVOX DISTRIBUIDORA DE TITULOS E VALORES MOBILIARIOS LTDA,1663077.76,Em Funcionamento Normal
27500753000112,AS4 FUNDO DE INVESTIMENTO EM DIREITOS CREDITÓRIOS CRÉDITO PRIVADO,Classe,3279179.66,02671743000119,BANVOX DISTRIBUIDORA DE TITULOS E VALORES MOBILIARIOS LTDA,0.0,Em Funcionamento Normal
60209130000160,WFOUR FUNDO DE INVESTIMENTO EM DIREITOS CREDITORIOS,Classe,3149811.71,44782130000107,ACTUAL DISTRIBUIDORA DE TITULOS E VALORES MOBILIARIOS S.A.,3242084.87,Em Funcionamento Normal
54990152000108,FUNDO DE INVESTIMENTO EM DIREITOS CREDITÓRIOS K8 CONSIGNADOS - RESPONSABILIDADE LIMITADA,Classe,2929726.1,02671743000119,BANVOX DISTRIBUIDORA DE TITULOS E VALORES MOBILIARIOS LTDA,2667278.44,Em Funcionamento Normal
60306067000180,CASH FUNDO DE INVESTIMENTO EM DIREITOS CREDITORIOS,Classe,2920413.18,44782130000107,ACTUAL DISTRIBUIDORA DE TITULOS E VALORES MOBILIARIOS S.A.,2885702.62,Em Funcionamento Normal
60864701000109,NEXUS TRADE FUNDO DE INVESTIMENTO EM DIREITOS CREDITORIOS,Classe,2728468.47,44782130000107,ACTUAL DISTRIBUIDORA DE TITULOS E VALORES MOBILIARIOS S.A.,2535742.72,Em Funcionamento Normal
61171206000179,BLUE OPPORTUNITY PLUS FUNDO DE INVESTIMENTO EM DIREITOS CREDITÓRIOS - CLASSE A,Classe,2604064.39,02671743000119,BANVOX DISTRIBUIDORA DE TITULOS E VALORES MOBILIARIOS LTDA,2508890.67,Em Funcionamento Normal
62628909000146,SPT CAPITAL FUNDO DE INVESTIMENTO EM DIREITOS CREDITORIOS,Classe,2558519.43,44782130000107,ACTUAL DISTRIBUIDORA DE TITULOS E VALORES MOBILIARIOS S.A.,2411591.25,Em Funcionamento Normal
65910958000165,NACIONAL CONSIG FUNDO DE INVESTIMENTO EM DIREITOS CREDITÓRIOS RESPONSABILIDADE LIMITADA,Classe,2443988.46,44782130000107,ACTUAL DISTRIBUIDORA DE TITULOS E VALORES MOBILIARIOS S.A.,2438961.07,Em Funcionamento Normal
60008909000118,FUNDO DE INVESTIMENTO EM DIREITOS CREDITÓRIOS PARCRED CONSIGNADO PÚBLICO - RESPONSABILIDADE LIMITADA,Classe,2406522.39,02671743000119,BANVOX DISTRIBUIDORA DE TITULOS E VALORES MOBILIARIOS LTDA,1538110.94,Em Funcionamento Normal
65570364000152,VÉRTICE FUNDO DE INVESTIMENTO EM DIREITOS CREDITORIOS,Classe,2104281.34,44782130000107,ACTUAL DISTRIBUIDORA DE TITULOS E VALORES MOBILIARIOS S.A.,1416611.7799999998,Em Funcionamento Normal
44681727000157,TERRA BONA FUNDO DE INVESTIMENTO EM DIREITOS CREDITÓRIOS NÃO-PADRONIZADO,Classe,2048769.32,34829992000186,CBSF DISTRIBUIDORA DE TÍTULOS E VALORES MOBILIÁRIOS S.A.,2332417.23,Em Funcionamento Normal
45880888000132,FUNDO DE INVESTIMENTO EM DIREITOS CREDITÓRIOS PRODUÇÃO I,Classe,1724292.45,34829992000186,CBSF DISTRIBUIDORA DE TÍTULOS E VALORES MOBILIÁRIOS S.A.,3617005.86,Em Funcionamento Normal
42605393000107,FUNDO DE INVESTIMENTO EM DIREITOS CREDITÓRIOS QUASAR DUCOCO,Classe,1571611.02,34829992000186,CBSF DISTRIBUIDORA DE TÍTULOS E VALORES MOBILIÁRIOS S.A.,1745701.8,Em Funcionamento Normal
61140138000180,FUNDO DE INVESTIMENTOS EM DIREITOS CREDITÓRIOS INTEGRA,Classe,1563805.64,02671743000119,BANVOX DISTRIBUIDORA DE TITULOS E VALORES MOBILIARIOS LTDA,1717436.22,Em Funcionamento Normal
42432319000136,FUNDO DE INVESTIMENTO EM DIREITOS CREDITÓRIOS BIZCAPITAL FINPASS PME RESPONSABILIDADE LIMITADA,Classe,1500027.16,02671743000119,BANVOX DISTRIBUIDORA DE TITULOS E VALORES MOBILIARIOS LTDA,115692.09,Em Liquidação
54503197000100,GANDRIA FUNDO DE INVESTIMENTO EM DIREITOS CREDITÓRIOS NÃO-PADRONIZADOS,Classe,1468055.06,34829992000186,CBSF DISTRIBUIDORA DE TÍTULOS E VALORES MOBILIÁRIOS S.A.,0.0,Em Funcionamento Normal
55132551000109,GUINNESS FUNDO DE INVESTIMENTO EM COTAS DE FUNDOS DE INVESTIMENTO EM DIREITOS CREDITÓRIOS,Classe,1313980.12,02671743000119,BANVOX DISTRIBUIDORA DE TITULOS E VALORES MOBILIARIOS LTDA,0.0,Em Funcionamento Normal
55135135000156,ATENA FUNDO DE INVESTIMENTO EM DIREITOS CREDITÓRIOS RECUPERAÇÃO DE CRÉDITO,Classe,1310319.32,02671743000119,BANVOX DISTRIBUIDORA DE TITULOS E VALORES MOBILIARIOS LTDA,0.0,Em Funcionamento Normal
57968717000149,SAYURI FUNDO DE INVESTIMENTO EM COTAS DE FUNDOS DE INVESTIMENTOS EM DIREITOS CREDITÓRIOS,Classe,1309951.56,02671743000119,BANVOX DISTRIBUIDORA DE TITULOS E VALORES MOBILIARIOS LTDA,0.0,Em Funcionamento Normal
62348002000123,AMAZON FUNDO DE INVESTIMENTO EM DIREITOS CREDITÓRIOS NÃO - PADRONIZADOS - RESPONSABILIDADE LIMITADA,Classe,1238779.99,62264924000152,QORE DISTRIBUIDORA DE TÍTULOS E VALORES MOBILIÁRIOS LTDA.,0.0,Em Funcionamento Normal
66605002000112,AURORA CAPITAL FUNDO DE INVESTIMENTO EM DIREITOS CREDITÓRIOS RESPONSABILIDADE ILIMITADA,Classe,1179332.43,00806535000154,PLANNER CORRETORA DE VALORES S.A.,0.0,Em Funcionamento Normal
28849649000109,FUNDO DE INVESTIMENTO EM DIREITOS CREDITÓRIOS EMPÍRICA A55 SAAS,Classe,1106525.84,02671743000119,BANVOX DISTRIBUIDORA DE TITULOS E VALORES MOBILIARIOS LTDA,728536.32,Em Liquidação
50908218000117,CF PRIME FUNDO DE INVESTIMENTO EM DIREITOS CREDITÓRIOS,Classe,826537.97,00806535000154,PLANNER CORRETORA DE VALORES S.A.,742777.96,Em Liquidação
57993612000140,D&C JUDICIAIS II - FUNDO DE INVESTIMENTO EM DIREITOS CREDITÓRIOS RECUPERAÇÃO DE  CRÉDITO,Classe,775518.43,02671743000119,BANVOX DISTRIBUIDORA DE TITULOS E VALORES MOBILIARIOS LTDA,0.0,Em Funcionamento Normal
55102194000128,NEW ERA FUNDO DE INVESTIMENTO EM DIREITOS CREDITÓRIOS,Classe,754024.0,44782130000107,ACTUAL DISTRIBUIDORA DE TITULOS E VALORES MOBILIARIOS S.A.,833967.14,Em Funcionamento Normal
44271111000108,GUARDIAN CAPITAL CONSIG I FUNDO DE INVESTIMENTO EM DIREITOS CREDITÓRIOS CONSIGNADOS,Classe,485307.98,02671743000119,BANVOX DISTRIBUIDORA DE TITULOS E VALORES MOBILIARIOS LTDA,912110.44,Em Funcionamento Normal
57474036000124,C18 FUNDO DE INVESTIMENTO EM DIREITOS  CREDITÓRIOS,Classe,437392.3,36113876000191,OLIVEIRA TRUST DTVM S.A.,456120.04,Em Liquidação
57779658000160,GUARDIAN WAREHOUSE FUNDO DE INVESTIMENTO EM DIREITOS  CREDITÓRIOS - RESPONSABILIDADE LIMITADA,Classe,183699.59,02671743000119,BANVOX DISTRIBUIDORA DE TITULOS E VALORES MOBILIARIOS LTDA,0.0,Em Liquidação
52953168000115,AGROBIOLÓGICA FUNDO DE INVESTIMENTO EM DIREITOS CREDITÓRIOS,Classe,118843.48,13486793000142,APEX GROUP DISTRIBUIDORA DE TÍTULOS E VALORES MOBILIÁRIOS S.A.,0.0,Em Liquidação
57731899000130,JMT FUNDO DE INVESTIMENTO EM DIREITOS CREDITÓRIOS RESPONSABILIDADE LIMITADA,Classe,58919.56,44782130000107,ACTUAL DISTRIBUIDORA DE TITULOS E VALORES MOBILIARIOS S.A.,0.0,Em Funcionamento Normal
48960844000100,BADWATER FUNDO DE INVESTIMENTO EM DIREITOS CREDITÓRIOS NÃO-PADRONIZADO,Classe,21692.17,00806535000154,PLANNER CORRETORA DE VALORES S.A.,0.0,Em Funcionamento Normal
55201186000139,KOLEOS FUNDO DE INVESTIMENTO EM DIREITOS CREDITÓRIOS,Classe,19036.26,34829992000186,CBSF DISTRIBUIDORA DE TÍTULOS E VALORES MOBILIÁRIOS S.A.,146246.02,Em Liquidação
25246617000112,DIP FINANCING 11 FEEDER FUNDO DE INVESTIMENTO EM DIREITOS CREDITÓRIOS,Classe,0.0,62285390000140,QI CORRETORA DE TÍTULOS E VALORES MOBILIÁRIOS S.A.,0.0,Cancelado
47168064000160,VASTO FUNDO DE INVESTIMENTO EM DIREITOS CREDITÓRIOS,Classe,0.0,62285390000140,QI CORRETORA DE TÍTULOS E VALORES MOBILIÁRIOS S.A.,0.0,Cancelado
61785674000133,NFX FUNDO DE INVESTIMENTO EM DIREITOS CREDITÓRIOS,Classe,0.0,40434681000110,AZUMI DISTRIBUIDORA DE TÍTULOS E VALORES MOBILIÁRIOS LTDA.,0.0,Cancelado
26488875000178,VERITAS FORSETI 2 FUNDO DE INVESTIMENTO EM DIREITOS CREDITÓRIOS-NÃO PADRONIZADO,Classe,0.0,62285390000140,QI CORRETORA DE TÍTULOS E VALORES MOBILIÁRIOS S.A.,0.0,Cancelado
51268721000118,ASSET BANK FUNDO DE INVESTIMENTO EM DIREITOS CREDITORIOS MIDDLE MARKET,Classe,0.0,40434681000110,AZUMI DISTRIBUIDORA DE TÍTULOS E VALORES MOBILIÁRIOS LTDA.,0.0,Cancelado
58500094000148,CORINDON FUNDO DE INVESTIMENTO EM DIREITO CREDITORIOS - RESPONSABILIDADE LIMITADA,Classe,0.0,40434681000110,AZUMI DISTRIBUIDORA DE TÍTULOS E VALORES MOBILIÁRIOS LTDA.,0.0,Cancelado
54828406000196,EUREKKA I FUNDO DE INVESTIMENTO EM DIREITOS CREDITÓRIOS,Classe,0.0,40434681000110,AZUMI DISTRIBUIDORA DE TÍTULOS E VALORES MOBILIÁRIOS LTDA.,0.0,Cancelado
21556756000191,ATF II FUNDO DE INVESTIMENTO EM DIREITOS CREDITÓRIOS,Classe,0.0,62285390000140,QI CORRETORA DE TÍTULOS E VALORES MOBILIÁRIOS S.A.,0.0,Cancelado
21658426000107,FUNDO DE INVESTIMENTO EM DIREITOS CREDITÓRIOS NÃO PADRONIZADOS WNT - FORNECEDORES,Classe,0.0,62285390000140,QI CORRETORA DE TÍTULOS E VALORES MOBILIÁRIOS S.A.,0.0,Cancelado
44585595000160,STRATEGIC ALPHA FUNDO DE INVESTIMENTO EM DIREITOS CREDITÓRIOS NP,Classe,0.0,40434681000110,AZUMI DISTRIBUIDORA DE TÍTULOS E VALORES MOBILIÁRIOS LTDA.,0.0,Cancelado
58293429000102,AZURE II FI EM COTAS DE FUNDO DE INVESTIMENTO EM DIREITOS CREDITÓRIOS - RESPONSABILIDADE LIMITADA,Classe,0.0,16695922000109,ID CORRETORA DE TITULOS E VALORES MOBILIARIOS S.A.,0.0,Cancelado
30284028000169,ATF I FUNDO DE INVESTIMENTO EM DIREITOS CREDITÓRIOS - RESPONSABILIDADE LIMITADA,Classe,0.0,62285390000140,QI CORRETORA DE TÍTULOS E VALORES MOBILIÁRIOS S.A.,0.0,Cancelado
44585657000133,MONET FUNDO DE INVESTIMENTO EM DIREITOS CREDITÓRIOS NÃO PADRONIZADOS,Classe,0.0,40434681000110,AZUMI DISTRIBUIDORA DE TÍTULOS E VALORES MOBILIÁRIOS LTDA.,0.0,Cancelado
54619490000138,SAFRAS  AGRO FUNDO DE INVESTIMENTO EM DIREITOS CREDITÓRIOS NP - RESPONSABILIDADE LIMITADA,Classe,0.0,62285390000140,QI CORRETORA DE TÍTULOS E VALORES MOBILIÁRIOS S.A.,0.0,Cancelado
53471524000127,SURRIENTO FUNDO DE INVESTIMENTO EM DIREITOS CREDITÓRIOS NÃO-PADRONIZADOS,Classe,0.0,40434681000110,AZUMI DISTRIBUIDORA DE TÍTULOS E VALORES MOBILIÁRIOS LTDA.,0.0,Cancelado
58528925000190,RR FUNDO DE INVESTIMENTO EM DIREITOS CREDITÓRIOS NÃO PADRONIZADOS,Classe,-43551.81,34829992000186,CBSF DISTRIBUIDORA DE TÍTULOS E VALORES MOBILIÁRIOS S.A.,0.0,Em Liquidação
52842504000152,REAG SPORTAINMENT CLAIMS FUNDO DE INVESTIMENTO EM DIREITOS CREDITÓRIOS NÃO PADRONIZADO,Classe,-72347.79,34829992000186,CBSF DISTRIBUIDORA DE TÍTULOS E VALORES MOBILIÁRIOS S.A.,135.99,Em Liquidação
63547404000110,FUNDO DE INVESTIMENTO EM DIREITOS CREDITÓRIOS VEXOR - RESPONSABILIDADE LIMITADA,Classe,-87864.34,02671743000119,BANVOX DISTRIBUIDORA DE TITULOS E VALORES MOBILIARIOS LTDA,0.0,Em Funcionamento Normal
60261285000146,FUNDO DE INVESTIMENTO EM DIREITOS CREDITÓRIOS LEIRIA - RESPONSABILIDADE LIMITADA,Classe,-120947.21,02671743000119,BANVOX DISTRIBUIDORA DE TITULOS E VALORES MOBILIARIOS LTDA,0.0,Em Funcionamento Normal
62184290000128,AUER FUNDO DE INVESTIMENTO EM DIREITOS CREDITÓRIOS,Classe,-214572.1,34829992000186,CBSF DISTRIBUIDORA DE TÍTULOS E VALORES MOBILIÁRIOS S.A.,900000.0,Em Liquidação
62271049000136,CÉLERE FUNDO DE INVESTIMENTO EM DIREITOS CREDITÓRIOS,Classe,-253260.91,34829992000186,CBSF DISTRIBUIDORA DE TÍTULOS E VALORES MOBILIÁRIOS S.A.,0.0,Em Liquidação
58041846000150,FEEDER CB FUNDO DE INVESTIMENTO EM DIREITOS CREDITÓRIOS - RESPONSABILIDADE LIMITADA,Classe,-260481.74,02671743000119,BANVOX DISTRIBUIDORA DE TITULOS E VALORES MOBILIARIOS LTDA,0.0,Em Funcionamento Normal
12565143000120,FC2 FIC DE FUNDO DE INVESTIMENTO EM DIREITOS CREDITÓRIOS RESPONSABILIDADE LIMITADA,Classe,-298843.23,42066258000130,RJI CORRETORA DE TÍTULOS E VALORES MOBILIÁRIOS LTDA.,0.0,Cancelado
12660468000191,FC5 FI EM COTAS DE FUNDO DE INVESTIMENTO EM DIREITOS CREDITÓRIOS - RESPONSABILIDA LIMITADA,Classe,-301212.88,42066258000130,RJI CORRETORA DE TÍTULOS E VALORES MOBILIÁRIOS LTDA.,0.0,Cancelado
12660458000156,FC4 FIC DE FUNDO DE INVESTIMENTO EM DIREITOS CREDITÓRIOS RESPONSABILIDADE LIMITADA,Classe,-539511.02,42066258000130,RJI CORRETORA DE TÍTULOS E VALORES MOBILIÁRIOS LTDA.,0.0,Cancelado
12660462000114,FC3 FI EM COTAS DE FUNDO DE INVESTIMENTO EM DIREITOS CREDITÓRIOS - RESPONSABILIDA LIMITADA,Classe,-650516.73,42066258000130,RJI CORRETORA DE TÍTULOS E VALORES MOBILIÁRIOS LTDA.,0.0,Cancelado
45938195000153,FUNDO DE INVESTIMENTO EM DIREITOS CREDITÓRIOS TRADING I,Classe,-669555.74,34829992000186,CBSF DISTRIBUIDORA DE TÍTULOS E VALORES MOBILIÁRIOS S.A.,0.0,Em Funcionamento Normal
62124934000192,SERENNA FUNDO DE INVESTIMENTO EM DIREITOS CREDITÓRIOS,Classe,-1874706.02,45854066000187,WNT CAPITAL DISTRIBUIDORA DE TITULOS E VALORES MOBILIARIOS S.A.,0.0,Em Funcionamento Normal
61289212000125,CHELSEA FUNDO DE INVESTIMENTO EM DIREITOS CREDITÓRIOS,Classe,-3224783.55,34829992000186,CBSF DISTRIBUIDORA DE TÍTULOS E VALORES MOBILIÁRIOS S.A.,0.0,Em Liquidação
