lente,nome,definicao,numerador,denominador,unidade_analise,o_que_NAO_significa,fonte,cobertura_pct,n_entidades,limitacao,data_base
1,PL sob gestão,Soma do patrimônio líquido das classes cuja gestão de carteira é exercida pela entidade.,Σ PL das classes geridas,PL total do universo no corte,gestor (entidade jurídica),"NÃO é capital próprio do gestor nem exposição econômica dele ao risco de crédito das carteiras; o gestor responde por decisão de investimento, não pelo risco do ativo.",CVM: registro fundo/classe (gestor) + informe mensal tab IV,99.99,491,Registro é fotografia atual: trocas de gestor não são rastreadas retroativamente. Cobertura publicada com 2 casas: arredondar para 100% esconderia os veículos sem gestor identificado no registro.,2026-06-30
2,PL sob administração fiduciária,Soma do PL das classes cuja administração fiduciária é exercida pela entidade.,Σ PL das classes administradas,PL total do universo no corte,administrador fiduciário (entidade jurídica),"NÃO é exposição financeira do administrador: o patrimônio do fundo é segregado do patrimônio do prestador. Mede concentração OPERACIONAL, não risco de crédito.",CVM: informe mensal tab I (CNPJ_ADMIN) + tab IV,100.0,52,Autodeclarado no informe; mudanças de administrador aparecem com defasagem.,2026-06-30
3,Exposição da carteira (direitos creditórios),"Estoque de direitos creditórios de titularidade do fundo/classe, separado entre aquisição COM e SEM transferência substancial de riscos e benefícios.",TAB_I2A + TAB_I2B,PL do próprio veículo (razão DC/PL),fundo ou classe,"A parcela SEM aquisição substancial de risco NÃO representa risco transferido ao fundo: o risco econômico permanece no cedente (funding garantido, não venda definitiva).",CVM: informe mensal tab I,100.0,4327,"Valores contábeis autodeclarados, sem auditoria individual.",2026-06-30
4,Exposição a cedente/originador,"Estoque de direitos creditórios atribuível a cada cedente, pelo percentual declarado no informe (apenas os 9 maiores cedentes de cada veículo).",Σ (% declarado × valor do bucket de DC),estoque total de DC do mercado,cedente (CNPJ) — estoque atribuído,NÃO é fluxo cedido no período nem dívida da empresa: é o saldo de recebíveis originados por ela que está na carteira dos fundos. NÃO é ranking completo — é piso.,CVM: informe mensal tab I (campos de cedente) + base pública do CNPJ,29.4,150,"Cobertura de 29,4% do estoque; cauda além do top-9 não observável; CPFs não resolvidos.",2026-06-30
5,Exposição a sacado/devedor (concentração),Valor devido pelos 25 maiores devedores de cada veículo e sua participação no estoque de direitos creditórios (tabela VIII do informe).,valor por posição no ranking de devedores,estoque de DC do veículo,"fundo ou classe (concentração), nunca a identidade do devedor","A tabela VIII NÃO contém identificador do sacado. É IMPOSSÍVEL, com dados públicos, montar ranking nominal de devedores do mercado. Qualquer identificação seria inferência.",CVM: informe mensal tab VIII,69.3,2999,"Três coberturas, três definições: 69.3% dos veículos do corte reportam a tabela; esses veículos carregam 79.7% do estoque de DC; as posições listadas (top-25 por veículo) explicam 42.1% do estoque total de DC — a cauda além do top-25 não é observável. Sem identidade do devedor; veículos sem a tabela ficam fora (não são zero).",2026-06-30
6,Exposição do cotista,"Valor investido por classe de cota (sênior, mezanino, subordinada) e número de POSIÇÕES de cotistas por categoria de investidor.","quantidade de cotas × valor da cota, por série",passivo total do veículo,série/classe de cota; posições de cotistas (não pessoas),O número de cotistas NÃO mede pessoas únicas: um investidor presente em N fundos é contado N vezes. A identidade e o valor por cotista NÃO são públicos.,"CVM: informe mensal tabs X_1, X_1_1 e X_2",100.0,3,"Identidade do cotista indisponível, salvo quando a própria empresa a divulga em demonstração financeira (ver lente 7).",2026-06-30
7,Dependência corporativa de FIDC,"Importância do FIDC como funding da empresa: cotas retidas em balanço, cessões com retenção de risco, coobrigação e garantias.",saldo confirmado em demonstração financeira,ativo/PL da empresa,empresa (CNPJ) e grupo econômico,Aparecer como cedente NÃO implica dependência; e a existência do veículo não prova transferência de risco. Só há afirmação quando a nota explicativa confirma.,Demonstrações financeiras publicadas (fonte primária),,8,Não é censo: 1 caso confirmado em fonte primária e 7 indiciários. Um Top-20 nacional exigiria mineração sistemática de DFP/ITR.,2026-06-30
8,Exposição operacional (concentração de prestadores),Concentração do mercado em cada papel de prestação de serviço (HHI e share dos maiores).,share de PL por prestador,PL identificado no papel,papel × entidade,Concentração de prestador NÃO equivale a concentração de risco de crédito: um prestador serve veículos economicamente independentes entre si.,CVM: informe mensal + registro de classes,,5,Cobertura varia por papel (controlador: apenas 7% do PL tem o campo preenchido).,2026-06-30
9,Exposição em recuperação judicial,"Entidades relacionadas a FIDCs com processo de recuperação judicial ou falência, por papel (cedente, devedor, cotista, patrocinador) e status processual.",valor da operação relacionada,exposição do fundo à entidade,empresa (CNPJ) × operação,"Estar em recuperação judicial NÃO é evidência de irregularidade. A classificação do crédito como concursal ou extraconcursal depende do contrato e da data do fato gerador (Lei 11.101/2005, art. 49 e §3º), nunca do nome do credor.",DataJud/CNJ e fontes públicas oficiais,,21,Casamento apenas por CNPJ; correspondência por nome exige validação humana.,2026-06-30
