entidade,cnpj,valor,n_veiculos,participacao
OLIVEIRA TRUST SERVICER S/A,02150453000120,76256733591.11,45,0.07629507735346246
BB GESTAO DE RECURSOS DTVM S.A,30822936000169,61306056618.36,2,0.061336882812389575
BANCO BRADESCO S.A.,60746948000112,40620249180.84,32,0.04064067404180558
BTG PACTUAL ASSET MANAGEMENT S/A DTVM,29650082000100,32905080749.89,50,0.03292162623429571
CBSF TRUST ADMINISTRADORA DE RECURSOS LTDA.,23863529000134,29818661015.920002,19,0.029833654572525688
SOLIS INVESTIMENTOS S A,17254708000171,27221374186.02,111,0.027235061762887546
BANCO BTG PACTUAL S/A,30306294000145,25300719043.449997,9,0.025313440867643915
GENIAL GESTÃO LTDA.,22119959000183,25222585787.689995,44,0.02523526832456003
TERCON INVESTIMENTOS S.A.,09121454000195,23845857804.300003,230,0.02385784808845827
BTG PACTUAL GESTORA DE INVESTIMENTOS ALTERNATIVOS LTDA.,07625159000140,23376315185.050003,19,0.023388069371623715
VALORA RENDA FIXA LTDA.,17482086000139,16650503718.779999,24,0.01665887600182408
REAG JUS GESTÃO DE ATIVOS JUDICIAIS LTDA.,46356742000155,16541977184.460001,30,0.01655029489769175
ITAU UNIBANCO ASSET MANAGEMENT LTDA.,40430971000196,15746523763.68,22,0.015754441503355417
INTEGRAL INVESTIMENTOS LTDA.,06576569000186,14952034155.360003,21,0.01495955240610771
ANGÁ ADMINISTRAÇÃO DE RECURSOS LTDA.,09452272000105,14725435642.86,42,0.01473283995429896
VERT GESTORA DE RECURSOS FINANCEIROS LTDA.,31636333000135,14381959508.08,50,0.014389191111265333
ARTESANAL INVESTIMENTOS LTDA,03084098000109,14090911183.1,31,0.01409799644002474
PETRA CAPITAL GESTÃO DE INVESTIMENTOS LTDA,09204714000196,13532080967.630001,57,0.01353888523096941
POLÍGONO CAPITAL LTDA,43241789000185,13191989242.109999,55,0.013198622498960049
OURO PRETO GESTÃO DE RECURSOS S.A.,11916849000126,12842814611.37,102,0.012849272294622415
JUS CAPITAL GESTÃO DE RECURSOS LTDA.,21744796000167,12239427645.11,34,0.01224558193054623
M8 PARTNERS GESTORA DE RECURSOS LTDA.,18038439000179,12135850917.31,57,0.012141953121818434
KANASTRA ADMINISTRAÇÃO DE RECURSOS LTDA,44870662000198,11064485486.3,44,0.011070048981903073
MULTIPLICA CAPITAL ASSET MANAGEMENT LTDA.,07252227000173,10841371215.060001,53,0.010846822523316582
DAYCOVAL ASSET MANAGEMENT ADMINISTRACAO DE RECURSOS LTDA,72027832000102,10002670377.36,35,0.010007699966194687
REDASSET GESTAO DE RECURSOS LTDA,13037768000181,9860601746.21,9,0.00986555989944059
CATÁLISE INVESTIMENTOS LTDA.,18223260000191,9722079893.679998,107,0.009726968394714068
JIVE HIGH YIELD GESTÃO DE RECURSOS LTDA.,07170960000149,8983424232.51,21,0.00898794131929908
XP VISTA ASSET MANAGEMENT LTDA.,16789525000198,8797815454.829998,41,0.008802239212957768
SMART AGRO INVESTIMENTOS LTDA.,28264093000180,8773843201.000002,11,0.008778254905288581
ORRAM GESTÃO DE RECURSOS LTDA.,33459864000125,8633464643.55,36,0.00863780576204513
JIVE INVESTMENTS GESTÃO DE RECURSOS E CONSULTORIA S.A.,12600032000107,8334239347.5,30,0.008338430008152245
XP INVESTIMENTOS CCTVM S.A.,02332886000104,8006830008.85,3,0.008010856040029124
BLUE SOLUTIONS ASSET MANAGEMENT LTDA.,02622448000172,7070937110.33,23,0.007074492551527121
ASA ASSET MANAGEMENT LTDA.,19807960000196,7033087181.079999,9,0.007036623590401194
VERSAL FINANCE GESTÃO DE RECURSOS LTDA,13741074000120,6966388993.4800005,13,0.006969891865311006
GV ATACAMA CAPITAL LTDA.,40888143000104,6030432637.29,33,0.006033464887230925
G5 ADMINISTRADORA DE RECURSOS LTDA.,09446129000100,5757323313.02,42,0.005760218236871374
RIZA SECURITIZAÇÃO E CARTEIRAS GESTORA DE RECURSOS LTD,37556621000166,5746304743.51,19,0.005749194126953453
EMERALD GESTÃO DE INVESTIMENTOS SOCIEDADE UNIPESSOAL LIMITADA,09815294000184,5711197383.799998,18,0.0057140691143989855
VALORA RENDA FIXA ESTRUTURADOS LTDA.,57369679000108,5476981255.280001,34,0.005479735216245433
REDWOOD ADMINISTRAÇÃO DE RECURSOS LTDA,10405423000145,5397538831.9,86,0.005400252847259854
APEX GROUP DISTRIBUIDORA DE TÍTULOS E VALORES MOBILIÁRIOS S.A.,13486793000142,5291812507.030001,18,0.005294473360591751
CARMEL GESTORA DE ATIVOS LTDA,24515907000151,5224081433.22,29,0.005226708229930955
QI GESTÃO DE RECURSOS LTDA.,52332058000136,4857442068.71,17,0.0048598845101253665
BLESS CAPITAL GESTORA DE RECURSOS LTDA.,20675481000142,4618839397.410001,73,0.004621161863530149
GALAPAGOS CAPITAL INVESTIMENTOS E PARTICIPAÇÕES LTDA.,32706879000188,4493881557.650001,35,0.004496141191893064
LASS CAPITAL GESTÃO DE RECURSOS LTDA,23455855000102,4421378809.639999,13,0.004423601987717047
PORTOFINO GESTÃO DE RECURSOS LTDA.,17590181000156,4381929340.41,11,0.004384132682323055
BRAVE GESTORA DE RECURSOS LTDA.,35704148000191,4365969544.73,27,0.004368164861665011
NOVA OCCAM BRASIL GESTAO DE RECURSOS LTDA.,43228545000162,4347915645.51,6,0.004350101884500171
ACURA GESTORA DE RECURSOS LTDA,18167777000100,4279476223.06,15,0.004281628049024247
ITAU UNIBANCO S.A.,60701190000104,4237500534.87,6,0.00423963125442519
GESTORA DE RECURSOS ID - GRID LTDA,44615804000170,4079411380.7,57,0.004081462609137848
ECO GESTÃO DE ATIVOS LTDA,11695155000106,3949531491.9999995,9,0.003951517413633423
SUESTE CAPITAL GESTÃO DE RECURSOS LTDA,29036872000191,3804998602.7799997,18,0.0038069118497197226
SECURITY ADM. DE RECURSOS LTDA,02295841000107,3782353393.77,4,0.0037842552541413267
VCM GESTÃO DE CAPITAL LTDA,12678380000105,3695132071.0899997,24,0.003696990074433738
QUADRA GESTÃO DE RECURSOS S.A.,17707098000114,3631800061.99,23,0.003633626220440941
MILÊNIO CAPITAL GESTÃO DE INVESTIMENTOS LTDA.,16804280000120,3628908473.83,35,0.003630733178319252
INVISTA GESTORA DE RECURSOS LTDA.,19907396000183,3584162623.09,4,0.00358596482826429
ARTESANAL FINANCEIRO LTDA,33576954000104,3567718344.34,10,0.0035695122809262353
INTRA ASSET MANAGEMENT LTDA.,42621928000133,3530155303.86,10,0.0035319303528250435
H2 KAPITAL S.A.,40297139000163,3417985204.32,16,0.0034197038513984527
MULTIPLIKE GESTÃO DE RECURSOS LTDA.,29000207000148,3297097711.5,2,0.0032987555733719823
MORE INVEST GESTORA DE RECURSOS LTDA.,10556398000109,3296830629.8,4,0.0032984883573767307
BANK OF AMERICA MERRILL LYNCH BANCO MULTIPLO S.A.,62073200000121,3220155096.91,2,0.0032217742701417837
NEBRASKA CAPITAL GESTÃO DE RECURSOS LTDA,10290382000199,3168209289.4199996,5,0.003169802343021374
GUARDIAN CRÉDITO LTDA.,54882123000122,3161941448.2700005,15,0.003163531350246591
VINCI GESTORA DE RECURSOS LTDA,11077576000173,3139821965.9,13,0.003141400745656488
ASAROCK ASSET MANAGEMENT LTDA.,48352277000100,2911456479.82,12,0.0029129204317899383
NOVA S.R.M. ADMINISTRAÇÃO DE RECURSOS E FINANÇAS S/A,11504852000132,2864376100.2999997,10,0.002865816379096452
PHRONESIS INVESTIMENTOS LTDA.,10479557000100,2841878248.85,3,0.0028433072151730636
ARTESANAL MCMS LTDA,30701673000130,2760024962.64,12,0.0027614127711163214
REGIA CAPITAL LTDA,54464258000178,2518004602.9900002,8,0.0025192707176732903
LETO ASSET MANAGEMENT LTDA,13189882000127,2483333416.69,15,0.0024845820978475494
APEX GROUP INVESTIMENTOS LTDA.,23025053000162,2430490971.94,1,0.0024317130826158597
EUQUEROINVESTIR GESTÃO DE RECURSOS LTDA,32288914000196,2420113148.8599997,27,0.002421330041311013
FARMTECH GESTÃO DE RECURSOS LTDA.,20043909000134,2397581171.4300003,12,0.0023987867342482425
REAG PORTFÓLIO SOLUTIONS LTDA.,48954141000170,2393392962.41,13,0.0023945964192936737
KUMB INVEST S.A.,48892980000100,2272214790.86,4,0.0022733573163767847
VINCI SPS GESTÃO DE RECURSOS LTDA,16954358000193,2251912460.0,8,0.002253044777005181
EB CAPITAL CRÉDITO PRIVADO LTDA.,53554944000177,2202074010.33,1,0.0022031812673361465
EUROVEST ASSET MANAGEMENT LTDA,10423667000150,2186745397.74,2,0.002187844947142494
BURITI INVESTIMENTOS GESTORA DE RECURSOS LTDA,44696473000140,2186180784.95,41,0.0021872800504512883
AUGME CAPITAL GESTÃO DE RECURSOS LTDA.,23360896000115,2175632855.48,26,0.002176726817222763
IORQ GESTÃO DE RECURSOS LTDA,09456933000162,2107475605.4300003,17,0.0021085352960300663
TIVIO CAPITAL DISTRIBUIDORA DE TITULOS E VALORES MOBILIARIOS S.A.,03384738000198,2094619513.96,9,0.002095672740200882
ORIZ ASSET MANAGEMENT LTDA.,31384260000131,2081592239.69,20,0.002082638915496774
BTG PACTUAL GESTÃO E CONSULTORIA DE INVESTIMENTOS LTDA,12695840000103,2074216943.36,9,0.0020752599106862706
PRAVALER S/A,04531065000114,2041162486.4299998,4,0.002042188833161845
RENOVA GESTORA DE RECURSOS LTDA,13971519000169,2019688237.8500001,18,0.002020703786801171
KINEA INVESTIMENTOS LTDA.,08604187000144,2009431460.86,4,0.002010441852451278
LATACHE GESTÃO DE RECURSOS LTDA,12461742000101,1999514959.8200002,10,0.002000520365150507
MENESTYS GESTORA DE RECURSOS LTDA,50543106000100,1948302634.4299998,37,0.0019492822889429487
PRISMA CLAIMS LTDA.,38267850000123,1905011426.9699998,13,0.001905969313598427
PRISMA CAPITAL LTDA,27451028000100,1871230319.21,6,0.0018721712198660817
PATRIMONIAL GESTÃO DE RECURSOS LTDA.,30135282000103,1827974175.52,14,0.0018288933259224865
LIBERTAS ASSET S/A,32764855000185,1827225703.3399997,36,0.0018281444773922538
Berkana Investimentos e Gestao de Recursos Ltda.,10757908000106,1807041454.53,6,0.0018079500794452117
OPEA GESTORA DE RECURSOS LTDA.,36196900000101,1754127990.83,10,0.001755010009553446
KP GESTÃO DE RECURSOS LTDA,25098663000111,1747370773.34,11,0.0017482493943681945
KOBOLD GESTORA DE FUNDOS LTDA,07852196000191,1739897537.0700002,4,0.0017407724003710794
PÁTRIA INVESTIMENTOS LTDA.,12461756000117,1732826001.56,7,0.001733697309118992
VERDE ASSET MANAGEMENT S.A.,19749539000176,1706180436.1599998,6,0.0017070383456729529
CULTINVEST ASSET MANAGEMENT LTDA,12160857000158,1703862676.9199998,10,0.0017047194210065661
HARBOUR CAPITAL ADMINISTRADORA DE CARTEIRAS DE VALORES MOBILIÁRIOS LTDA.,36040900000100,1685835691.2100003,39,0.0016866833708845017
STRATA CAPITAL GESTÃO DE RECURSOS LTDA,43179785000114,1674409086.0700002,34,0.0016752510201662248
ALGARVE CAPITAL GESTÃO DE RECURSOS LTDA.,38481640000133,1673125526.0900002,21,0.001673966814780678
TRUSTEE DISTRIBUIDORA DE TITULOS E VALORES MOBILIARIOS LTDA.,67030395000146,1636850810.79,4,0.0016376738596610924
B.OND CAPITAL LTDA.,54641866000100,1635972667.63,3,0.0016367952749491003
TRIUS CAPITAL GESTÃO DE INVESTIMENTOS E CONSULTORIA LTDA,11013757000136,1625993723.6500003,5,0.0016268113133104825
ARTESANAL IMOBILIÁRIO LTDA.,55704616000135,1460828586.3000002,2,0.0014615631268646554
APUAMA CAPITAL GESTORA DE RECURSOS LTDA,13557425000148,1442508089.87,19,0.0014432334184381766
OLIVEIRA TRUST DTVM S.A.,36113876000191,1402688931.08,4,0.0014033942375951747
WNT GESTORA DE RECURSOS LTDA,28529686000121,1365079322.73,31,0.0013657657182085119
SOSU CAPITAL GESTÃO DE INVESTIMENTOS LTDA.,28381802000108,1352309737.18,22,0.0013529897117966338
PLURAL INVESTIMENTOS GESTÃO DE RECURSOS LTDA.,09630188000126,1347271831.52,14,0.0013479492729536833
GUARDIAN GESTORA LTDA.,37414193000137,1345192525.0499997,12,0.0013458689209572175
SUNO GESTORA DE RECURSOS LTDA,11304223000169,1329102460.25,5,0.0013297707656766548
CONTEA CAPITAL GESTAO DE RECURSOS LTDA,11325341000153,1320147825.14,20,0.001320811627955745
ARC CAPITAL LTDA.,27690986000125,1314327061.56,8,0.0013149879375525658
CVPAR INVESTIMENTOS LTDA,16492426000140,1293587461.41,12,0.0012942379090212024
BRZ GESTÃO DE RECURSOS LTDA.,14209785000111,1270934963.37,11,0.0012715740207477023
ROOT CAPITAL - GESTÃO DE RECURSOS LTDA,11397040000135,1258249312.45,15,0.001258881991170222
ARTESANAL AGRO LTDA.,55930185000125,1191422066.71,4,0.0011920211430464238
NORTH SEA GESTORA DE RECURSOS LTDA.,41917181000100,1186531901.0900002,7,0.0011871285185308016
OSLO DTVM,13673855000125,1186286953.4,4,0.0011868834476750749
LUMINA CAPITAL MANAGEMENT LTDA.,09500375000195,1181480292.73,10,0.0011820743700977963
GOLDEN ASSET GESTORA DE RECURSOS LTDA.,19910578000103,1168647638.49,4,0.0011692352632834287
CHIMERA CAPITAL ASSET MANAGEMENT LTDA.,37332689000161,1138316509.62,19,0.001138888883175374
CAIXA ECONOMICA FEDERAL,00360305000104,1125156839.8799999,2,0.0011257225964295648
SRM Empírica Gestão de Crédito LTDA,10896871000199,1110022773.52,27,0.001110580920288545
TAG INVESTIMENTOS LTDA,01591499000111,1106208891.1100001,18,0.0011067651201646085
BBS ASSET MANAGEMENT - ADMINISTRADORA DE RECURSOS LTDA,05677501000120,1102158652.59,10,0.0011027128450850027
V8 CAPITAL GESTÃO DE INVESTIMENTOS LTDA.,11392069000124,1081227409.19,7,0.0010817710769406967
PIER GESTÃO DE RECURSOS FINANCEIROS LTDA.,48701625000107,1077843446.39,4,0.0010783854126009205
YARDS ASSET GESTORA DE RECURSOS LTDA.,37537640000145,1051340728.27,4,0.0010518693682620092
SAMESIDE CONSULTORIA E GESTÃO LTDA.,28501790000108,969334455.98,1,0.0009698218612001009
BRZ INVESTIMENTOS LTDA,02888152000106,950601241.7900002,8,0.0009510792274889759
TERA INVESTIMENTOS LTDA.,30782926000147,950079593.24,9,0.0009505573166412468
PRINZ GESTORA DE RECURSOS LTDA.,40701503000109,947192868.03,4,0.000947669139914768
ASSET WEALTH MANAGEMENT LTDA,42221617000187,942911151.0799999,48,0.000943385270012111
SOMMA MULTI-FAMILY OFFICE S.A.,29247309000162,877235520.4499999,3,0.0008776766160587318
MULTINVEST CAPITAL ADMINISTRADORA DE RECURSOS LTDA,12564465000154,854731416.59,11,0.0008551611965814778
NETZ ASSET GESTÃO DE RECURSOS LTDA,48638617000163,832692851.38,15,0.000833111549838514
EVEREST CAPITAL GESTORA DE RECURSOS LTDA.,37464061000110,830225445.16,9,0.0008306429029459429
INTER ASSET GESTÃO DE RECURSOS LTDA.,05585083000141,827859677.99,2,0.0008282759462099875
SEVEN POUNDS ASSET MANAGEMENT LTDA.,39433649000131,821812144.3499999,2,0.0008222253717212415
RCB PORTFÓLIOS LTDA.,23782291000112,821235348.53,4,0.0008216482858741081
VILA RICA CAPITAL GESTORA DE RECURSOS LTDA,14751574000106,806779335.25,3,0.0008071850037548638
REDITUS INVESTIMENTOS LTDA,08964545000120,802801274.96,1,0.0008032049431982486
GLOBAL GESTÃO E INVESTIMENTOS LTDA,16925467000182,795695030.18,16,0.0007960951252234862
MAKENA GESTORA DE RECURSOS LTDA.,44259453000102,782971622.66,2,0.000783365320061058
NUMBER ASSET BRASIL LTDA.,54112373000183,782831616.47,11,0.0007832252434725001
REAL INVESTOR ASSET MANAGEMENT LTDA,11570951000112,768164670.07,4,0.000768550922170892
IRON CAPITAL GESTÃO DE RECURSOS LTDA.,19807499000171,766494126.36,10,0.0007668795384704019
CAIXA DISTRIBUIDORA DE TÍTULOS E VALORES MOBILIÁRIOS S.A.,42040639000140,765945570.4,2,0.000766330706682965
RENTA GESTAO DE RECURSOS LTDA,02604993000136,764669442.27,8,0.0007650539368843353
UTILITY GESTORA DE RECURSOS LTDA.,41727578000121,744821234.88,14,0.0007451957493271889
MERCURY GESTÃO DE RECURSOS LTDA.,39938506000181,727808880.73,4,0.0007281748409468428
FRAM CAPITAL GESTÃO DE ATIVOS LTDA.,08157028000149,722219147.78,10,0.0007225822973415503
RB ASSET MANAGEMENT LTDA,07981934000109,718715183.85,2,0.0007190765715322526
EXES GESTORA DE RECURSOS LTDA.,31960567000133,709853809.8700001,8,0.0007102107418353343
ANTHARUS GESTORA DE RECURSOS LTDA.,55080408000102,706596598.4799999,7,0.0007069518926392862
PRISMA PRIVATE  CREDIT LTDA.,36358004000193,692786571.1800001,6,0.0006931349213176907
VIA INVEST GESTÃO DE RECURSOS LTDA.,44141694000152,685733608.5899999,6,0.0006860784123245246
SOMA ASSET GESTÃO DE INVESTIMENTOS LTDA,26760824000153,674395667.29,12,0.0006747347700286087
HYPERION ASSET MANAGEMENT LTDA.,46208664000141,660194015.25,9,0.0006605259770484557
ARM CAPITAL Ltda.,50982746000116,656909826.3299999,2,0.0006572401367574418
SVN GESTORA DE RECURSOS LTDA,44476932000180,644443241.76,4,0.0006447672836819133
TRACK CAPITAL GESTÃO DE RECURSOS LTDA,26093429000164,643255169.66,3,0.0006435786141900225
BR-CAPITAL DTVM S.A.,44077014000189,641969978.44,1,0.0006422927767442483
JUGIS CAPITAL GESTÃO DE RECURSOS LTDA.,46350241000161,633851557.09,6,0.0006341702732521965
LUME INVESTIMENTOS LTDA.,31158029000120,620015331.67,1,0.0006203270906375413
BMA CAPITAL GESTAO DE RECURSOS LTDA.,45356564000108,618767917.99,1,0.0006190790497272437
IGUANA INVESTIMENTOS LTDA.,10924308000187,609805605.0500001,26,0.0006101122303157322
AZUMI ASSET MANAGEMENT LTDA.,54782532000157,606695914.13,16,0.0006070009757666071
SCORE CAPITAL GESTÃO DE RECURSOS LTDA,49182781000171,597271194.5899999,5,0.0005975715172456768
LIFT CAPITAL GESTORA DE RECURSOS S.A.,45129348000111,590547152.48,10,0.0005908440941218232
BDR INVESTIMENTOS LTDA.,35132740000166,587523351.79,7,0.0005878187729904194
F3 ROCK GESTÃO DE RECURSOS LTDA,26602733000190,587472745.48,9,0.0005877681412343215
CAPITANIA CAPITAL S.A.,41793345000127,565868376.37,3,0.0005661529089158424
VISION BRAZIL GESTÃO DE INVESTIMENTOS E PARTICIPAÇÕES LTDA,07793323000129,550676361.36,6,0.0005509532549868149
PARAGUAÇU INVESTIMENTOS LTDA,21551986000168,549351812.97,14,0.000549628040581287
SINAI ASSET BRASIL LTDA.,58251046000163,540632338.79,11,0.0005409041820350801
BOCAINA CAPITAL GESTORA DE RECURSOS LTDA.,38347420000111,536015832.42999995,6,0.0005362853543820686
KÖLI CAPITAL GESTORA DE RECURSOS S.A.,26198955000199,533789657.31000006,9,0.0005340580598864314
MÖBIUS CAPITAL GESTÃO DE RECURSOS LTDA.,39422314000118,533055349.97,8,0.0005333233833186294
EXT CAPITAL LTDA.,48089509000189,524123834.68,7,0.0005243873770429341
CRD CAPITAL ADMINISTRAÇÃO DE RECURSOS LTDA,27899730000122,518174597.25,4,0.0005184351481899416
WIT GESTÃO DE RECURSOS LTDA.,28093642000100,512128525.14,11,0.0005123860359660888
BANCO SANTANDER (BRASIL) S.A.,90400888000142,511741022.82,1,0.0005119983388003858
FIDD ADMINISTRAÇÃO DE RECURSOS LTDA,32582247000150,511497388.24,12,0.0005117545817149231
WISE ASSET MANAGEMENT LTDA,10442603000105,494826436.88,2,0.0004950752477903017
AURUM GESTÃO DE PATRIMÔNIO LTDA.,33534220000154,490442185.88,1,0.0004906887922810011
SARFATY ASSET GESTÃO DE RECURSOS LTDA.,47813099000104,478504409.56,4,0.0004787450133532749
HOPE ASSET GESTAO DE RECURSOS LTDA,43173313000154,473137918.78,4,0.0004733758241696396
GHIA GESTÃO DE RECURSOS LTDA.,35070686000171,470331596.43000007,7,0.00047056809073169764
LESTE FINANCIAL SERVICES GESTÃO DE RECURSOS LTDA.,17036001000199,469188793.56000006,9,0.0004694247132322898
C20 QUADRANTE INVESTIMENTOS LTDA.,04521606000123,456984442.81000006,8,0.00045721422583437974
VINLAND CAPITAL MANAGEMENT CRÉDITO PRIVADO GESTORA DE RECURSOS LTDA.,31846872000107,440988742.98,3,0.0004412104829728458
EXCLUSIVE INVEST GESTORA DE RECURSOS LTDA.,53301076000113,439040864.72,3,0.00043926162527171877
ICON CAPITAL LTDA.,53956035000165,423760937.06999993,8,0.0004239740144980523
AZ QUEST MZK INVESTIMENTOS MACRO E CRÉDITO LTDA.,21676427000184,421348107.62,2,0.0004215599718180244
SIGULER GUFF GESTORA DE INVESTIMENTOS (ASSET MANAGEMENT) BRASIL LTDA,13772037000180,418358061.98,6,0.00041856842270949064
ALARIS GESTÃO DE RECURSOS LTDA.,16707841000173,415910352.71000004,25,0.0004161194826710308
JOURNEY CAPITAL ADMINISTRACAO DE RECURSOS LTDA,20316689000175,413958739.09000003,4,0.0004141668877316728
BPS CAPITAL GESTORA DE RECURSOS LTDA.,35255886000107,408612369.25,3,0.0004088178296053413
SZ Capital Ltda.,63178448000110,406066284.3,8,0.0004062704644211685
VÊNETO GESTÃO DE RECURSOS LTDA,25248367000150,405426590.89,1,0.00040563044935757885
FIELD GESTORA DE RECURSOS LTDA.,54179624000147,400410281.85,3,0.0004006116179939406
PORTO SEGURO INVESTIMENTOS LTDA,16492391000149,395123197.5,2,0.00039532187516781253
ANGÁ INVESTIMENTOS LTDA,35950923000199,387406356.15999997,2,0.0003876011536100728
RIO BRAVO INVESTIMENTOS LTDA,03864607000108,387322978.37,2,0.00038751773389566807
ALBION CAPITAL LTDA,13056344000164,374621550.7,2,0.00037480991963524934
SOMMA INVESTIMENTOS S.A.,05563299000106,366050519.53000003,9,0.00036623457873984126
SH ASSET CAPITAL GESTÃO DE RECURSOS LTDA,37123902000125,365459933.7,4,0.0003656436959487514
GFS ATIVOS FINANCEIROS E INVESTIMENTOS LTDA.,23447556000126,364132487.04999995,9,0.00036431558182590683
OPTIMUM CAPITAL GESTORA DE RECURSOS LTDA.,29588549000120,346491354.55,2,0.0003466655789303319
CARPA GESTORA DE RECURSOS LTDA.,22792979000110,341836686.64,3,0.00034200857053875386
AVENTIS GESTÃO DE RECURSOS LTDA.,27913835000199,338518011.6100001,11,0.0003386882267972752
CAPRI INVESTIMENTOS LTDA.,29580517000189,334462880.04,1,0.0003346310562073237
INTRA BLACK INVESTIMENTOS GESTÃO DE RECURSOS LTDA,35541359000150,329094171.57000005,17,0.00032925964821857933
CONCRETA GESTORA DE RECURSOS LTDA.,48957769000129,325266439.82,8,0.00032542999179085367
SOD CAPITAL LTDA.,42379993000102,308493277.57,1,0.00030864839558208143
FAR FATOR ADMINISTRAÇÃO DE RECURSOS LTDA,01861016000151,306985218.39,4,0.0003071395781128119
SIMPLIX ASSET MANAGEMENT LTDA.,56703050000190,306898495.31,3,0.000307052811426313
PATAGÔNIA CAPITAL GESTORA DE RECURSOS LTDA.,39526263000174,306889443.5,13,0.00030704375506484014
FACUNDO MANUEL GARCIA,09028104135,306388514.05,1,0.00030654257373518467
UJAY CAPITAL INVESTIMENTOS LTDA,11959069000163,306163072.1,7,0.00030631701842742404
LESTE CREDIT GESTAO DE RECURSOS LTDA,21008985000171,302864887.58,8,0.00030301717549907793
POLO CAPITAL GESTÃO DE RECURSOS LTDA,05451668000179,302375149.71000004,7,0.00030252719137682435
BLP CAPITAL GESTORA DE RECURSOS LTDA.,09360012000100,293505122.40000004,7,0.00029365270399879864
FIGTREE CAPITAL ADMINISTRAÇÃO DE RECURSOS LTDA.,47326127000169,290242804.77000004,8,0.0002903887459952076
FACT INVESTMENTS GESTAO DE RECURSOS LTDA,17480662000109,289897198.46,1,0.0002900429659058494
EST GESTÃO DE PATRIMÔNIO LTDA.,08968113000197,281779509.47,1,0.0002819211951420463
QLZ WM GESTÃO DE PATRIMÔNIOS LTDA.,54558360000132,279128189.14,1,0.0002792685416629345
B.SIDE WEALTH MANAGEMENT CONSULTORIA E GESTÃO DE RECURSOS LTDA,15555601000138,278637548.26,6,0.0002787776540766252
MAKALU GESTORA DE RECURSOS LTDA.,37336862000108,275819182.45,4,0.00027595787112293503
LEGEND LEGAL ASSETS GESTÃO DE RECURSOS LTDA.,47098283000110,268550648.96000004,2,0.0002686856828354154
BANUX INVESTIMENTOS LTDA.,48880654000183,263573387.57,12,0.00026370591875589643
AURORA INVESTIMENTOS LTDA.,53577572000102,257301424.5,1,0.0002574308019885098
CERES ASSET GESTAO DE INVESTIMENTOS LTDA,40962925000138,257286644.13,7,0.000257416014186576
Franklin Templeton Brasil Ltda.,07437241000141,255916020.17,1,0.0002560447010431174
SPECIAL SITUATIONS NEO GESTAO DE RECURSOS LTDA,58012088000141,250395339.01000002,10,0.0002505212439487644
NEXA FINANCE LTDA.,54048859000108,247080085.65,4,0.00024720432359778556
Vórtx Capital Gestão de Recursos Ltda,09645906000138,246517432.36,3,0.0002466413873918643
EAGLE CAPITAL GESTÃO DE INVESTIMENTOS LTDA,04876927000140,239218373.57999998,3,0.00023933865846547747
LEEN CAPITAL LTDA.,42096993000197,236696097.83999997,3,0.00023681511446316136
VESTRA GESTORA DE RECURSOS LTDA,51303875000101,229655725.32999998,4,0.0002297712018805975
RIO DAS PEDRAS ADMINISTRAÇÃO E PARTICIPAÇÕES LTDA,09311153000124,229294041.61,3,0.00022940933629712196
GLOBAL ASSET GESTORA DE RECURSOS LTDA,09031993000133,229050273.29999998,2,0.00022916544541441646
ALTINVEST GESTÃO E ADMINISTRAÇÃO DE RECURSOS DE TERCEIROS LTDA.,47982937000173,225294297.11,2,0.00022540758062715237
FIBRA ADMINISTRADORA DE CARTEIRA DE VALORES MOBILIÁRIOS LTDA,18005720000105,223298358.63,1,0.00022341063854016392
TERRA GESTORA DE RECURSOS LTDA.,42274737000142,211806716.17000002,6,0.000211913217799522
OCTANTE GESTÃO DE RECURSOS LTDA,10334074000118,203780302.29999998,3,0.0002038827680510955
EXA CAPITAL ASSET LTDA.,52213100000108,198136440.11,3,0.00019823606798828914
SIGA GESTORA DE RECURSOS LTDA.,24613511000147,197487574.34,2,0.00019758687595261117
BOCOM BBM CCVM S.A.,15213150000150,197317177.06,2,0.00019741639299266525
D3F CAPITAL GESTORA DE RECURSOS LTDA,52573216000140,196431863.02,4,0.00019653063379497808
URCA GESTÃO DE RECURSOS LTDA.,31818879000107,191487861.59,2,0.0001915841463993856
UNAVANTI INVESTIMENTOS LTDA.,58899508000153,191404975.74,1,0.00019150121887234037
VINCI MAV GESTORA DE RECURSOS LTDA.,43705850000106,190179083.99,2,0.0001902747107137989
VGR - VERONA GESTORA DE RECURSOS LTDA,13692473000149,182216282.19,5,0.0001823079050210867
DIRETA CAPITAL LTDA,12586135000160,176586440.81,2,0.00017667523281828863
STRIVO GESTORA DE RECURSOS Ltda,38411697000166,174535583.45000002,5,0.00017462334423673577
REACH CAPITAL INVESTIMENTOS S.A,28928618000135,170586780.78,1,0.00017067255601157198
ELLO GESTORA DE RECURSOS LTDA,41992770000145,169574409.47,4,0.00016965967565636252
BENAVENT ASSET LTDA,55243889000120,167010998.43,5,0.00016709497567020525
ARANDU LEGAL CLAIMS GESTÃO DE ATIVOS LTDA,41019477000104,166397039.45,7,0.00016648070797652036
HCAM LTDA.,54177006000168,164360559.78,3,0.00016444320431442387
STRATEGI CAPITAL GESTÃO DE RECURSOS LTDA.,37307440000104,162766082.98,4,0.00016284792577224823
MEL GESTORA DE RECURSOS LTDA.,31938859000170,161827873.73,1,0.00016190924476754769
AZ QUEST INFRA LTDA.,50544038000101,158225833.91,1,0.00015830539375327884
CUPERTINO CAPITAL GESTÃO DE RECURSOS LTDA,55465051000180,157115910.55,4,0.00015719491229649788
GRÃO GESTÃO DE RECURSOS LTDA.,43739164000148,156161063.86,1,0.00015623958548608306
ZERO CINCO UM CAPITAL GESTÃO DE RECURSOS LTDA,30193705000133,150610716.99,2,0.00015068644776508098
LAPLACE INVESTIMENTOS E GESTAO DE RECURSOS LTDA,11401701000159,150140437.85999998,3,0.00015021593216716067
CARBYNE INVESTIMENTOS,38318963000100,147994933.76,1,0.00014806934925489765
LEXIS CAPITAL GESTÃO DE RECURSOS LTDA.,51919518000164,147288411.95999998,2,0.00014736247219834887
XP ALLOCATION ASSET MANAGEMENT LTDA,37918829000188,145041562.65,1,0.00014511449311722013
PLANNER CORRETORA DE VALORES S.A.,00806535000154,140583351.19,2,0.00014065403995878003
MAUÁ CAPITAL INVESTIMENTOS ALTERNATIVOS LTDA,09561568000156,140422725.77,1,0.0001404933337723658
MAZA INVESTIMENTOS E CORRETORA DE SEGUROS LTDA.,19061243000168,139607581.85,2,0.00013967777997794188
MONT CAPITAL GESTÃO E ADMINISTRAÇÃO DE RECURSOS S.A.,22598618000138,136548492.83,3,0.00013661715277269747
ITAIMSA GESTÃO DE INVESTIMENTOS LTDA.,52031145000153,135064513.13,10,0.00013513242689118307
BW GESTÃO DE INVESTIMENTOS LTDA.,03214650000128,133467544.5,1,0.000133534655266054
ALAMEDA CAPITAL GESTORA DE INVESTIMENTOS LTDA.,43675872000162,133035277.53,8,0.00013310217094158325
MONTE BRAVO GESTÃO PATRIMONIAL LTDA.,49857981000187,132264798.92,1,0.0001323313049159764
REAL CAPITAL PARTNERS LTDA,12046915000117,131155850.38,2,0.00013122179876935892
EVEREST CAPITAL OFFICE LTDA.,35692834000190,128374736.03,5,0.00012843928600661961
ATIVA ASSET LTDA,45437983000166,127486114.25,4,0.00012755021740571936
CAPITÂNIA ALTERNATIVES S/A,41475648000100,121282635.73,2,0.0001213436196240499
INDIE CAPITAL INVESTIMENTOS LTDA.,14359791000155,119110908.28999999,2,0.00011917080018604614
RIZA AGRONEGÓCIO GESTORA DE RECURSOS LTDA.,12209584000199,117406807.15,1,0.00011746584218205448
GRIF CAPITAL GESTORA DE RECURSOS LTDA.,39314405000130,116605893.07000001,2,0.0001166645253827443
SWM GESTAO DE RECURSOS LTDA.,34867534000131,115499501.81,1,0.00011555757780199012
HSI GESTORA DE ATIVOS FINANCEIROS LTDA.,42238039000191,114499497.05,1,0.00011455707021498635
ITAÚNA CAPITAL LTDA.,51381462000137,114412056.01999998,4,0.0001144695852174845
GCB CAPITAL GESTÃO DE RECURSOS DE VALORES MOBILIÁRIOS LTDA.,39720860000135,114308937.32,2,0.00011436641466686437
FICTOR ASSET LTDA.,35713661000149,114201706.86999999,2,0.00011425913029875513
AVVERO ASSET GESTAO DE RECURSOS LTDA,44391239000105,112123002.36000001,3,0.00011217938056496994
KUARÁ CAPITAL GESTORA DE RECURSOS LTDA.,41179663000100,110138306.0,5,0.00011019368625079609
4I CAPITAL LTDA,11402234000181,108783318.48,2,0.00010883801740972437
VINCI CG GESTORA DE RECURSOS LTDA,31982447000137,108635569.84,1,0.00010869019447807202
LAKEWOOD GESTÃO DE RECURSOS LTDA.,22134302000195,106557648.88,1,0.00010661122868827502
MAINU INVESTIMENTOS LTDA.,57314596000111,105964560.52000001,2,0.00010601784210885153
CPV CAPITAL GESTÃO DE RECURSOS LTDA.,46974410000134,103919645.92,3,0.00010397189927546464
CHESS CAPITAL LTDA.,27684833000175,103543828.71,2,0.00010359589309532245
POLO CAPITAL INTERNACIONAL GESTÃO DE RECURSOS LTDA,08990773000174,103338044.62,2,0.0001033900055320176
BERTHA CAPITAL GESTORA DE RECURSOS S.A.,39976272000167,102973553.63,5,0.00010302533126697758
AROEIRA ASSET GESTÃO DE RECURSOS LTDA,52365272000199,102953088.63,1,0.00010300485597667194
APEX ASSET MANAGEMENT LTDA,05230601000104,99772720.39,3,9.982288856925098e-05
BRASFOR CAPITAL GESTÃO DE RECURSOS LTDA.,58431687000108,99474402.73,1,9.952442090778984e-05
HCS GROUP S.A.,58674469000196,99441908.91,2,9.949191074909745e-05
BLUEWAVE ASSET LTDA,13703306000156,98991257.66,6,9.904103290055828e-05
PORTO SEGURO GESTORA DE RECURSOS LTDA.,51017957000181,98527055.18,2,9.857659700812718e-05
SSG Capital Ltda.,62464181000164,98371843.0,1,9.842130678362324e-05
BRAX INVESTIMENTOS LTDA,12216351000113,98107985.08,2,9.815731618936743e-05
VEGA ASSET MANAGEMENT LTDA.,53827260000100,97209755.92,1,9.725863537764008e-05
ABSOLUTE DHAMA GESTÃO DE INVESTIMENTOS LTDA,14351454000111,97154881.68,3,9.720373354552174e-05
MONETIZA INVESTIMENTOS LTDA.,06238550000120,95561148.05000001,4,9.560919854703028e-05
MRB CAPITAL GESTORA DE RECURSOS LTDA.,29263481000100,92690278.47,2,9.273688542315241e-05
VINCI CAPITAL GESTORA DE RECURSOS LTDA.,11079478000175,89392687.59,1,8.943763643330318e-05
HINOV CAPITAL GESTÃO DE RECURSOS LTDA.,55610401000155,86931634.56,4,8.697534592527238e-05
CITRINO GESTÃO DE RECURSOS LTDA,18994332000102,85559355.08,2,8.560237642937759e-05
SOMACRED ASSET LTDA.,33342059000117,84876706.78,3,8.491938487701216e-05
MOSAICO GESTORA DE RECURSOS LTDA.,52508052000177,82484802.46,7,8.252627784865451e-05
EMPIRICUS ASSET MANAGEMENT  LTDA.,06195084000142,81946547.68,1,8.198775242090453e-05
BRAINVEST ASSESSORIA FINANCEIRA E GESTÃO DE RECURSOS LTDA,08800008000144,81063857.1,2,8.110461800235758e-05
MÉRITO INVESTIMENTOS SA,15632652000116,80226309.3,1,8.026664906271144e-05
Mezzus Capital LTDA.,54037005000118,78942551.18,1,7.8982245437535e-05
EVOLVE CAPITAL GESTÃO DE RECURSOS LTDA.,26636915000181,78171859.09,1,7.821116582458517e-05
LATINOAMERICANA DE INVESTIMENTOS E CAPITAL LTDA,16725273000133,74355470.78,1,7.439285854062034e-05
BOOK CAPITAL LTDA,59684998000133,73745410.4,1,7.37824914072475e-05
Navora - Gestão de Recursos S.A.,60579514000175,71565698.36,2,7.160168335439036e-05
XVI CAPITAL LTDA.,41940952000172,68670373.9,3,6.870490305399702e-05
SONAR SERVIÇOS DE INVESTIMENTO LTDA.,05940778000102,68609137.68,1,6.864363604291856e-05
DEL MONTE - GESTÃO DE INVESTIMENTOS LTDA,08592877000120,68569682.14,1,6.860416066370202e-05
RJ GESTÃO DE RECURSOS LTDA,14101538000105,66894988.55,5,6.692862499655022e-05
PERENNE INVESTIMENTOS LTDA.,33890909000111,66737802.26,2,6.67713596694152e-05
JAZZ CAPITAL LTDA.,54350539000108,66558932.870000005,2,6.659240033948388e-05
BUILDERS VC GESTORA DE RECURSOS LTDA,14121173000172,65121578.17999999,2,6.515432291217197e-05
TUERI GESTORA DE RECURSOS LTDA.,41191496000105,64918658.489999995,6,6.495130118915793e-05
HUMU ASSET GESTORA DE RECURSOS LTDA,41132644000110,64805944.03,4,6.48385300535535e-05
MAM ASSET MANAGEMENT GESTORA DE RECURSOS LTDA.,21180163000173,64705025.67,1,6.473756094931846e-05
KIJANI GESTORA DE RECURSOS LTDA.,43125493000107,64290094.55,1,6.432242119173974e-05
ARANDU WM GESTORA DE PATRIMÔNIO LTDA,05119639000104,63588530.96,3,6.362050483830098e-05
BLUE ASSET GESTÃO DE RECURSOS LTDA.,35068183000161,62896780.22,1,6.29284062690047e-05
3J GESTORA DE RECURSOS LTDA. - ME,29063944000190,62018885.53,3,6.205007015194929e-05
OBY CAPITAL GESTORA DE RECURSOS LTDA.,40147132000165,60145376.0,1,6.0175618575249934e-05
NEST INTERNATIONAL ADMINISTRADORA DE CARTEIRA DE VALORES MOBILIÁRIOS LTDA,08466131000170,59775609.84,2,5.980566648772463e-05
PRX CAPITAL LTDA.,51103245000185,57295891.54,3,5.7324701324336715e-05
SETE ASSET MANAGEMENT LTDA.,56993232000142,57217442.89,3,5.7246213228424846e-05
SQUALO CAPITAL GESTORA DE RECURSOS LTDA,42373402000181,56172117.47,4,5.6200362193077875e-05
BTG PACTUAL GESTORA DE RECURSOS LTDA,09631542000137,55045815.550000004,2,5.507349394075385e-05
CAPITÂNIA INVEST S/A,04274010000176,53032270.13,1,5.3058936060562666e-05
ONZE GESTORA DE INVESTIMENTOS LTDA.,34008311000119,52921559.56,2,5.294816982256345e-05
HECTARE CAPITAL GESTORA DE RECURSOS LTDA.,31230324000140,52734899.91,1,5.276141631549767e-05
CORCOVADO INVESTIMENTOS GESTÃO DE RECURSOS LTDA.,42657808000196,52658706.2,1,5.268518429342513e-05
TAG CAPITAL LTDA,54794111000146,51058341.08,1,5.108401447045729e-05
MAUD CAPITAL GESTORA DE ATIVOS LTDA.,49347835000101,50227635.5,3,5.025289119124774e-05
ARANDU SPECIAL SITUATIONS GESTÃO DE RECURSOS LTDA,48890963000134,49847229.510000005,4,4.9872293923754055e-05
AF INVEST ADMINISTRAÇÃO DE RECURSOS LTDA,03226533000184,49613195.81,5,4.963814254585005e-05
RX Asset Ltda.,62390184000109,48733822.75,5,4.875832731543382e-05
PRÓPRIO CAPITAL GESTÃO DE RECURSOS LTDA,13993865000148,47940192.63,1,4.7964298138677995e-05
AXOR ASSET,47917164000141,47840903.56,1,4.7864959143690064e-05
KOMATU GESTORA DE RECURSOS LTDA,44151729000134,47060025.29,1,4.708368822887824e-05
STONEX INVESTIMENTOS LTDA.,20505773000137,47017811.86,1,4.704145357292675e-05
PRIVATTO ADMINISTRAÇÃO DE PATRIMÔNIO LTDA,19207159000100,44644737.52,2,4.466718599274648e-05
NEVES ASSET MANAGEMENT LTDA.,44409242000109,43777440.26,1,4.3799452634339676e-05
PARAMIS BR INVESTIMENTOS LTDA,12417157000104,43625631.4,4,4.36475674411088e-05
IBBRA GESTÃO DE RECURSOS LTDA.,34444602000150,43309465.34,1,4.333124240503289e-05
B6 GESTORA DE RECURSOS LTDA,41302834000139,42909207.370000005,4,4.29307831754751e-05
A5 GESTÃO DE INVESTIMENTOS LTDA,07152171000185,40546244.23,1,4.0566631879455014e-05
AAM GESTORA DE RECURSOS DE TERCEIROS LTDA.,00424749000166,40424757.81,2,4.044508437309322e-05
PLURAL GESTÃO DE RECURSOS LTDA,11397672000280,40421347.68,4,4.044167252839593e-05
AWARE GESTÃO DE RECURSOS LTDA.,25187201000170,40378402.28,1,4.039870553439191e-05
POSITIVA INVESTIMENTOS LTDA,33202473000120,40106989.7,5,4.012715648146714e-05
GRAPHEN INVESTIMENTOS LTDA.,15403817000188,39902212.059999995,4,3.992227587423009e-05
HIKE CAPITAL GESTORA DE RECURSOS LTDA.,56122783000130,39615765.46,1,3.963568524183008e-05
LUCAS ESPERANÇA NAPOLITANO,30166587800,38948249.11,1,3.89678332481815e-05
NIKOS GESTAO DE RECURSOS LTDA.,52906220000182,38532794.58,1,3.855216981741935e-05
LORINVEST GESTÃO DE RECURSOS LTDA,09437736000104,38371271.13,1,3.8390565149453545e-05
LEGATUS CAPITAL GESTORA DE RECURSOS LTDA,20445967000194,37962282.33,7,3.7981370699819556e-05
INVESTCOOP ASSET MANAGEMENT LTDA.,31681693000159,37484275.42,1,3.750312343618131e-05
STEN GESTÃO PATRIMONIAL LTDA.,06332955000122,37299424.48,1,3.7318179548579425e-05
GAMA INVESTIMENTOS LTDA.,08885512000194,35969835.39,1,3.598792190846336e-05
DEZESSEIS DEZOITO GESTÃO DE RECURSOS LTDA,11240125000105,35852032.7,2,3.587005998437167e-05
GERIBÁ INVESTIMENTOS LTDA,10467534000186,35768278.36,4,3.5786263530628295e-05
OUTFIELD VENTURES S.A.,49627380000188,35492196.2,2,3.551004254972378e-05
VIZ GESTORA DE RECURSOS LTDA.,52084835000170,35262369.550000004,8,3.528010033722805e-05
SENECA ASSET MANAGEMENT LTDA.,31602001000130,34393242.95,1,3.441053671898409e-05
EKHO INVESTIMENTOS LTDA.,43628554000140,34338612.03,1,3.435587832921302e-05
VBR CAPITAL LTDA.,45545032000100,33928240.78,1,3.394530073444915e-05
QLZ GESTÃO DE RECURSOS FINANCEIROS LTDA,07250864000100,32335054.73,2,3.235131359129439e-05
Headinvest Asset Management Ltda.,58289954000146,32310065.669999998,3,3.232631196618003e-05
VALORA IMOBILIÁRIO E INFRAESTRUTURA LTDA.,07559989000117,31861146.93,1,3.1877167498789524e-05
CATALUNYA GESTÃO DE RECURSOS LTDA.,45108944000115,31794066.95,1,3.181005378932472e-05
EXANTE ASSET MANAGEMENT LTDA.,30418084000149,31574073.93,1,3.158995015142017e-05
LEGEND WM GESTÃO DE RECURSOS LTDA.,34076827000109,29287318.93,1,2.9302045314728385e-05
HORIZONTE CAPITAL GESTÃO DE INVESTIMENTOS LTDA.,21409171000149,28974466.68,2,2.898903575491769e-05
STARBOARD ASSET LTDA.,15032609000110,28068498.93,1,2.8082612462036832e-05
QUARTZO INVEST LTDA.,21008402000102,28015161.8,3,2.8029248512815224e-05
W CAPITAL MANAGEMENT GESTORA DE RECURSOS LTDA.,47046216000151,27419718.33,3,2.743350563918445e-05
ATF GESTORA DE RECURSOS LTDA.,15192996000151,26998372.71,2,2.7011948156237263e-05
VECTIS CAPITAL SOLUTIONS LTDA.,24033033000104,26805513.87,2,2.6818992342066195e-05
FUNDO GARANTIDOR DE CRÉDITO - FGG,00954288000133,26581137.41,1,2.6594503060060127e-05
TG CORE ASSET LTDA,13194316000103,26299016.96,1,2.6312240752954795e-05
MOKA GESTORA DE RECURSOS DE TERCEIROS LTDA.,17717522000101,26264945.509999998,3,2.627815217099122e-05
REAG SPECIALTY FINANCE LTDA.,14084509000174,25689611.55,3,2.570252891891698e-05
MONTE BRAVO ASSET MANAGEMENT LTDA.,34877615000112,25626511.97,1,2.5639397610895255e-05
Agibank Asset Management Ltda.,62029208000190,24920142.71,1,2.4932673171047352e-05
NERO CAPITAL GESTÃO DE RECURSOS LTDA.,42455783000148,23341250.38,1,2.3352986935126776e-05
RB INVESTIMENTOS GESTÃO DE RECURSOS LTDA.,53205131000171,22796380.1,1,2.280784268094056e-05
AGG INVESTIMENTOS LTDA.,08195535000177,22590996.96,4,2.2602356269243224e-05
SHORE CAPITAL GESTAO DE RECURSOS LTDA,42467304000103,22473139.87,1,2.248443991779787e-05
CLUBE DO VALOR ADMINISTRAÇÃO DE CARTEIRAS DE VALORES MOBILIÁRIOS LTDA,25022196000146,22104588.91,1,2.2115703641305023e-05
4UM GESTÃO DE RECURSOS LTDA.,03983856000112,21485500.38,1,2.149630381835617e-05
FLB ASSET LTDA.,59706327000126,20602982.73,1,2.0613342416762707e-05
H2 ASSET MANAGEMENT LTDA,45537532000109,18905204.4,1,1.8914710402035506e-05
SPRINGS CAPITAL LTDA.,09576295000113,18567101.37,1,1.8576437365511202e-05
TORI 21 CONSULTORIA E INVESTIMENTOS LTDA,26753773000132,18485021.92,1,1.849431664394374e-05
PONTA SUL INVESTIMENTOS LTDA.,08852323000115,18455470.4,1,1.846475026471221e-05
AMARY CAPITAL GESTÃO DE RECUSRSOS LTDA.,40105252000108,17766938.27,1,1.7775871923812246e-05
URBANO ADMINISTRAÇÃO DE RECURSOS LTDA.,45083984000150,16736393.49,1,1.6744808960534825e-05
HSO Capital Gestora de Recursos Ltda.,60860623000166,16644790.77,1,1.6653160180432833e-05
AWR GESTÃO DE RECURSOS LTDA.,57109609000110,16112755.61,1,1.6120857500060828e-05
ARANDU PORTFOLIO SOLUTIONS LTDA,43755691000146,15271509.29,1,1.527918818070779e-05
LITUS GESTAO DE RECURSOS LTDA,13584716000125,14029239.06,1,1.4036293306663475e-05
CFG ASSET MANAGEMENT GESTORA DE RECURSOS LTDA.,45695771000189,13963150.12,1,1.3970171135517971e-05
ERFOLG GESTORA DE RECURSOS S/A,34989998000110,13602277.74,3,1.3609117300004123e-05
Altavista Capital Ltda.,61470319000175,13570802.93,2,1.3577626663695049e-05
AUSTER CAPITAL GESTÃO DE RECURSOS LTDA.,27257763000179,13204141.27,1,1.3210780637188738e-05
FYTO CAPITAL ADMINISTRADORA DE RECURSOS LTDA,15040228000182,13098456.72,1,1.3105042946396069e-05
Theras Capital Gestão de Investimentos Ltda.,62051574000146,12994236.49,1,1.3000770311899531e-05
GUSTAVO HENRIQUE FONSECA DE OLIVEIRA,43809433802,12110996.030000001,2,1.2117085736859411e-05
U.V. GESTORA DE ATIVOS FINANCEIROS LTDA,07213252000148,12103445.34,1,1.2109531250186653e-05
MONGERAL AEGON GESTÃO DE FUNDOS IMOBILIÁRIOS LTDA.,37760334000173,10713278.0,1,1.0718664899835634e-05
ETTI PARTNERS - GESTÃO DE RECURSOS DE TERCEIROS LTDA.,52444324000112,10533243.08,1,1.0538539453847139e-05
RIZA DIRECT LENDING GESTORA DE RECURSOS LTDA.,57809296000103,10478306.21,1,1.048357496023689e-05
HIGH GESTÃO E INVESTIMENTOS LTDA,08647754000140,10198775.16,1,1.02039033551456e-05
HORIZONTES ASSET LTDA,58805121000190,9963830.64,1,9.968840699258884e-06
MAUÁ CAPITAL REAL ESTATE LTDA,04608171000159,9879439.6,1,9.88440722536708e-06
VINCI SOLUÇÕES DE INVESTIMENTOS LTDA,13421810000163,9514464.38,1,9.519248486844307e-06
CAPSICUM ASSETS GESTÃO DE RECURSOS LTDA,52553822000101,9199901.9,1,9.204527837087878e-06
FAMA RE.CAPITAL LTDA,00156956000187,8994320.41,1,8.998842975655279e-06
NOVUS CREDITO GESTAO DE RECURSOS LTDA,42524344000140,8386842.08,1,8.391059190600717e-06
HIGH ASSET MANAGEMENT LTDA,45036300000169,7563727.32,1,7.5675305482422695e-06
SKADE CAPITAL GESTÃO DE INVESTMENTOS LTDA.,37555586000160,6992852.84,2,6.99636901850432e-06
FORTIS GESTORA DE RECURSOS LTDA.,57088175000110,6873772.12,3,6.877228421787689e-06
V-CAPITAL GESTÃO DE RECURSOS E INVESTIMENTOS LTDA.,39491900000114,6292871.9,1,6.296036110860931e-06
MIRABAUD INVESTIMENTOS LTDA.,36684109000132,6151901.72,1,6.154995047585105e-06
LCP GESTORA DE RECURSOS LTDA,46382187000136,6081602.38,1,6.084660359346864e-06
Majors Asset Gestão de Recursos Unipessoal Ltda.,60056088000195,5923280.58,1,5.9262589512494726e-06
ROCHA OPÇÕES DE INVESTIMENTOS LTDA.,55713167000191,5742740.37,1,5.745627961188732e-06
FESTOR ASSET MANAGEMENT LTDA,54828158000183,5725472.99,1,5.728351898725113e-06
DOT. INVESTIMENTOS LTDA.,60115899000110,5651835.18,1,5.654677061821994e-06
NAIA CAPITAL GESTÃO E CONSULTORIA FINANCEIRA LTDA.,29793963000171,5508683.9,1,5.511453801835411e-06
SASTRE GESTÃO DE PATRIMÔNIO LTDA.,27222262000157,5505774.0,1,5.508542438666077e-06
FLORIDA INVESTIMENTOS E GESTÃO DE RECURSOS LTDA,11275045000195,5398146.08,1,5.400860400699143e-06
XMS S/A,41397045000129,5380264.02,1,5.382969349159292e-06
OIKOS GESTÃO DE RECURSOS LTDA.,23313334000110,5335300.42,1,5.337983140354643e-06
PORTO REAL INVESTIMENTOS LTDA.,13333516000108,4630731.7,1,4.633060145862564e-06
ACTUM CAPITAL GESTÃO DE RECURSOS LTDA.,38412222000194,3461793.75,1,3.4635344250933627e-06
MERITO DISTRIBUIDORA DE TITULOS E VALORES MOBILIARIOS LTDA.,41592532000142,3267142.24,1,3.2687850395236984e-06
MARIN GESTORA DE RECURSOS S.A,29762953000179,3170463.45,1,3.17205763704879e-06
CEDRO ASSET MANAGEMENT LTDA,18190296000116,3029669.61,1,3.0311930024410557e-06
ITER GESTORA DE RECURSOS LTDA.,51543934000100,2929726.1,1,2.931199238384586e-06
PLANALTO CAPITAL GESTÃO DE RECURSOS LTDA.,26741433000191,2704428.09,2,2.705787943000501e-06
FRONTEIRA - GESTÃO DE INVESTIMENTOS LTDA,30342314000133,2119611.7,1,2.120677492927089e-06
Ark Gestora de Recursos Ltda.,58346678000100,2048769.32,1,2.049799491634971e-06
PÁTRIA VBI SECURITIES LTDA.,17054901000169,1935803.45,1,1.9367768196154085e-06
ETRNTY CAPITAL GESTORA DE RECURSOS LTDA,47949396000181,1765614.72,1,1.7665025145335646e-06
HALTIN CAPITAL GESTAO DE RECURSOS LTDA,19184376000121,1644060.47,1,1.6448871440651752e-06
QR ASSET GESTORA DE RECURSOS LTDA.,32832649000165,1593981.18,1,1.5947826729656957e-06
QUARTER INVESTIMENTOS ASSET MANAGEMENT LTDA,11797258000187,1377436.25,1,1.378128858845651e-06
LELIS ALBERTO DE MOURA NOBRE,34724184787,1180188.23,1,1.1807816576868576e-06
R CAPITAL ASSET MANAGEMENT INVESTIMENTOS S.A.,33962328000148,1128790.66,1,1.1293582437237507e-06
FOURCE GESTÃO DE RECURSOS LTDA.,49497776000158,1029286.55,1,1.0298041006084146e-06
BLOXS ASSET GESTÃO DE RECURSOS LTDA,28038617000115,888387.3,1,8.888340029979385e-07
Rios Asset Management Ltda.,57601588000156,805793.73,1,8.06198902918288e-07
AV1 Gestora de Recursos Ltda.,53046217000107,468846.0,1,4.6908174730725157e-07
THE FORTUNE ONE - INVESTIMENTOS E GESTÃO DE RECURSOS LTDA.,43217614000132,0.0,1,0.0
VALORAMA ASSET MANAGEMENT LTDA.,43942232000171,0.0,1,0.0
QI CORRETORA DE TÍTULOS E VALORES MOBILIÁRIOS S.A.,62285390000140,0.0,2,0.0
RIVIERA GESTORA DE RECURSOS LTDA,07611259000118,0.0,1,0.0
RJI GESTAO & INVESTIMENTOS LTDA,10995802000132,-3066.739999999292,9,-3.068282032344754e-09
IDGR,21046086000163,-34713.39,5,-3.4730844746799745e-08
BNY MELLON SERVICOS FINANCEIROS DTVM S.A.,02201501000161,-2411111.5899999994,2,-2.412323956245687e-06
