DENOM_SOCIAL,CNPJ,VL_PL,dc,inad_pct,pr_max,red_flag,roll_12m,dc_medio,razao_rolagem,n_cot,COTST_INTERESSE,subord,DT_COMPTC,pl_ant,var,pl_12m,crescimento
FIDC DO SISTEMA PETROBRAS,09195235000150,61254971563.01,58239773982.06,0.0,95.08,RF1 inadimplência ~zero + cedente concentrado,,,,,,,,,,,
CLOUDWALK BELA FUNDO DE INVESTIMENTO EM DIREITOS CREDITÓRIOS SEGMENTO MEIOS DE PAGAMENTO,62393679000183,10010957003.11,9443495620.98,0.0,94.33,RF1 inadimplência ~zero + cedente concentrado,,,,,,,,,,,
AETOS ENERGIA FUNDO DE INVESTIMENTO EM DIREITOS CREDITÓRIOS,52610624000124,7350884666.57,7365283084.6,0.0,96.57,RF1 inadimplência ~zero + cedente concentrado,,,,,,,,,,,
CIELO FUNDO DE INVESTIMENTO EM DIREITOS CREDITÓRIOS,26286939000158,6479950762.42,6096322521.75,0.0,94.08,RF1 inadimplência ~zero + cedente concentrado,,,,,,,,,,,
FIDC ACR BEM BANCOS EMISSORES DE CARTÃO DE CRÉDITO - RESPONSABILIDADE LIMITADA,54979779000168,3677016076.94,3568445607.68,0.0,97.05,RF1 inadimplência ~zero + cedente concentrado,,,,,,,,,,,
GAZIN FUNDO DE INVESTIMENTO EM DIREITOS CREDITÓRIOS MULTISSEGMENTOS - RESPONSABILIDADE LIMITADA,29492605000129,2494236413.23,2448527263.56,5.144753823032657e-06,81.2,RF1 inadimplência ~zero + cedente concentrado,,,,,,,,,,,
VITA AUTO FUNDO DE INVESTIMENTO EM DIREITOS CREDITÓRIOS,50095909000149,2489750068.19,2186604951.8,0.0,65.62,RF1 inadimplência ~zero + cedente concentrado,,,,,,,,,,,
FUNDO DE INVESTIMENTO EM DIREITOS CREDITÓRIOS VALE,13321819000100,2110355080.85,2098119640.26,0.0,99.42,RF1 inadimplência ~zero + cedente concentrado,,,,,,,,,,,
ENDURANCE FUNDO DE INVESTIMENTO EM DIREITOS CREDITÓRIOS RESPONSABILIDADE LIMITADA,62838025000116,2004513902.3,1815548371.9,0.0,89.0,RF1 inadimplência ~zero + cedente concentrado,,,,,,,,,,,
LF III FUNDO DE INVESTIMENTO EM DIREITOS CREDITÓRIOS DE RESPONSABILIDADE LIMITADA,31739396000117,1385981646.72,1292132432.54,0.0,93.23,RF1 inadimplência ~zero + cedente concentrado,,,,,,,,,,,
CATERPILLAR FUNDO DE INVESTIMENTO EM DIREITOS CREDITÓRIOS DO SEGMENTO INDUSTRIAL II - RESP LIMITADA,05754060000113,1666972490.26,1276051396.17,0.0,66.54,RF1 inadimplência ~zero + cedente concentrado,,,,,,,,,,,
FUNDO DE INVESTIMENTO EM DIREITOS CREDITÓRIOS AUTO-HONDA,28279473000199,1844741719.62,1199658157.42,0.0,64.76,RF1 inadimplência ~zero + cedente concentrado,,,,,,,,,,,
FUNDO DE INVESTIMENTO EM DIREITOS CREDITÓRIOS NÃO PADRONIZADOS IV ENERGISA CENTRO OESTE,15254301000119,1122503422.27,951129737.52,0.0,52.45,RF1 inadimplência ~zero + cedente concentrado,,,,,,,,,,,
ANGÁ FGTS III FUNDO DE INVESTIMENTO EM DIREITOS CREDITÓRIOS,54810968000102,965301307.96,948714799.13,4.911142952837559e-05,98.29,RF1 inadimplência ~zero + cedente concentrado,,,,,,,,,,,
MOAB FUNDO DE INVESTIMENTO EM DIREITOS CREDITÓRIOS SEGMENTO RECEBÍVEIS COMERCIAIS,60487508000198,914908738.26,853577232.83,0.0,87.98,RF1 inadimplência ~zero + cedente concentrado,,,,,,,,,,,
SAPPHIRE FUNDO DE INVESTIMENTO EM DIREITOS CREDITÓRIOS DE RESPONSABILIDADE LIMITADA,47227790000106,1425902192.06,760942014.37,0.0,53.37,RF1 inadimplência ~zero + cedente concentrado,,,,,,,,,,,
FUNDO DE INVESTIMENTO EM  DIREITOS CREDITÓRIOS CONSIG PREMIUM I RESPONSABILIDADE  LIMITADA,66226355000101,748831543.44,746388857.97,0.0,99.67,RF1 inadimplência ~zero + cedente concentrado,,,,,,,,,,,
FUNDO DE INVESTIMENTO EM DIREITOS CREDITÓRIOS MT FGTS RECEIVABLES II,54464892000100,697493758.97,693227798.79,0.0001456579066451837,84.3,RF1 inadimplência ~zero + cedente concentrado,,,,,,,,,,,
FUNDO DE INVESTIMENTO EM DIREITOS CREDITÓRIOS TRATEX PRECATÓRIO II - RESPONSABILIDADE LIMITADA,09115244000194,694519721.34,675364435.48,0.0,97.24,RF1 inadimplência ~zero + cedente concentrado,,,,,,,,,,,
CHEMICAL XV - FUNDO DE INVESTIMENTO EM DIREITOS CREDITÓRIOS RESPONSABILIDADE LIMITADA,67063613000149,749412873.0,613376180.48,0.0,81.85,RF1 inadimplência ~zero + cedente concentrado,,,,,,,,,,,
FUNDO DE INVESTIMENTO EM DIREITOS CREDITÓRIOS TURBI I DE RESPONSABILIDADE LIMITADA,49936440000144,590453123.13,578376873.11,0.0,97.95,RF1 inadimplência ~zero + cedente concentrado,,,,,,,,,,,
FUNDO DE INVESTIMENTO EM DIREITOS CREDITÓRIOS MT FGTS RECEIVABLES IV,62010175000137,553851632.17,550240597.54,0.00010090298725361479,99.36,RF1 inadimplência ~zero + cedente concentrado,,,,,,,,,,,
ATENA FUNDO DE INVESTIMENTO EM DIREITOS CREDITÓRIOS SEGMENTO INFRAESTRUTURA DE RESP LIMITADA,65411764000115,511741022.82,510286080.21,0.0,99.72,RF1 inadimplência ~zero + cedente concentrado,,,,,,,,,,,
UNITY FUNDO DE INVESTIMENTO EM DIREITOS CREDITÓRIOS NÃO-PADRONIZADOS,38137056000165,501909965.66,502049824.03,0.0,63.4,RF1 inadimplência ~zero + cedente concentrado,,,,,,,,,,,
ARC DIP JS FUNDO DE INVESTIMENTO EM DIREITOS CREDITÓRIOS NÃO PADRONIZADO,52363951000129,484118379.9,496074813.75,0.0,93.23,RF1 inadimplência ~zero + cedente concentrado,,,,,,,,,,,
SERENA FUNDO DE INVESTIMENTO EM DIREITOS CREDITÓRIOS,53293984000102,865057055.5,483335123.5,0.0,55.76,RF1 inadimplência ~zero + cedente concentrado,,,,,,,,,,,
SUMUP SMART I FIDC SEGMENTO MEIOS DE PAGAMENTO DE RESPONSABILIDADE LIMITADA,62626409000175,459711342.54,454396871.82,0.0,98.84,RF1 inadimplência ~zero + cedente concentrado,,,,,,,,,,,
VVMB FUNDO DE INVESTIMENTO EM DIREITOS CREDITÓRIOS NÃO-PADRONIZADOS,08661352000108,454435894.87,454274736.67,0.0,99.96,RF1 inadimplência ~zero + cedente concentrado,,,,,,,,,,,
VNMB FUNDO DE INVESTIMENTO EM DIREITOS CREDITÓRIOS NÃO-PADRONIZADOS,48904297000146,454418402.05,454274736.67,0.0,99.97,RF1 inadimplência ~zero + cedente concentrado,,,,,,,,,,,
VLBM FUNDO DE INVESTIMENTO EM DIREITOS CREDITÓRIOS NÃO-PADRONIZADOS,48903717000170,454418489.95,454274736.67,0.0,99.97,RF1 inadimplência ~zero + cedente concentrado,,,,,,,,,,,
CEPOR FUNDO DE INVESTIMENTO EM DIREITOS CREDITÓRIOS,60115335000187,426162106.52,426008824.44,0.0,57.0,RF1 inadimplência ~zero + cedente concentrado,,,,,,,,,,,
TAYA TECH FGTS I FUNDO DE INVESTIMENTO EM DIREITOS CREDITÓRIOS,57584334000177,420305555.84,419315551.45,0.00017818444782606452,68.76,RF1 inadimplência ~zero + cedente concentrado,,,,,,,,,,,
FUNDO DE INVESTIMENTO EM DIREITOS CREDITÓRIOS ANGÁ FGTS I - RESPONSABILIDADE LIMITADA,51957370000152,416057702.27,410940884.37,9.337608269088858e-05,83.17,RF1 inadimplência ~zero + cedente concentrado,,,,,,,,,,,
SUMUP SMART II FIDC SEGMENTO MEIOS DE PAGAMENTO DE RESPONSABILIDADE LIMITADA,62627051000103,408290802.91,403253248.03,0.0,98.84,RF1 inadimplência ~zero + cedente concentrado,,,,,,,,,,,
PFC FUNDO DE INVESTIMENTO EM DIREITOS CREDITÓRIOS NÃO-PADRONIZADOS RESPONSABILIDADE LIMITADA,50312715000158,400067890.1,391637626.38,0.0,95.0,RF1 inadimplência ~zero + cedente concentrado,,,,,,,,,,,
CROWN OCEAN CAPITAL CREDITS I FUNDO DE INVESTIMENTO EM DIREITOS CREDITÓRIOS,18676119000144,372748610.13,371945741.0,0.0,99.78,RF1 inadimplência ~zero + cedente concentrado,,,,,,,,,,,
ARES FUNDO DE  INVESTIMENTO EM DIREITOS CREDITÓRIOS NÃO-PADRONIZADOS,44062556000188,352158020.63,348894895.88,0.0,99.07,RF1 inadimplência ~zero + cedente concentrado,,,,,,,,,,,
SUMUP SMART IV FIDC SEGMENTO MEIOS DE PAGAMENTO DE RESPONSABILIDADE LIMITADA,62626887000185,356847386.67,347991200.65,0.0,97.52,RF1 inadimplência ~zero + cedente concentrado,,,,,,,,,,,
CERES CONFINA FIAGRO RESPONSABILIDADE LIMITADA,42336323000109,388016649.48,347969460.70000005,0.0,89.25,RF1 inadimplência ~zero + cedente concentrado,,,,,,,,,,,
ENDURANCE INVEST FUNDO DE INVESTIMENTO EM DIREITOS CREDITÓRIOS,36953080000147,550804156.07,337363512.14,0.0,61.25,RF1 inadimplência ~zero + cedente concentrado,,,,,,,,,,,
FUNDO DE INVESTIMENTO EM DIREITOS CREDITÓRIOS TRATEX PRECATÓRIO III - RESPONSABILIDADE LIMITADA,09443633000149,312198831.01,305133438.88,0.0,97.74,RF1 inadimplência ~zero + cedente concentrado,,,,,,,,,,,
TAYA FGTS FUNDO DE INVESTIMENTO EM DIREITOS CREDITÓRIOS - RESPONSABILIDADE LIMITADA,54968056000163,295849655.91,293719827.88,0.00018435854464044909,51.23,RF1 inadimplência ~zero + cedente concentrado,,,,,,,,,,,
CENTRO SUL CONCESSOES FIDC DE RESPONSABILIDADE LIMITADA,57088244000195,288349194.25,287396631.03,0.0,99.67,RF1 inadimplência ~zero + cedente concentrado,,,,,,,,,,,
SPS ALGARVE DELTA CRÉDITOS JUDICIAIS FIDC DE RESPONSABILIDADE LIMITADA,46449843000170,282130262.87,281977781.37,0.0,99.95,RF1 inadimplência ~zero + cedente concentrado,,,,,,,,,,,
GALAPAGOS SPECIAL OPPORTUNITIES INFRA FUNDO DE INVESTIMENTO EM DIREITOS CREDITÓRIOS RESP LIMITADA,60696539000159,276186525.39,272872795.71,0.0,96.56,RF1 inadimplência ~zero + cedente concentrado,,,,,,,,,,,
CANAL 47 FUNDO DE INVESTIMENTO EM DIREITOS CREDITORIOS NAO PADRONIZADO,32388169000157,284021764.96,272015366.85,0.0,81.15,RF1 inadimplência ~zero + cedente concentrado,,,,,,,,,,,
DISAM CASH - FIDC AGRONEGÓCIO DE RESPONSABILIDADE ILIMITADA,24270541000106,273574186.12,267147237.35,0.0,97.65,RF1 inadimplência ~zero + cedente concentrado,,,,,,,,,,,
FUNDO DE INVESTIMENTO EM DIREITOS CREDITÓRIOS ASAAS III - RESPONSABILIDADE LIMITADA,61292200000150,308073444.29,263285028.89,0.0,85.0,RF1 inadimplência ~zero + cedente concentrado,,,,,,,,,,,
CLOUDWALK AKIRA I FUNDO DE INVESTIMENTO EM DIREITOS CREDITÓRIOS SEGMENTO MEIOS DE PAGAMENTO,42085830000109,308205214.77,255414395.99,0.0,82.67,RF1 inadimplência ~zero + cedente concentrado,,,,,,,,,,,
EUCALIPTO FUNDO  DE INVESTIMENTO EM DIREITOS CREDITÓRIOS DE RESPONSABILIDADE  LIMITADA,66358370000103,254302931.07,252827829.07,0.0,99.42,RF1 inadimplência ~zero + cedente concentrado,,,,,,,,,,,
DIGGER FIDC - SEGMENTO DE RECEBÍVEIS COMERCIAIS - RESPONSABILIDADE LIMITADA,62387472000104,304341088.96,249498514.47,0.0,72.69,RF1 inadimplência ~zero + cedente concentrado,,,,,,,,,,,
ANGÁ FGTS II FUNDO DE INVESTIMENTO EM DIREITOS CREDITÓRIOS - RESPONSABILIDADE LIMITADA,53577135000180,249730019.95,247380964.97,0.0005244252726386315,89.33,RF1 inadimplência ~zero + cedente concentrado,,,,,,,,,,,
ALGARVE AMAZÔNIA FUNDO DE INVESTIMENTO EM DIREITOS CREDITÓRIOS DE RESPONSABILIDADE LIMITADA,48279539000158,238674382.02,235259156.04,0.0,56.16,RF1 inadimplência ~zero + cedente concentrado,,,,,,,,,,,
TB1 FUNDO DE INVESTIMENTO EM DIREITOS CREDITÓRIOS DE RESPONSABILIDADE ILIMITADA,48181830000199,231172857.89,230120348.61,0.0,99.54,RF1 inadimplência ~zero + cedente concentrado,,,,,,,,,,,
URANO FUNDO DE INVESTIMENTO EM DIREITOS CREDITÓRIOS NÃO PADRONIZADO,49686425000195,227408980.45,225585641.9,0.0,99.2,RF1 inadimplência ~zero + cedente concentrado,,,,,,,,,,,
QUATÁ FDC FGTS FUNDO DE INVESTIMENTO EM DIREITOS CREDITÓRIOS,55401645000128,225010783.2,225052538.0,0.0009636999516975009,53.78,RF1 inadimplência ~zero + cedente concentrado,,,,,,,,,,,
CBSB FUNDO DE INVESTIMENTO EM DIREITOS CREDITÓRIOS,56745579000176,226545846.15,224803888.83,0.0,99.23,RF1 inadimplência ~zero + cedente concentrado,,,,,,,,,,,
CREDIT RESTRUCTURING FUNDO DE INVESTIMENTO EM DIREITOS CREDITÓRIOS,54335957000118,238354584.31,217055096.42,0.0,53.42,RF1 inadimplência ~zero + cedente concentrado,,,,,,,,,,,
CERTO - FUNDO DE INVESTIMENTO EM DIREITOS CREDITÓRIOS,43076509000120,215275643.98,206390897.18,0.00047128846925437835,95.92,RF1 inadimplência ~zero + cedente concentrado,,,,,,,,,,,
FUNDO DE INVESTIMENTO EM DIREITOS CREDITÓRIOS PRATA DIGITAL,50057356000130,202932945.36,202010790.26,9.364519576232661e-05,99.56,RF1 inadimplência ~zero + cedente concentrado,,,,,,,,,,,
SUMUP SMART III FIDC SEGMENTO MEIOS DE PAGAMENTO DE RESPONSABILIDADE LIMITADA,62627122000160,204070143.04,202006904.96,0.0,98.99,RF1 inadimplência ~zero + cedente concentrado,,,,,,,,,,,
FERT-AGRO FUNDO DE INVESTIMENTO EM  DIREITOS CREDITÓRIOS DE RESPONSABILIDADE LIMITADA,47669200000103,212788449.8,200602273.3,0.0,94.0,RF1 inadimplência ~zero + cedente concentrado,,,,,,,,,,,
DISTRESSED FUNDO DE INVESTIMENTO EM DIREITOS CREDITÓRIOS MULTISEGMENTOS DE RESPONSABILIDADE LIMITADA,29720595000131,314819121.43,,,,RF2 recompras/substituições > 15% da carteira (12m),863222462.8599999,309288334.245,2.7909958678758504,,,,,,,,
PUMA FUNDO DE INVESTIMENTO EM DIREITOS CREDITORIOS,13805152000103,234467583.91,,,,RF2 recompras/substituições > 15% da carteira (12m),496492445.84000003,216048915.9658333,2.298055714005605,,,,,,,,
TAIPATSB FUNDO DE INVESTIMENTO EM DIREITOS CREDITÓRIOS MULTISSETORIAL,21081976000106,306003884.27,,,,RF2 recompras/substituições > 15% da carteira (12m),520772231.3099999,229446922.3058333,2.269684971480483,,,,,,,,
BRASPRESS URBANO 2 FUNDO DE INVESTIMENTO EM DIREITOS CREDITÓRIOS,60076899000158,172683489.86,,,,RF2 recompras/substituições > 15% da carteira (12m),216141431.67,119242842.90249999,1.8126155533437762,,,,,,,,
EXCLUSIVO FUNDO DE INVESTIMENTO EM DIREITOS CREDITÓRIOS MULTISEGMENTOS DE RESPONSABILIDADE  LIMITADA,17015979000174,256890104.05,,,,RF2 recompras/substituições > 15% da carteira (12m),313860964.31999993,226555301.7408333,1.3853613749416442,,,,,,,,
CONTINENTALBANCO FUNDO DE INVESTIMENTO EM DIREITOS CREDITORIOS,26690689000117,139251677.92,,,,RF2 recompras/substituições > 15% da carteira (12m),164981947.19999996,133065655.93750001,1.2398537100924885,,,,,,,,
SOFISA RECEBÍVEIS FUNDO DE INVESTIMENTO EM DIREITOS CREDITÓRIOS RESPONSABILIDADE LIMITADA,28075236000106,156560274.06,,,,RF2 recompras/substituições > 15% da carteira (12m),160667058.99,135763054.01083335,1.1834372772520234,,,,,,,,
FERT-AGRO FUNDO DE INVESTIMENTO EM  DIREITOS CREDITÓRIOS DE RESPONSABILIDADE LIMITADA,47669200000103,212788449.8,,,,RF2 recompras/substituições > 15% da carteira (12m),190484727.37999997,166177177.3725,1.1462749000304209,,,,,,,,
FUNDO DE INVESTIMENTO EM DIREITOS CREDITÓRIOS JPM III,29720639000123,284558014.72,,,,RF2 recompras/substituições > 15% da carteira (12m),291191190.4,272428418.32916665,1.0688723011567862,,,,,,,,
DEL MONTE FUNDO DE INVESTIMENTO EM DIREITOS CREDITÓRIOS MULTISEGMENTOS,14605855000150,411926192.35,,,,RF2 recompras/substituições > 15% da carteira (12m),337543591.31999993,330665661.34499997,1.0208002546954034,,,,,,,,
GENESIS FUNDO DE  INVESTIMENTO EM DIREITOS CREDITÓRIOS RESPONSABILIDADE  LIMITADA,33019220000116,197463653.8,,,,RF2 recompras/substituições > 15% da carteira (12m),134593099.98,143201224.40083337,0.9398879132713387,,,,,,,,
R&G FUNDO DE INVESTIMENTO EM DIREITOS CREDITÓRIOS MULTISEGMENTOS,11693671000100,286591423.05,,,,RF2 recompras/substituições > 15% da carteira (12m),228569804.18,243847360.485,0.9373478709196863,,,,,,,,
EMPRESARIAL FUNDO DE INVESTIMENTO EM DIREITOS CREDITÓRIOS MULTISEGMENTOS,07727757000120,515352066.52,,,,RF2 recompras/substituições > 15% da carteira (12m),342129215.86,388264661.905,0.8811752637527226,,,,,,,,
IB SIGMA FUNDO DE INVESTIMENTO EM DIREITOS CREDITÓRIOS,20093858000155,262367534.28,,,,RF2 recompras/substituições > 15% da carteira (12m),168542579.03,192199007.72749996,0.8769170092124509,,,,,,,,
FUNDO DE INVESTIMENTO EM DIREITOS CREDITÓRIOS MULTISETORIAL ÁSIA LP,09172117000127,371328923.76,,,,RF2 recompras/substituições > 15% da carteira (12m),294790973.47,345808170.24916667,0.8524696604409115,,,,,,,,
BANMINAS FUNDO DE INVESTIMENTO EM DIREITOS CREDITÓRIOS,35823530000114,421195259.86,,,,RF2 recompras/substituições > 15% da carteira (12m),291033547.32,348096626.12416667,0.8360711523132885,,,,,,,,
FUNDO DE INVESTIMENTO EM DIREITOS CREDITÓRIOS MIT RESPONSABILIDADE LIMITADA,13733804000141,504977273.82,,,,RF2 recompras/substituições > 15% da carteira (12m),403940880.58,492463057.2191667,0.8202460563457643,,,,,,,,
CONTATO FUNDO DE INVESTIMENTO EM DIREITOS CREDITORIOS MULTISSETORIAL,29187006000100,163097214.97,,,,RF2 recompras/substituições > 15% da carteira (12m),122611842.08000001,152749782.36333334,0.8026973275048819,,,,,,,,
MULTI RECEBÍVEIS II FUNDO DE INVESTIMENTO EM DIREITOS CREDITÓRIOS MULTISEGMENTOS,09137729000189,133281248.13,,,,RF2 recompras/substituições > 15% da carteira (12m),78268373.06,104670561.71666665,0.7477591767575024,,,,,,,,
BSPAR FUNDO DE INVESTIMENTO EM DIREITOS CREDITÓRIOS NÃO-PADRONIZADOS MULTISSETORIAL,09527140000197,412745731.73,,,,RF2 recompras/substituições > 15% da carteira (12m),226518841.49,312739545.175,0.7243050806486484,,,,,,,,
CF FUNDO DE INVESTIMENTO EM DIREITOS  CREDITÓRIOS - RESPONSABILIDADE LIMITADA,23200289000198,1481651371.98,,,,RF2 recompras/substituições > 15% da carteira (12m),965270295.83,1350460405.4250002,0.7147712676005648,,,,,,,,
IS GREEN SOLFÁCIL VI FUNDO DE INVESTIMENTO EM DIREITOS CREDITÓRIOS RESPONSABILIDADE LIMITADA,57028406000108,437421807.29,,,,RF2 recompras/substituições > 15% da carteira (12m),527403357.3,756355375.8416667,0.6972957080038064,,,,,,,,
LIBRA II NP FUNDO DE INVESTIMENTO EM DIREITOS CREDITÓRIOS NÃO PADRONIZADOS MULTISSETORIAL,18563847000140,186648500.21,,,,RF2 recompras/substituições > 15% da carteira (12m),111036816.83999999,159901084.32416663,0.6944094050975642,,,,,,,,
AJAXJUD - FUNDO DE INVESTIMENTO EM DIREITOS CREDITÓRIOS MULTISEGMENTOS DE RESPONSABILIDADE LIMITADA,10269029000127,189279045.29,,,,RF2 recompras/substituições > 15% da carteira (12m),109596148.27000001,160863171.4933333,0.6813004322405892,,,,,,,,
DANIELE MÚLTIPLO FUNDO DE INVESTIMENTO EM DIREITOS CREDITÓRIOS,32528241000102,672100372.1,,,,RF2 recompras/substituições > 15% da carteira (12m),367008993.61999995,555208043.4033333,0.6610296770383506,,,,,,,,
"NEGOCIAL FIDC SEGMENTO ECONÔMICO FINANCEIRO, INDUSTRIAL, COMERCIAL E PRESTAÇÃO DE SERVIÇOS",12764483000180,172692886.08,,,,RF2 recompras/substituições > 15% da carteira (12m),93728942.87,146788259.6341667,0.638531603982472,,,,,,,,
VENDA DE VEÍCULOS FUNDO DE INVESTIMENTO EM DIREITOS CREDITÓRIOS,21126275000146,4242510733.6,,,,RF2 recompras/substituições > 15% da carteira (12m),1779317579.5900002,2907678538.245833,0.6119375151640528,,,,,,,,
BRASFOR FUNDO DE INVESTIMENTO EM DIREITOS CREDITÓRIOS MULTISEGMENTOS,18862277000199,168125075.96,,,,RF2 recompras/substituições > 15% da carteira (12m),83791205.84,141373580.86583337,0.5926935239726275,,,,,,,,
RAIZES FUNDO DE INVESTIMENTO EM DIREITOS CREDITORIOS MULTISSETORIAL,17498285000135,264450503.64,,,,RF2 recompras/substituições > 15% da carteira (12m),129655689.85000001,219168529.83333337,0.5915798675503122,,,,,,,,
LINK BANK FUNDO DE INVESTIMENTO EM DIREITOS CREDITORIOS NÃO PADRONIZADOS,29970181000160,130565440.27,,,,RF2 recompras/substituições > 15% da carteira (12m),65358080.980000004,112670034.50833333,0.5800839705535545,,,,,,,,
CREDVALE FUNDO DE INVESTIMENTO EM DIREITOS CREDITORIOS MULTISSETORIAL,28194817000167,323246669.37,,,,RF2 recompras/substituições > 15% da carteira (12m),156307954.82999998,273760416.4941667,0.570966236944378,,,,,,,,
SIGMA CREDIT FUNDO DE INVESTIMENTO EM DIREITOS CREDITORIOS,29236426000120,137273357.35,,,,RF2 recompras/substituições > 15% da carteira (12m),68777898.13,121043993.71166666,0.5682057904817043,,,,,,,,
MAKENA FUNDO DE INVESTIMENTO EM DIREITOS CREDITÓRIOS,45938235000167,643719944.74,,,,RF2 recompras/substituições > 15% da carteira (12m),307584130.08000004,542206352.1274999,0.5672824172441114,,,,,,,,
CONFIANÇA FUNDO DE INVESTIMENTO EM DIREITOS CREDITÓRIOS,22175369000178,202437121.53,,,,RF2 recompras/substituições > 15% da carteira (12m),113852155.03999999,201490054.5958333,0.5650509910693845,,,,,,,,
BIO-STARS  FUNDO DE INVESTIMENTO EM DIREITOS CREDITÓRIOS NÃO  PADRONIZADO,46230862000101,118101092.88,,,,RF2 recompras/substituições > 15% da carteira (12m),59571035.839999996,106037122.65916665,0.561794156103973,,,,,,,,
CREDIT PARTNERS FUNDO DE INVESTIMENTO EM DIREITO CREDITÓRIOS,32274874000123,140936265.13,,,,RF2 recompras/substituições > 15% da carteira (12m),77751696.0,142184922.79833332,0.5468350263148394,,,,,,,,
LARCA MULTIPLICA CAPITAL FUNDO DE INVESTIMENTO EM DIREITOS CREDITÓRIOS,41114564000132,186148756.93,,,,RF2 recompras/substituições > 15% da carteira (12m),125666324.94,235062684.97500002,0.5346077151861223,,,,,,,,
FINANZI FUNDO DE INVESTIMENTO EM DIREITOS CREDITÓRIOS NÃO PADRONIZADOS,32316940000180,183539705.5,,,,RF2 recompras/substituições > 15% da carteira (12m),78205825.0,146622874.55750003,0.5333807922946606,,,,,,,,
MULTIPLIX MULTISSETORIAL FUNDO DE INVESTIMENTO EM DIREITOS CREDITÓRIOS - RESPONSABILIDADE LIMITADA,14770038000158,232485585.75,,,,RF2 recompras/substituições > 15% da carteira (12m),117674489.37,222168436.06749997,0.5296634006742873,,,,,,,,
MP FUNDO DE INVESTIMENTO EM DIREITOS CREDITÓRIOS,15675220000192,671805123.57,,,,RF2 recompras/substituições > 15% da carteira (12m),284414958.67,544971868.0416666,0.5218892485075113,,,,,,,,
PLATA I FUNDO DE INVESTIMENTO EM DIREITOS CREDITÓRIOS MULTISSEGMENTOS,17198574000119,239576896.6,,,,RF2 recompras/substituições > 15% da carteira (12m),90885984.25999999,176249564.8425,0.5156664320914349,,,,,,,,
FUNDO DE INVESTIMENTO EM DIREITOS CREDITORIOS SABIA CREDIT,29957532000101,217786533.51,,,,RF2 recompras/substituições > 15% da carteira (12m),104030902.30999999,203458147.14333335,0.5113135245290115,,,,,,,,
PONTUAL BRASIL FUNDO DE INVESTIMENTO EM DIREITOS CREDITÓRIOS MULTISSETORIAL - RESPONSABILIDADE LIMIT,31844721000101,166559632.75,,,,RF2 recompras/substituições > 15% da carteira (12m),87484232.87,178457315.56499997,0.49022497392736697,,,,,,,,
MINERVA FUNDO DE INVESTIMENTO EM DIREITOS CREDITÓRIOS II - CRÉDITO MERCANTIL RESP LIMITADA,60871638000120,838018529.68,,,,RF2 recompras/substituições > 15% da carteira (12m),254997891.70999998,541843512.3933333,0.4706116911572298,,,,,,,,
LEPTA MULTISETORIAL FUNDO DE INVESTIMENTO EM DIREITOS CREDITÓRIOS,59904247000185,337304845.12,,,,RF2 recompras/substituições > 15% da carteira (12m),124894004.55,267018450.32666668,0.46773548568350387,,,,,,,,
INVISTA III FUNDO DE INVESTIMENTO EM DIREITOS CREDITÓRIOS - RESPONSABILIDADE LIMITADA,26489103000150,136418699.99,,,,RF2 recompras/substituições > 15% da carteira (12m),79751192.89999999,170895176.8425,0.4666673125216406,,,,,,,,
INTERBANK FUNDO DE INVESTIMENTO EM DIREITOS CREDITÓRIOS,20791371000146,473536709.71,,,,RF2 recompras/substituições > 15% da carteira (12m),173380157.10999998,373494704.00333333,0.46421048344624616,,,,,,,,
SUPER BOX FUNDO DE INVESTIMENTO EM DIREITOS CREDITÓRIOS,54028640000139,156416953.58,,,,RF2 recompras/substituições > 15% da carteira (12m),48971000.0,105944860.49083333,0.4622310112366151,,,,,,,,
BEX FUNDO DE INVESTIMENTO EM DIREITOS  CREDITÓRIOS - RESPONSABILIDADE LIMITADA,44002535000177,246712950.77,,,,RF2 recompras/substituições > 15% da carteira (12m),77565016.78999999,169106269.54833335,0.4586761744385275,,,,,,,,
STARS BANK I FUNDO DE INVESTIMENTO EM DIREITOS CREDITÓRIOS - RESPONSABILIDADE LIMITADA,52304780000167,151637878.52,,,,RF2 recompras/substituições > 15% da carteira (12m),48953542.36,110114076.18833333,0.44457115797141533,,,,,,,,
METROPOL FUNDO DE INVESTIMENTO EM DIREITOS CREDITÓRIOS,57284265000186,142891879.57,,,,RF2 recompras/substituições > 15% da carteira (12m),58659941.58,132133655.90833335,0.44394398366374466,,,,,,,,
MR FUNDO DE INVESTIMENTO EM DIREITOS CREDITÓRIOS,22175405000101,145164202.12,,,,RF2 recompras/substituições > 15% da carteira (12m),57808666.690000005,130891795.52,0.44165233168619006,,,,,,,,
RDF FUNDO DE INVESTIMENTO EM DIREITOS CREDITÓRIOS DE RESPONSABILIDADE LIMITADA,19425700000156,232999620.24,,,,RF2 recompras/substituições > 15% da carteira (12m),119747629.46,272367221.27416664,0.4396550689903365,,,,,,,,
OS FUNDO DE INVESTIMENTO EM DIREITOS CREDITÓRIOS MULTISETORIAL - RESPONSABILIDADE LIMITADA,21888857000160,111576205.41,,,,RF2 recompras/substituições > 15% da carteira (12m),44405490.54,102500324.85000001,0.43322292495153975,,,,,,,,
GAVEA SUL FUNDO DE INVESTIMENTO EM DIREITOS CREDITÓRIOS MULTISSETORIAL LP,18185812000114,561951177.27,,,,RF2 recompras/substituições > 15% da carteira (12m),179775244.09,418826464.8666666,0.4292356361655213,,,,,,,,
LIBRA FUNDO DE INVESTIMENTO EM DIREITOS CREDITÓRIOS MULTISSETORIAL,12400421000199,194318406.42,,,,RF2 recompras/substituições > 15% da carteira (12m),70242739.89,171953507.04833335,0.40849844295560606,,,,,,,,
SUN CAPITAL FUNDO DE INVESTIMENTO EM DIREITOS CREDITÓRIOS NÃO PADRONIZADOS,32156038000144,213548427.06,,,,RF2 recompras/substituições > 15% da carteira (12m),65861599.239999995,162074762.93000004,0.4063655442053342,,,,,,,,
UNIQUE II FUNDO DE INVESTIMENTO EM DIREITOS CREDITÓRIOS,32388171000126,353443030.46,,,,RF2 recompras/substituições > 15% da carteira (12m),95830718.54,237462662.15833333,0.4035612069239871,,,,,,,,
LOTUS PERFORMANCE FUNDO DE INVESTIMENTO EM DIREITOS CREDITÓRIOS MULTISEGMENTOS,19424642000146,503850555.81,,,,RF2 recompras/substituições > 15% da carteira (12m),171116308.6,425742316.22416663,0.4019245963558434,,,,,,,,
LGX FUNDO DE INVESTIMENTO EM DIREITOS CREDITÓRIOS - RESPONSABILIDADE LIMITADA,34218918000123,121441290.33,,,,RF2 recompras/substituições > 15% da carteira (12m),41735184.58,103923499.07499999,0.4015952595079613,,,,,,,,
ADGM FUNDO DE INVESTIMENTO EM DIREITOS CREDITÓRIOS,50491214000186,710016994.04,,,,RF2 recompras/substituições > 15% da carteira (12m),210621759.59,551331318.745,0.3820239344817922,,,,,,,,
FUNDO DE  INVESTIMENTO EM DIREITOS CREDITÓRIOS TRADEPAY VAREJO I - RESPONSABILIDADE  LIMITADA,31570767000180,702136589.85,,,,RF2 recompras/substituições > 15% da carteira (12m),212938795.88,567106274.9775,0.37548305366299883,,,,,,,,
NEW TRADE BANK FUNDO DE INVESTIMENTO EM DIREITOS CREDITÓRIOS,13842701000110,205402109.63,,,,RF2 recompras/substituições > 15% da carteira (12m),66172671.849999994,179690771.79583335,0.36825859886219486,,,,,,,,
GAVEA OPEN FUNDO DE INVESTIMENTO EM DIREITOS CREDITÓRIOS,31024386000103,561229780.43,,,,RF2 recompras/substituições > 15% da carteira (12m),171604976.02,475200399.2241667,0.3611212791491125,,,,,,,,
GFM FUNDO DE INVESTIMENTO EM DIREITOS CREDITÓRIOS MULTICRÉDITO,13098860000151,305031610.3,,,,RF2 recompras/substituições > 15% da carteira (12m),93061177.43,261652494.24749997,0.35566707551418336,,,,,,,,
FUNDO DE INVESTIMENTO EM DIREITOS CREDITÓRIOS COMERCIAIS SKYFALL DE RESPONSABILIDADE LIMITADA,53030845000196,150394351.63,,,,RF2 recompras/substituições > 15% da carteira (12m),43007056.470000006,124796201.51666667,0.34461831327659737,,,,,,,,
FUNDO DE INVESTIMENTO EM DIREITOS CREDITÓRIOS MULTISSETORIAL ONE7 LP RESPONSABILIDADE LIMITADA,08654210000105,502797099.05,,,,RF2 recompras/substituições > 15% da carteira (12m),115492329.72,341751719.08166665,0.3379422056174102,,,,,,,,
FUNDO DE INVESTIMENTO EM DIREITOS CREDITÓRIOS EMPÍRICA NOVERDE CRÉDITO PESSOAL,26758072000196,90787060.8,,,,RF2 recompras/substituições > 15% da carteira (12m),86900573.47999999,263974240.44249997,0.32920096042071595,,,,,,,,
VECTOR FUNDO DE INVESTIMENTO EM DIREITOS CREDITÓRIOS  MULTISSETORIAL,19187295000185,132379912.24,,,,RF2 recompras/substituições > 15% da carteira (12m),33549155.189999998,103436854.38833332,0.3243443102402002,,,,,,,,
RNX FUNDO DE INVESTIMENTO EM DIREITOS CREDITÓRIOS MULTISSETORIAL DE RESPONSABILIDADE LIMITADA,12813212000177,715409074.26,,,,RF2 recompras/substituições > 15% da carteira (12m),186389891.77,581912951.3325001,0.3203054534929889,,,,,,,,
BASSO FUNDO DE INVESTIMENTO EM DIREITOS CREDITORIOS,26756137000164,603633491.31,,,,RF2 recompras/substituições > 15% da carteira (12m),132813686.01000002,427425144.77000004,0.3107296976678053,,,,,,,,
OPERA FUNDO DE INVESTIMENTO EM DIREITOS CREDITÓRIOS MULTISETORIAL,29226704000169,767510008.24,,,,RF2 recompras/substituições > 15% da carteira (12m),178691175.71,578446862.1916666,0.30891545514303653,,,,,,,,
CREDITISE FUNDO DE INVESTIMENTO EM DIREITOS CREDITÓRIOS - RESPONSABILIDADE LIMITADA,28702814000197,179682476.82,,,,RF2 recompras/substituições > 15% da carteira (12m),55538908.980000004,180307229.0625,0.3080237507324153,,,,,,,,
LABRADOR FUNDO DE INVESTIMENTO EM DIREITOS CREDITÓRIOS,21917325000103,260167064.91,,,,RF2 recompras/substituições > 15% da carteira (12m),35408759.54,115382938.80083333,0.3068803751057194,,,,,,,,
BANFITA FUNDO DE INVESTIMENTO EM DIREITOS CREDITÓRIOS MULTISSETORIAL,35580989000134,281569395.14,,,,RF2 recompras/substituições > 15% da carteira (12m),64776019.72,212375000.535,0.3050077436460076,,,,,,,,
PREMIUM RECEBÍVEIS MULTISSETORIAL FUNDO DE INVESTIMENTO EM  DIREITOS CREDITÓRIOS - RESP LIMITADA,27456204000198,164860734.48,,,,RF2 recompras/substituições > 15% da carteira (12m),45894630.339999996,150631215.40333337,0.30468206883355187,,,,,,,,
HB CAPITAL FUNDO DE INVESTIMENTO EM DIREITOS CREDITÓRIOS,27326160000181,430621219.08,,,,RF2 recompras/substituições > 15% da carteira (12m),105136878.18,354356713.5408333,0.2966978588593464,,,,,,,,
FUNDO DE INVESTIMENTO EM DIREITOS CREDITORIOS CASH FLOW MULTISSEGMENTOS,97533979000103,590129661.12,,,,RF2 recompras/substituições > 15% da carteira (12m),124809378.07,423421670.52083343,0.2947637940128977,,,,,,,,
MULTI ASSET FUNDO DE INVESTIMENTO EM DIREITOS CREDITÓRIOS,10841847000152,442471992.48,,,,RF2 recompras/substituições > 15% da carteira (12m),100324632.86,346587953.4983334,0.2894637042267611,,,,,,,,
PHD FUNDO DE INVESTIMENTO EM DIREITOS CREDITÓRIOS,39769038000169,220380755.93,,,,RF2 recompras/substituições > 15% da carteira (12m),54460369.33999999,191032854.11249998,0.28508378620531977,,,,,,,,
GARSON - FUNDO DE INVESTIMENTO EM DIREITOS CREDITÓRIOS,12254372000123,286636165.44,,,,RF2 recompras/substituições > 15% da carteira (12m),72834007.62,257838598.43999997,0.2824790704753569,,,,,,,,
EDISON FUNDO DE INVESTIMENTO EM DIREITOS CREDITÓRIOS,34218936000105,120616801.56,,,,RF2 recompras/substituições > 15% da carteira (12m),33788416.050000004,121235244.5225,0.27870126532164685,,,,,,,,
FUNDO DE INVESTIMENTO EM DIREITOS CREDITÓRIOS SANTA CRUZ CAPITAL,32969429000188,459089534.64,,,,RF2 recompras/substituições > 15% da carteira (12m),108067900.02000001,394508957.8308334,0.27393015513310565,,,,,,,,
VFA CONSIGNADO FUNDO DE INVESTIMENTO EM DIREITOS CREDITÓRIOS,51869340000194,131395453.6,,,,RF2 recompras/substituições > 15% da carteira (12m),37931698.660000004,138572036.1966667,0.27373270755844203,,,,,,,,
APPALOOSA FUNDO DE  INVESTIMENTO EM DIREITOS CREDITÓRIOS,30659203000155,132683262.73,,,,RF2 recompras/substituições > 15% da carteira (12m),28508649.5,105928395.83,0.26913132476538515,,,,,,,,
ROVENSA FUNDO DE INVESTIMENTO EM DIREITOS CREDITÓRIOS AGRONEGÓCIO  RESPONSABILIDADE LIMITADA,17198822000121,163904940.18,,,,RF2 recompras/substituições > 15% da carteira (12m),36319403.57,136085858.47833332,0.2668859496211543,,,,,,,,
AERIS FIDC - INDÚSTRIA E COMÉRCIO - RESPONSABILIDADE LIMITADA,54349601000133,153642697.13,,,,RF2 recompras/substituições > 15% da carteira (12m),44639632.71,168451560.1933333,0.2649998175069837,,,,,,,,
VALOREM FUNDO DE INVESTIMENTO EM DIREITOS CREDITÓRIOS  MULTISETORIAL RESPONSABILIDADE LIMITADA,17468142000180,511752071.28,,,,RF2 recompras/substituições > 15% da carteira (12m),103423838.91999999,390506301.4216666,0.26484550580484356,,,,,,,,
RED - FUNDO DE  INVESTIMENTO EM DIREITOS CREDITÓRIOS MULTISETORIAL LP - RESPONSABILIDADE  LIMITADA,08632394000102,1569551198.23,,,,RF2 recompras/substituições > 15% da carteira (12m),309322208.89,1188061506.04,0.260358750214053,,,,,,,,
SOLAR PUGLIA FUNDO DE INVESTIMENTO EM DIREITOS CREDITÓRIOS RESPONSABILIDADE LIMITADA,52498421000198,304498232.36,,,,RF2 recompras/substituições > 15% da carteira (12m),57614030.23,224359071.25666666,0.25679385240496727,,,,,,,,
SEJA FUNDO DE INVESTIMENTO EM DIREITOS CREDITÓRIOS,24987402000190,180573682.71,,,,RF2 recompras/substituições > 15% da carteira (12m),37122613.69,144876394.09,0.256236455380983,,,,,,,,
DCASH FUNDO DE INVESTIMENTO EM DIREITOS CREDITÓRIOS,32202903000141,176190282.59,,,,RF2 recompras/substituições > 15% da carteira (12m),37560479.510000005,148458254.01333335,0.25300364576985135,,,,,,,,
JES FUNDO DE INVESTIMENTO EM DIREITOS CREDITÓRIOS MULTISEGMENTOS,33133194000152,178212575.51,,,,RF2 recompras/substituições > 15% da carteira (12m),37528781.04,149425698.44083333,0.2511534590876275,,,,,,,,
SP CAPITAL FUNDO DE INVESTIMENTO EM DIREITOS CREDITÓRIOS,49007595000104,186388901.69,,,,RF2 recompras/substituições > 15% da carteira (12m),30489154.080000002,123972767.36583334,0.2459342864391261,,,,,,,,
NOVA CAPITAL FUNDO DE INVESTIMENTO EM DIREITOS CREDITÓRIOS,33289359000180,206058388.08,,,,RF2 recompras/substituições > 15% da carteira (12m),37289118.4,153293816.12500003,0.24325259389193768,,,,,,,,
ASSET BANK - II FUNDO DE INVESTIMENTO EM DIREITOS CREDITORIOS,33490076000100,121694729.51,,,,RF2 recompras/substituições > 15% da carteira (12m),25196599.97,106485070.92166668,0.2366209624683943,,,,,,,,
CD CASH FUNDO DE INVESTIMENTO EM DIREITOS CREDITÓRIOS RESPONSABILIDADE LIMITADA,37035970000132,291764021.23,,,,RF2 recompras/substituições > 15% da carteira (12m),59245305.99,256456759.26916668,0.2310147962519425,,,,,,,,
CEREALIS FUNDO DE INVESTIMENTO EM DIREITOS CREDITÓRIOS,47425750000179,215299982.37,,,,RF2 recompras/substituições > 15% da carteira (12m),46970578.6,204359872.11416665,0.2298424740340396,,,,,,,,
DRIVER BRASIL SIX BANCO VOLKSWAGEN FIDC FINANCIAMENTO DE VEÍCULOS - RESPONSABILIDADE LIMITADA,50114948000146,1934784988.69,,,,RF2 recompras/substituições > 15% da carteira (12m),150143412.06,657286171.1991667,0.2284292879402517,,,,,,,,
FUNDO DE INVESTIMENTO EM DIREITOS CREDITORIOS MULTISSETORIAL TRADEMAX RESPONSABILIDADE LIMITADA,08756222000140,332410774.37,,,,RF2 recompras/substituições > 15% da carteira (12m),60063871.940000005,265819668.23333332,0.2259572150518097,,,,,,,,
MILLE - FUNDO DE INVESTIMENTO EM DIREITOS CREDITÓRIOS MULTISSEGMENTOS,14606072000191,147835225.3,,,,RF2 recompras/substituições > 15% da carteira (12m),23100489.2,103270869.44500001,0.22368833848448286,,,,,,,,
MIDIAN FUNDO DE INVESTIMENTO EM DIREITOS CREDITÓRIOS - RESPONSABILIDADE LIMITADA,58055083000104,272445948.05,,,,RF2 recompras/substituições > 15% da carteira (12m),31505666.13,144383359.26833335,0.21820842990255823,,,,,,,,
OLAM FUNDO DE INVESTIMENTO EM DIREITOS CREDITORIOS,41649912000176,226582065.69,,,,RF2 recompras/substituições > 15% da carteira (12m),35357607.4,164565092.06499997,0.21485484531576382,,,,,,,,
RED PERFORMANCE FUNDO DE INVESTIMENTO EM DIREITOS CREDITÓRIOS NP DE RESPONSABILIDADE LIMITADA,11489344000122,1271673604.01,,,,RF2 recompras/substituições > 15% da carteira (12m),208349714.26,1012139655.0899998,0.205850757069165,,,,,,,,
ÁRTICO MIDDLE CORPORATE FUNDO DE INVESTIMENTO EM DIREITOS CREDITÓRIOS,26208328000191,362729545.48,,,,RF2 recompras/substituições > 15% da carteira (12m),58716912.379999995,288521306.12916666,0.20350979679023537,,,,,,,,
BFC FUNDO DE INVESTIMENTO EM DIREITOS CREDITÓRIOS,11507489000109,336031124.63,,,,RF2 recompras/substituições > 15% da carteira (12m),48935955.14999999,241347563.3683333,0.20276133915351047,,,,,,,,
FUNDO DE INVESTIMENTO EM DIREITOS CREDITORIOS GOAL ONE,12610459000196,212964931.68,,,,RF2 recompras/substituições > 15% da carteira (12m),31716302.71,156980111.46166667,0.202040261117695,,,,,,,,
MERCANTIL NP FUNDO DE INVESTIMENTO EM DIREITOS CREDITORIOS NAO PADRONIZADOS MULTISETORIAL,09363400000136,211002624.21,,,,RF2 recompras/substituições > 15% da carteira (12m),21991459.109999992,111248076.48166667,0.1976794548319594,,,,,,,,
ACREDITAR FUNDO DE INVESTIMENTO EM DIREITOS CREDITORIOS - RESPONSABILIDADE LIMITADA,29152636000130,371884905.63,,,,RF2 recompras/substituições > 15% da carteira (12m),51562573.52999999,263400762.6766667,0.19575711553005173,,,,,,,,
BINVEST FUNDO DE INVESTIMENTO EM DIREITOS CREDITÓRIOS RESPONSABILIDADE LIMITADA,52258255000152,329825623.67,,,,RF2 recompras/substituições > 15% da carteira (12m),37437064.349999994,194093779.58166668,0.1928813196934424,,,,,,,,
FUNDO DE INVESTIMENTO EM DIREITOS CREDITÓRIOS TM4,55565510000106,267416885.76,,,,RF2 recompras/substituições > 15% da carteira (12m),40288600.440000005,219353048.44916666,0.18367011867326097,,,,,,,,
SBK CAPITAL FUNDO DE INVESTIMENTO EM DIREITOS CREDITÓRIOS MULTISSETORIAL RESPONSABILIDADE LIMITADA,19932422000123,161507626.42,,,,RF2 recompras/substituições > 15% da carteira (12m),23389083.94,127347892.955,0.1836629047978425,,,,,,,,
BRISTOL FUNDO DE INVESTIMENTO EM DIREITOS CREDITÓRIOS MULTISSETORIAL,33499726000170,151656896.17,,,,RF2 recompras/substituições > 15% da carteira (12m),24317793.0,135422278.60083333,0.17957010656775613,,,,,,,,
IOX PME FUNDO DE INVESTIMENTO EM DIREITOS CREDITÓRIOS,24506071000129,305413658.75,,,,RF2 recompras/substituições > 15% da carteira (12m),44938676.0,253131749.98416662,0.1775307759805355,,,,,,,,
WORKCAP AGRO FUNDO DE INVESTIMENTO EM DIREITOS CREDITORIOS RESPONSABILIDADE LIMITADA,33076242000118,443208155.43,,,,RF2 recompras/substituições > 15% da carteira (12m),67631461.82,388994814.64166665,0.17386211659993614,,,,,,,,
UNIQUE FUNDO DE INVESTIMENTO EM DIREITOS CREDITÓRIOS - RESPONSABILIDADE LIMITADA,26558785000106,519145597.58,,,,RF2 recompras/substituições > 15% da carteira (12m),96133259.14999999,560930334.7725,0.17138181551366685,,,,,,,,
PETTRA FUNDO DE INVESTIMENTO EM DIREITOS CREDITÓRIOS,59499177000127,228524339.69,,,,RF2 recompras/substituições > 15% da carteira (12m),21015208.04,125374341.65666668,0.16761968806623467,,,,,,,,
STARS BANK FUNDO DE INVESTIMENTO EM DIREITOS CREDITÓRIOS LP DE RESPONSABILIDADE LIMITADA,42700626000150,594906046.84,,,,RF2 recompras/substituições > 15% da carteira (12m),85829743.71000001,519637329.3241667,0.1651723978753201,,,,,,,,
DEL CRED NP FUNDO DE INVESTIMENTO EM DIREITOS CREDITÓRIOS NÃO PADRONIZADOS MULTISSETORIAL,11468192000181,338088492.32,,,,RF2 recompras/substituições > 15% da carteira (12m),42286927.28,259698484.9658333,0.16283085858419002,,,,,,,,
OPHIR FUNDO DE INVESTIMENTO EM  DIREITOS CREDITÓRIOS,42605322000104,313077894.98,,,,RF2 recompras/substituições > 15% da carteira (12m),42678965.35,262870235.5858333,0.16235754213437495,,,,,,,,
C6 BANK TV1 FUNDO DE INVESTIMENTO EM DIREITOS CREDITÓRIOS - RESPONSABILIDADE LIMITADA,29828733000109,490720357.85,,,,RF2 recompras/substituições > 15% da carteira (12m),46968074.019999996,303846312.34250003,0.15457839082495395,,,,,,,,
JP CAPITAL FUNDO DE INVESTIMENTO EM DIREITOS CREDITÓRIOS - RESPONSABILIDADE LIMITADA,40753151000135,191042749.24,,,,RF2 recompras/substituições > 15% da carteira (12m),21419587.41,139880690.04,0.15312755037078313,,,,,,,,
FUNDO DE INVESTIMENTO EM DIREITOS CREDITÓRIOS DE CONSÓRCIOS CONSORCIEI III RESPONSABILIDADE LIMITADA,57213492000110,129460738.27,,,,RF2 recompras/substituições > 15% da carteira (12m),17704313.87,116278364.86500002,0.15225802229464466,,,,,,,,
UNAVANTI FUNDO DE INVESTIMENTO EM DIREITOS CREDITÓRIOS,13327334000116,191404975.74,,,,RF2 recompras/substituições > 15% da carteira (12m),25095705.04,164866535.23916668,0.15221830800043473,,,,,,,,
ESPERANZA FUNDO DE INVESTIMENTO EM DIREITOS CREDITÓRIOS,53263761000100,8458862801.73,,,,RF3 1-2 cotistas + interesse único + subordinação <5%,,,,1.0,S,0.0,,,,,
VENDA DE VEÍCULOS FUNDO DE INVESTIMENTO EM DIREITOS CREDITÓRIOS,21126275000146,4242510733.6,,,,RF3 1-2 cotistas + interesse único + subordinação <5%,,,,1.0,S,0.0,,,,,
HIGH TOWER FUNDO DE INVESTIMENTO EM DIREITOS CREDITÓRIOS  NÃO-PADRONIZADOS,51152102000163,3967152720.03,,,,RF3 1-2 cotistas + interesse único + subordinação <5%,,,,1.0,S,0.0,,,,,
"HAVAN FUNDO DE INVESTIMENTO EM DIREITOS CREDITÓRIOS SEGMENTO ECONÔMICO, FINANCEIRO E COMERCIAL",12817329000129,3666009327.0,,,,RF3 1-2 cotistas + interesse único + subordinação <5%,,,,1.0,S,,,,,,
FIDC GM - VENDA DE VEÍCULOS,11230727000181,2984648919.61,,,,RF3 1-2 cotistas + interesse único + subordinação <5%,,,,1.0,S,0.0,,,,,
GSR FUNDO DE INVESTIMENTO EM DIREITOS CREDITÓRIOS NÃO PADRONIZADOS,53029409000105,2943415740.48,,,,RF3 1-2 cotistas + interesse único + subordinação <5%,,,,1.0,S,0.0,,,,,
HYUNDAI FUNDO DE INVESTIMENTO EM DIREITOS CREDITÓRIOS,52651831000127,2187326043.42,,,,RF3 1-2 cotistas + interesse único + subordinação <5%,,,,1.0,S,0.0,,,,,
RSG FUNDO DE INVESTIMENTO EM DIREITOS CREDITÓRIOS,57719370000109,2140596574.92,,,,RF3 1-2 cotistas + interesse único + subordinação <5%,,,,2.0,S,0.0,,,,,
MONTENEGRO FUNDO DE INVESTIMENTO EM DIREITOS CREDITÓRIOS,42449510000190,1967671103.82,,,,RF3 1-2 cotistas + interesse único + subordinação <5%,,,,1.0,S,0.0,,,,,
RHODONITE FUNDO DE INVESTIMENTO EM DIREITOS CREDITÓRIOS NÃO-PADRONIZADOS,41776416000183,1881917745.61,,,,RF3 1-2 cotistas + interesse único + subordinação <5%,,,,2.0,S,0.0,,,,,
GOLD STYLE FUNDO DE INVESTIMENTO EM DIREITO CREDITÓRIO NÃO PADRONIZADO,34081900000122,1865513705.6,,,,RF3 1-2 cotistas + interesse único + subordinação <5%,,,,1.0,S,0.0,,,,,
JC 4870 FUNDO DE INVESTIMENTO EM DIREITOS CREDITÓRIOS NÃO-PADRONIZADOS,13764696000174,1447126452.7,,,,RF3 1-2 cotistas + interesse único + subordinação <5%,,,,1.0,S,0.0,,,,,
ÁSIA FUNDO DE INVESTIMENTO EM DIREITOS CREDITÓRIOS,62681110000113,1337788554.49,,,,RF3 1-2 cotistas + interesse único + subordinação <5%,,,,1.0,S,0.0,,,,,
LAGUZ I FUNDO DE INVESTIMENTO EM DIREITOS CREDITÓRIOS NÃO-PADRONIZADOS,41240321000140,1302594039.08,,,,RF3 1-2 cotistas + interesse único + subordinação <5%,,,,1.0,S,0.0,,,,,
CIB-K FUNDO DE INVESTIMENTO EM DIREITOS CREDITÓRIOS NÃO PADRONIZADOS,48357568000190,1217072890.67,,,,RF3 1-2 cotistas + interesse único + subordinação <5%,,,,1.0,S,0.0,,,,,
FUNDO DE INVESTIMENTO EM DIREITOS CREDITÓRIOS PRECATÓRIOS BRASIL,32774233000138,1163772257.6,,,,RF3 1-2 cotistas + interesse único + subordinação <5%,,,,1.0,S,,,,,,
HAVAN FORNECEDORES FUNDO DE INVESTIMENTO EM DIREITOS CREDITÓRIOS MULTICARTEIRA,51344394000136,1013545604.38,,,,RF3 1-2 cotistas + interesse único + subordinação <5%,,,,1.0,S,,,,,,
MEG FUNDO DE INVESTIMENTOS EM COTAS DE FUNDOS DE INVESTIMENTO EM DIREITOS CREDITÓRIOS,23245575000170,933138902.77,,,,RF3 1-2 cotistas + interesse único + subordinação <5%,,,,1.0,S,0.0,,,,,
FUNDO DE INVESTIMENTO EM DIREITOS CREDITÓRIOS CRÉDITOS NÃO PADRONIZADOS I RESPONSABILIDADE LIMITADA,36672404000179,891514870.24,,,,RF3 1-2 cotistas + interesse único + subordinação <5%,,,,1.0,S,,,,,,
AMAZONITA FUNDO DE INVESTIMENTO EM DIREITOS CREDITÓRIOS,36246327000195,812145748.68,,,,RF3 1-2 cotistas + interesse único + subordinação <5%,,,,2.0,S,0.0,,,,,
AZO FUNDO DE INVESTIMENTO EM DIREITOS CREDITÓRIOS NÃO-PADRONIZADO,50314076000160,802801274.96,,,,RF3 1-2 cotistas + interesse único + subordinação <5%,,,,1.0,S,0.0,,,,,
DANIELE FUNDO DE INVEST EM COTAS DE FUNDOS DE INVESTIMENTO EM DIREITOS CREDITÓRIOS MULTISEGMENTOS,13005223000193,724029633.13,,,,RF3 1-2 cotistas + interesse único + subordinação <5%,,,,2.0,S,,,,,,
DJF FUNDO DE INVESTIMENTO EM DIREITOS CREDITÓRIOS - RESPONSABILIDADE LIMITADA,35880735000131,694793402.11,,,,RF3 1-2 cotistas + interesse único + subordinação <5%,,,,1.0,S,0.0,,,,,
FUNDO DE INVESTIMENTO EM DIREITOS CREDITÓRIOS TRATEX PRECATÓRIO II - RESPONSABILIDADE LIMITADA,09115244000194,694519721.34,,,,RF3 1-2 cotistas + interesse único + subordinação <5%,,,,2.0,S,0.0,,,,,
MASONE FUNDO DE INVESTIMENTO EM DIREITOS CREDITÓRIOS,37021511000108,673285076.06,,,,RF3 1-2 cotistas + interesse único + subordinação <5%,,,,1.0,S,,,,,,
JC 4870 II FUNDO DE INVESTIMENTO EM DIREITOS CREDITÓRIOS NÃO-PADRONIZADOS,15428505000129,648584193.38,,,,RF3 1-2 cotistas + interesse único + subordinação <5%,,,,1.0,S,0.0,,,,,
SALUS - FUNDO DE INVESTIMENTO EM DIREITOS CREDITORIOS MULTISSETORIAL LP,10509884000168,620015331.67,,,,RF3 1-2 cotistas + interesse único + subordinação <5%,,,,1.0,S,0.0,,,,,
SOA FUNDO DE INVESTIMENTO EM DIREITOS CREDITÓRIOS NÃO - PADRONIZADOS,57449433000146,518000319.36,,,,RF3 1-2 cotistas + interesse único + subordinação <5%,,,,1.0,S,,,,,,
ATENA FUNDO DE INVESTIMENTO EM DIREITOS CREDITÓRIOS SEGMENTO INFRAESTRUTURA DE RESP LIMITADA,65411764000115,511741022.82,,,,RF3 1-2 cotistas + interesse único + subordinação <5%,,,,1.0,S,0.0,,,,,
RAVENA FUNDO DE INVESTIMENTO EM DIREITOS CREDITÓRIOS,53314997000110,455577017.38,,,,RF3 1-2 cotistas + interesse único + subordinação <5%,,,,2.0,S,0.0,,,,,
MARNE FUNDO DE INVESTIMENTO EM DIREITOS CREDITÓRIOS NÃO - PADRONIZADOS,61432674000150,446717388.73,,,,RF3 1-2 cotistas + interesse único + subordinação <5%,,,,1.0,S,,,,,,
MT INSS RECEIVABLES II FUNDO DE INVESTIMENTO EM DIREITOS CREDITÓRIOS RESPONSABILIDADE LIMITADA,40752367000186,426917130.82,,,,RF3 1-2 cotistas + interesse único + subordinação <5%,,,,1.0,S,,,,,,
CEPOR FUNDO DE INVESTIMENTO EM DIREITOS CREDITÓRIOS,60115335000187,426162106.52,,,,RF3 1-2 cotistas + interesse único + subordinação <5%,,,,2.0,S,0.0,,,,,
JCI III - FIDC RESPONSABILIDADE LIMITADA,40054747000147,424575799.25,,,,RF3 1-2 cotistas + interesse único + subordinação <5%,,,,1.0,S,0.0,,,,,
BSPAR FUNDO DE INVESTIMENTO EM DIREITOS CREDITÓRIOS NÃO-PADRONIZADOS MULTISSETORIAL,09527140000197,412745731.73,,,,RF3 1-2 cotistas + interesse único + subordinação <5%,,,,1.0,S,0.0,,,,,
QG DISTRESSED FUNDO DE INVESTIMENTO EM DIREITOS CREDITÓRIOS - RESPONSABILIDADE LIMITADA,27954644000175,407254879.96,,,,RF3 1-2 cotistas + interesse único + subordinação <5%,,,,1.0,S,0.0,,,,,
BAROLO FUNDO DE INVESTIMENTO EM DIREITOS CREDITÓRIOS,58212304000100,395913875.88,,,,RF3 1-2 cotistas + interesse único + subordinação <5%,,,,1.0,S,,,,,,
JAZZ FUNDO DE INVESTIMENTO EM DIREITOS CREDITÓRIOS,32274338000128,382992062.58,,,,RF3 1-2 cotistas + interesse único + subordinação <5%,,,,1.0,S,,,,,,
FUNDO DE INVESTIMENTO EM DIREITOS CREDITORIOS CCS ASSET II - RESPONSABILIDADE LIMITADA,37294908000165,373009337.34,,,,RF3 1-2 cotistas + interesse único + subordinação <5%,,,,1.0,S,0.0,,,,,
LEGGERO FUNDO DE INVESTIMENTO EM DIREITOS CREDITÓRIOS,50456492000100,369825560.4,,,,RF3 1-2 cotistas + interesse único + subordinação <5%,,,,1.0,S,0.0,,,,,
FUNDO DE INVESTIMENTO EM DIREITOS CREDITÓRIOS DO SETOR ELÉTRICO - INVESTIMENTO EM COTAS,39863047000114,368265312.5,,,,RF3 1-2 cotistas + interesse único + subordinação <5%,,,,2.0,S,0.0,,,,,
FUNDO DE INVESTIMENTO EM DIREITOS CREDITORIOS RECUPERA,16686142000194,351598442.64,,,,RF3 1-2 cotistas + interesse único + subordinação <5%,,,,1.0,S,0.0,,,,,
BTG CONSÓRCIOS FUNDO DE INVESTIMENTO EM DIREITOS CREDITÓRIOS II,43721713000157,343317985.5,,,,RF3 1-2 cotistas + interesse único + subordinação <5%,,,,1.0,S,,,,,,
PRINCIPAL CLASSE DE INVESTIMENTO EM DIREITOS CRÉDITÓRIOS RESPONSABILIDADE LIMITADA,10462494000180,321266953.58,,,,RF3 1-2 cotistas + interesse único + subordinação <5%,,,,1.0,S,0.0,,,,,
RUNEARD FUNDO DE INVESTIMENTO EM DIREITOS CREDITÓRIOS  NÃO-PADRONIZADOS,51660739000160,309209260.21,,,,RF3 1-2 cotistas + interesse único + subordinação <5%,,,,2.0,S,0.0,,,,,
FUNDO DE INVESTIMENTO EM DIREITOS CREDITÓRIOS ABERTO EAN,22235997000100,308493277.57,,,,RF3 1-2 cotistas + interesse único + subordinação <5%,,,,1.0,S,0.0,,,,,
TARTUS FUNDO DE INVESTIMENTO EM DIREITOS CREDITÓRIOS NÃO PADRONIZADOS,55711612000184,290545441.76,,,,RF3 1-2 cotistas + interesse único + subordinação <5%,,,,1.0,S,0.0,,,,,
INVICT FUNDO DE INVESTIMENTO EM DIREITOS CREDITÓRIOS RESPONSABILIDADE LIMITADA,53287227000126,279128189.14,,,,RF3 1-2 cotistas + interesse único + subordinação <5%,,,,1.0,S,0.0,,,,,
STEP-UP III FUNDO DE INVESTIMENTO EM DIREITOS CREDITÓRIOS RESPONSABILIDADE LIMITADA,26607511000160,275823522.26,,,,RF3 1-2 cotistas + interesse único + subordinação <5%,,,,2.0,S,0.0,,,,,
FUNDO DE INVESTIMENTO EM DIREITOS CREDITÓRIOS BASSANO DI GRAPPO - RESPONSABILIDADE LIMITADA,37645459000152,257406030.04,,,,RF3 1-2 cotistas + interesse único + subordinação <5%,,,,1.0,S,0.0,,,,,
DEL REY FUNDO DE INVESTIMENTO EM DIREITOS CREDITÓRIOS NÃO-PADRONIZADO,50452371000182,256764750.13,,,,RF3 1-2 cotistas + interesse único + subordinação <5%,,,,1.0,S,0.0,,,,,
SPDA HABITACAO FUNDO DE INVESTIMENTO EM DIREITOS CREDITORIOS RESPONSABILIDADE LIMITADA,25316863000101,246774625.41,,,,RF3 1-2 cotistas + interesse único + subordinação <5%,,,,1.0,S,0.0,,,,,
SG II B FUNDO DE INVESTIMENTO EM DIREITOS CREDITÓRIOS,61996793000135,244943145.1,,,,RF3 1-2 cotistas + interesse único + subordinação <5%,,,,1.0,S,,,,,,
QG PRIM FUNDO DE INVESTIMENTO EM DIREITOS CREDITÓRIOS - RESPONSABILIDADE LIMITADA,28086648000141,234138694.53,,,,RF3 1-2 cotistas + interesse único + subordinação <5%,,,,1.0,S,0.0,,,,,
FORMES FUNDO DE INVESTIMENTO EM DIREITOS CREDITÓRIOS,41514874000144,211199379.6,,,,RF3 1-2 cotistas + interesse único + subordinação <5%,,,,2.0,S,0.0,,,,,
JES FUNDO DE INVESTIMENTO EM DIREITOS CREDITÓRIOS MULTISEGMENTOS,33133194000152,178212575.51,,,,RF3 1-2 cotistas + interesse único + subordinação <5%,,,,2.0,S,,,,,,
PLATÃO FUNDO DE INVESTIMENTO EM DIREITOS CREDITÓRIOS,52683660000118,176261435.53,,,,RF3 1-2 cotistas + interesse único + subordinação <5%,,,,2.0,S,,,,,,
LEX FINANCIAL INVESTMENTS FIC FIDC,25162160000168,155822003.65,,,,RF3 1-2 cotistas + interesse único + subordinação <5%,,,,1.0,S,0.0,,,,,
LIFT IV FUNDO DE INVESTIMENTO EM DIREITOS CREDITÓRIOS,48968438000194,132473587.82,,,,RF3 1-2 cotistas + interesse único + subordinação <5%,,,,1.0,S,0.0,,,,,
SUSTINERI GERMINARE FUNDO DE INVESTIMENTO EM DIREITOS CREDITÓRIOS NÃO-PADRONIZADOS,50589310000161,127486551.17,,,,RF3 1-2 cotistas + interesse único + subordinação <5%,,,,2.0,S,0.0,,,,,
ALGARVE LEGAL CLAIMS I FUNDO DE INVESTIMENTO EM DIREITOS CREDITÓRIOS - RESPONSABILIDADE LIMITADA,48053686000105,125257090.88,,,,RF3 1-2 cotistas + interesse único + subordinação <5%,,,,1.0,S,0.0,,,,,
FUNDO DE INVESTIMENTO EM DIREITOS CREDITÓRIOS SPECIAL SITUATIONS,36335649000100,123951361.74,,,,RF3 1-2 cotistas + interesse único + subordinação <5%,,,,1.0,S,0.0,,,,,
FUNDO DE INVESTIMENTO EM DIREITOS CREDITÓRIOS TRINDADE - RESPONSABILIDADE LIMITADA,36643621000130,114092066.15,,,,RF3 1-2 cotistas + interesse único + subordinação <5%,,,,1.0,S,0.0,,,,,
051 CRÉDITO 180 FUNDO DE INVESTIMENTO EM DIREITOS CREDITÓRIOS,58845757000166,112940604.51,,,,RF3 1-2 cotistas + interesse único + subordinação <5%,,,,1.0,S,,,,,,
CHELSEA FUNDO DE INVESTIMENTO EM DIREITOS CREDITÓRIOS,61289212000125,-3224783.55,,,,RF4 queda de PL > 50% m/m (12m),,,,,,,2026-06-30,339148465.9,-1.0095084715817375,,
BTG PACTUAL CONSIGNADOS FUNDO DE INVESTIMENTO EM DIREITOS CREDITÓRIOS,50906397000153,0.0,,,,RF4 queda de PL > 50% m/m (12m),,,,,,,2026-02-28,7993466716.57,-1.0,,
SIMPLIC FUNDO DE INVESTIMENTO EM DIREITOS CREDITÓRIOS - RESPONSABILIDADE LIMITADA,26690373000125,0.0,,,,RF4 queda de PL > 50% m/m (12m),,,,,,,2025-07-31,308268619.81,-1.0,,
AUSTER FUNDO DE INVESTIMENTO EM DIREITOS CREDITÓRIOS,17024546000185,0.0,,,,RF4 queda de PL > 50% m/m (12m),,,,,,,2026-03-31,560613312.85,-1.0,,
G5 SAÚDE FUNDO DE INVESTIMENTO EM DIREITOS CREDITÓRIOS,30791358000140,0.0,,,,RF4 queda de PL > 50% m/m (12m),,,,,,,2026-01-31,389432907.17,-1.0,,
PLGN MARKETPLACE FUNDO DE  INVESTIMENTO EM COTAS DE FUNDO DE INVESTIMENTO EM DIREITOS CREDITÓRIOS,55563624000109,0.0,,,,RF4 queda de PL > 50% m/m (12m),,,,,,,2025-12-31,328841568.84,-1.0,,
NC 2025 I FUNDO DE INVESTIMENTO  EM DIREITOS CREDITÓRIOS RESPONSABILIDADE LIMITADA,63700113000110,0.0,,,,RF4 queda de PL > 50% m/m (12m),,,,,,,2026-06-30,5655088696.55,-1.0,,
BTS FUNDO DE INVESTIMENTO EM DIREITOS CREDITÓRIOS,48971114000105,0.0,,,,RF4 queda de PL > 50% m/m (12m),,,,,,,2025-12-31,537618377.34,-1.0,,
ATF II FUNDO DE INVESTIMENTO EM DIREITOS CREDITÓRIOS,21556756000191,0.0,,,,RF4 queda de PL > 50% m/m (12m),,,,,,,2025-10-31,204377160.79,-1.0,,
B-ROL FUNDO DE INVESTIMENTO EM DIREITOS CREDITÓRIOS NÃO-PADRONIZADOS,53073256000195,0.0,,,,RF4 queda de PL > 50% m/m (12m),,,,,,,2025-12-31,363177329.27,-1.0,,
HAKKINEN FUNDO DE INVESTIMENTO EM DIREITOS CREDITÓRIOS,57270081000167,0.0,,,,RF4 queda de PL > 50% m/m (12m),,,,,,,2025-12-31,447963143.58,-1.0,,
AFRICA FUNDO DE INVESTIMENTO MULTIMERCADO RESPONSABILIDADE  LIMITADA,36741133000166,0.0,,,,RF4 queda de PL > 50% m/m (12m),,,,,,,2025-10-31,533778472.03,-1.0,,
JC 4870 IV FUNDO DE INVESTIMENTO EM DIREITOS CREDITÓRIOS NÃO-PADRONIZADOS - FIDC-NP,23954863000101,0.0,,,,RF4 queda de PL > 50% m/m (12m),,,,,,,2026-05-31,2724294055.01,-1.0,,
FG NOW FUNDO DE INVESTIMENTO EM DIREITOS CREDITÓRIOS,43866327000153,2505873.21,,,,RF4 queda de PL > 50% m/m (12m),,,,,,,2025-12-31,375907005.23,-0.9933337948611338,,
FUNDO DE INVESTIMENTO EM DIREITOS CREDITÓRIOS F ACB - FINANCEIRO,14330038000137,21909155.85,,,,RF4 queda de PL > 50% m/m (12m),,,,,,,2026-01-31,2016593695.33,-0.9891355626566041,,
LATACHE II DISTRESSED FUNDO DE INVESTIMENTO EM DIREITOS CREDITORIOS NAO PADRONIZADOS,19476304000158,5126573.1,,,,RF4 queda de PL > 50% m/m (12m),,,,,,,2025-08-31,217221244.4,-0.9763993014856331,,
CELOSIA FUNDO DE INVESTIMENTO EM DIREITOS CREDITÓRIOS RESPONSABILIDADE LIMITADA,54837785000180,169493074.33,,,,RF4 queda de PL > 50% m/m (12m),,,,,,,2025-11-30,6430590838.92,-0.973642690294619,,
PERSEUS FUNDO DE INVESTIMENTO EM  DIREITOS CREDITÓRIOS - RESPONSABILIDADE ILIMITADA,46540487000104,24192607.14,,,,RF4 queda de PL > 50% m/m (12m),,,,,,,2026-01-31,704310736.06,-0.9656506625536672,,
CARTÃO DE COMPRA SUPPLIER FUNDO DE INVESTIMENTO EM DIREITOS CREDITÓRIOS - RESPONSABILIDADE LIMITADA,08692888000182,31446389.26,,,,RF4 queda de PL > 50% m/m (12m),,,,,,,2025-07-31,839720597.79,-0.9625513660820498,,
ORIGINAL FUNDO DE INVESTIMENTO EM DIREITOS CREDITÓRIOS,57660765000175,24363005.06,,,,RF4 queda de PL > 50% m/m (12m),,,,,,,2025-08-31,417099363.52,-0.9415894456074091,,
SG JC III FIC FIDC NP,30808119000156,32789146.57,,,,RF4 queda de PL > 50% m/m (12m),,,,,,,2026-03-31,456658548.26,-0.9281976726485553,,
HIGH TOWER FUNDO DE INVESTIMENTO EM DIREITOS CREDITÓRIOS  NÃO-PADRONIZADOS,51152102000163,338700899.66,,,,RF4 queda de PL > 50% m/m (12m),,,,,,,2026-01-31,3970773082.73,-0.914701522196495,,
BTG EMPRESAS FUNDO DE INVESTIMENTO EM DIREITOS CREDITÓRIOS,55521594000178,55234990.44,,,,RF4 queda de PL > 50% m/m (12m),,,,,,,2026-03-31,619909150.89,-0.9108982495891544,,
G5 SAÚDE II FUNDO DE INVESTIMENTO EM DIREITOS CREDITÓRIOS,64082064000161,37067210.99,,,,RF4 queda de PL > 50% m/m (12m),,,,,,,2026-06-30,401647267.19,-0.907712029887993,,
FÊNIX  FUNDO  DE INVESTIMENTO EM DIREITOS CREDITÓRIOS NÃO-PADRONIZADOS  RESPONSABILIDADE  LIMITADA,55706529000117,81810588.3,,,,RF4 queda de PL > 50% m/m (12m),,,,,,,2025-10-31,809113789.14,-0.8988886490403831,,
KRISPY  FUNDO DE INVESTIMENTO EM DIREITOS CREDITÓRIOS,59385783000111,42797531.69,,,,RF4 queda de PL > 50% m/m (12m),,,,,,,2026-02-28,408233749.43,-0.8951641510537617,,
CONSIGA MAIS FUNDO DE INVESTIMENTO EM DIREITOS CREDITÓRIOS,23521077000102,36208516.44,,,,RF4 queda de PL > 50% m/m (12m),,,,,,,2025-09-30,286023473.53,-0.8734071858049712,,
MAROBÁ FUNDO DE INVESTMENTO EM DIREITOS CREDITÓRIOS RESPONSABILIDADE LIMITADA,61285603000171,1271437962.28,,,,RF4 queda de PL > 50% m/m (12m),,,,,,,2025-12-31,8529609659.07,-0.8509383180356899,,
V3 FIDC MULTICARTEIRA - NP,08611414000169,145002649.22,,,,RF4 queda de PL > 50% m/m (12m),,,,,,,2025-07-31,922581212.55,-0.8428293929601981,,
SERIGY FUNDO DE INVESTIMENTO EM DIREITOS CREDITÓRIOS RESPONSABILIDADE LIMITADA,55261422000102,66248319.25,,,,RF4 queda de PL > 50% m/m (12m),,,,,,,2025-12-31,411001012.05,-0.8388122722142091,,
JC DIVERSIFICADO III FUNDO DE INVESTIMENTO EM DIREITOS CREDITORIOS NAO-PADRONIZADOS,29109350000172,516750254.97,,,,RF4 queda de PL > 50% m/m (12m),,,,,,,2026-03-31,2906470923.01,-0.8222069758623827,,
DUBLIN FUNDO DE INVESTIMENTO EM DIREITOS CREDITÓRIOS NÃO-PADRONIZADOS,31544287000144,70518034.8,,,,RF4 queda de PL > 50% m/m (12m),,,,,,,2026-03-31,352596130.49,-0.8000033786474013,,
MARNE FUNDO DE INVESTIMENTO EM DIREITOS CREDITÓRIOS NÃO - PADRONIZADOS,61432674000150,446717388.73,,,,RF4 queda de PL > 50% m/m (12m),,,,,,,2026-06-30,2229959712.55,-0.7996746819164862,,
FUNDO DE INVESTIMENTO EM DIREITOS CREDITÓRIOS BLUE II SEGMENTO CRÉDITO CORPORATIVO DE RESP LTDA,55374251000128,46135398.27,,,,RF4 queda de PL > 50% m/m (12m),,,,,,,2025-07-31,221723583.33,-0.7919238108228891,,
CLOUDWALK AKIRA II FIDC SEGMENTO MEIOS DE PAGAMENTO,44124617000194,70027256.36,,,,RF4 queda de PL > 50% m/m (12m),,,,,,,2025-12-31,323357615.43,-0.7834371203323046,,
CJP FIDC-NP CRÉDITOS JUDICIAIS E PRECATÓRIOS,11375619000105,294813935.66,,,,RF4 queda de PL > 50% m/m (12m),,,,,,,2026-05-31,1348810833.3,-0.7814267735834325,,
BTG EMPRESAS FUNDO DE INVESTIMENTO EM DIREITOS CREDITÓRIOS,55521594000178,1654308384.72,,,,RF4 queda de PL > 50% m/m (12m),,,,,,,2025-08-31,7526255265.98,-0.7801950204641921,,
FUNDO DE INVESTIMENTO EM DIREITOS CREDITÓRIOS FICTOR,52270934000147,47375039.95,,,,RF4 queda de PL > 50% m/m (12m),,,,,,,2026-05-31,200309579.99,-0.7634908926853868,,
SG II A FUNDO DE INVESTIMENTO EM DIREITOS CREDITÓRIOS NÃO-PADRONIZADOS,20403406000122,70209484.98,,,,RF4 queda de PL > 50% m/m (12m),,,,,,,2025-12-31,294349961.03,-0.7614761533029579,,
LAVORO AGRO II FIAGRO - DIREITOS CREDITÓRIOS - RESPONSABILIDADE LIMITADA,55476342000174,83399949.29,,,,RF4 queda de PL > 50% m/m (12m),,,,,,,2025-07-31,341386363.98,-0.755702165963237,,
FUNDO DE INVESTIMENTO EM DIREITOS CREDITÓRIOS PRECATÓRIOS SELECIONADOS I,09236210000158,56756003.81,,,,RF4 queda de PL > 50% m/m (12m),,,,,,,2025-08-31,213573603.03,-0.734255530623662,,
D365 FUNDO DE INVESTIMENTO EM DIREITOS CREDITÓRIOS,46450551000158,75805926.9,,,,RF4 queda de PL > 50% m/m (12m),,,,,,,2025-11-30,269197111.53,-0.7183999246160113,,
MONTENEGRO FUNDO DE INVESTIMENTO EM DIREITOS CREDITÓRIOS,42449510000190,630786269.37,,,,RF4 queda de PL > 50% m/m (12m),,,,,,,2025-11-30,1988426802.7,-0.6827711895084686,,
D365 FUNDO DE INVESTIMENTO EM DIREITOS CREDITÓRIOS,46450551000158,269197111.53,,,,RF4 queda de PL > 50% m/m (12m),,,,,,,2025-10-31,816096945.05,-0.6701407680021312,,
JEITTO FUNDO DE INVESTIMENTO EM DIREITOS CREDITÓRIOS,36017588000133,69439673.04,,,,RF4 queda de PL > 50% m/m (12m),,,,,,,2026-01-31,210301915.9,-0.6698096032894962,,
FUNDO DE INVESTIMENTO EM DIREITOS CREDITÓRIOS LIVERPOOL RESPONSABILIDADE LIMITADA,43309233000183,77961168.31,,,,RF4 queda de PL > 50% m/m (12m),,,,,,,2025-07-31,225741890.29,-0.6546446554077892,,
BTG EMPRESAS FUNDO DE INVESTIMENTO EM DIREITOS CREDITÓRIOS,55521594000178,593319829.67,,,,RF4 queda de PL > 50% m/m (12m),,,,,,,2025-10-31,1675803583.58,-0.645949062596884,,
PROUST FUNDO DE INVESTIMENTO EM DIREITOS CREDITÓRIOS,52714676000140,95538098.11,,,,RF4 queda de PL > 50% m/m (12m),,,,,,,2025-08-31,244139291.3,-0.6086738123909676,,
JC 4870 V FUNDO DE INVESTIMENTO EM DIREITOS CREDITÓRIOS NÃO PADRONIZADOS - FIDC-NP,26471075000144,134137221.79,,,,RF4 queda de PL > 50% m/m (12m),,,,,,,2026-03-31,340336967.78,-0.6058693750932495,,
PLGN MARKETPLACE FUNDO DE  INVESTIMENTO EM COTAS DE FUNDO DE INVESTIMENTO EM DIREITOS CREDITÓRIOS,55563624000109,126010215.23,,,,RF4 queda de PL > 50% m/m (12m),,,,,,,2026-06-30,318511287.13,-0.6043775516860441,,
ITU FUNDO DE INVESTIMENTO EM COTAS DE FUNDOS DE INVESTIMENTO EM DIREITOS CREDITORIOS,11888461000169,231895575.9,,,,RF4 queda de PL > 50% m/m (12m),,,,,,,2025-12-31,570168900.86,-0.5932861726582666,,
PCS II PRINCIPAL FUNDO DE INVESTIMENTO EM DIREITOS CREDITÓRIOS - NÃO PADRONIZADOS,47463381000109,156921626.7,,,,RF4 queda de PL > 50% m/m (12m),,,,,,,2025-12-31,382431284.86,-0.5896736671074239,,
JIVE ALM CP FIDC DE RESP ILIMITADA,61641236000100,106041190.78,,,,RF4 queda de PL > 50% m/m (12m),,,,,,,2025-12-31,253255406.14,-0.5812875531613321,,
PS PLGN FUNDO DE INVESTIMENTO EM DIREITOS CREDITÓRIOS,60412619000135,120362251.78,,,,RF4 queda de PL > 50% m/m (12m),,,,,,,2026-07-31,278110478.27,-0.5672142505067793,,
BLC II FUNDO DE INVESTIMENTO EM DIREITOS CREDITÓRIOS NÃO-PADRONIZADOS,28153046000160,638780306.61,,,,RF4 queda de PL > 50% m/m (12m),,,,,,,2026-03-31,1428536285.24,-0.5528427851570586,,
CIB-K FUNDO DE INVESTIMENTO EM DIREITOS CREDITÓRIOS NÃO PADRONIZADOS,48357568000190,591314819.0,,,,RF4 queda de PL > 50% m/m (12m),,,,,,,2025-09-30,1294393408.25,-0.5431722571892199,,
FUNDO DE INVESTIMENTO EM DIREITOS CREDITÓRIOS - ACR IV,51983832000106,520806769.33,,,,RF4 queda de PL > 50% m/m (12m),,,,,,,2026-05-31,1108223651.87,-0.5300526491640938,,
FUNDO DE INVESTIMENTO EM DIREITOS CREDITÓRIOS CREDITAS CONSIGNADO,34096044000189,276631731.67,,,,RF4 queda de PL > 50% m/m (12m),,,,,,,2025-09-30,575537492.58,-0.5193506326930595,,
IS GREEN SOLFÁCIL VI FUNDO DE INVESTIMENTO EM DIREITOS CREDITÓRIOS RESPONSABILIDADE LIMITADA,57028406000108,211117061.49,,,,RF4 queda de PL > 50% m/m (12m),,,,,,,2026-07-31,437421807.29,-0.5173604562654223,,
IS GREEN SOLFÁCIL VI FUNDO DE INVESTIMENTO EM DIREITOS CREDITÓRIOS RESPONSABILIDADE LIMITADA,57028406000108,466847905.01,,,,RF4 queda de PL > 50% m/m (12m),,,,,,,2026-05-31,941897407.62,-0.504353763761132,,
JUST TEC FUNDO DE INVESTIMENTO EM DIREITOS CREDITORIOS,44680409000171,200183472.56,,,,RF4 queda de PL > 50% m/m (12m),,,,,,,2026-07-31,403020270.2,-0.5032918010286223,,
FUNDO DE INVESTIMENTO EM DIREITOS CREDITÓRIOS AMETISTA II - RESPONSABILIDADE LIMITADA,55633169000170,140063628.33,,,,RF4 queda de PL > 50% m/m (12m),,,,,,,2026-06-30,281120745.91,-0.5017670151784495,,
DRIVER BRASIL SIX BANCO VOLKSWAGEN FIDC FINANCIAMENTO DE VEÍCULOS - RESPONSABILIDADE LIMITADA,50114948000146,1934784988.69,,,92.44,RF5 crescimento >150% em 12m + cedente >=80%,,,,,,,,,,73769900.62,25.227295583009827
FIDC BV AUTO II SEGMENTO FINANCEIRO - RESPONSABILIDADE LIMITADA,60598366000136,1013813788.76,,,98.57,RF5 crescimento >150% em 12m + cedente >=80%,,,,,,,,,,252618316.17,3.013223602035856
TAMBASA FUNDO DE INVESTIMENTO EM DIREITOS CREDITÓRIOS,50327909000127,907215866.55,,,87.01,RF5 crescimento >150% em 12m + cedente >=80%,,,,,,,,,,127172108.46,6.133764451466577
INSS SOLIS ITER FUNDO DE INVESTIMENTO EM DIREITOS CREDITÓRIOS - RESPONSABILIDADE LIMITADA,55581400000120,517208086.1,,,88.95,RF5 crescimento >150% em 12m + cedente >=80%,,,,,,,,,,170395463.44,2.0353395311027187
MTR CRÉDITOS SELECIONADOS II FUNDO DE INVESTIMENTO EM DIREITOS CREDITÓRIOS - RESPONSABILIDADE LIMITA,60327212000100,269572747.06,,,80.14,RF5 crescimento >150% em 12m + cedente >=80%,,,,,,,,,,57291529.42,3.70528103873405
CONECTEPAG I FUNDO DE INVESTIMENTO EM DIREITOS CREDITORIOS RESPONSABILIDADE LIMITADA,57182268000109,240719392.06,,,93.07,RF5 crescimento >150% em 12m + cedente >=80%,,,,,,,,,,67115247.62,2.5866572887122423
