cnpj_investidor,DENOM_SOCIAL,vl,n_sinalizados,n_ligadas,cnpj,gestor
24774957000153,GAZIN FUNDO DE INVESTIMENTO MULTIMERCADO CRÉDITO PRIVADO,1685981886.42,1,1,24774957000153,PETRA CAPITAL GESTÃO DE INVESTIMENTOS LTDA
03389374000139,BB TOP RF ARROJADO FUNDO DE INVESTIMENTO FINANCEIRO RENDA FIXA LONGO PRAZO RESPONSABILIDADE LIMITADA,1057332494.4699999,5,0,03389374000139,BB GESTAO DE RECURSOS DTVM S.A
29044649000196,BRISA FUNDO DE INVESTIMENTO FINANCEIRO MULTIMERCADO,905079782.26,2,2,29044649000196,BTG PACTUAL GESTÃO E CONSULTORIA DE INVESTIMENTOS LTDA
35410929000173,COLISEU FIF MULTIMERCADO CRÉDITO PRIVADO INVESTIMENTO NO EXTERIOR,783868599.17,1,1,35410929000173,XP INVESTIMENTOS CCTVM S.A.
35950535000108,JIVE SPV FUNDO DE INVESTIMENTO FINANCEIRO MULTIMERCADO CRÉDITO PRIVADO - RESPONSABILIDADE LIMITADA,694793402.11,1,1,35950535000108,JIVE INVESTMENTS GESTÃO DE RECURSOS E CONSULTORIA S.A.
09589223000100,SALUS FUNDO DE INVESTIMENTO FINANCEIRO MULTIMERCADO - CRÉDITO PRIVADO,620016202.99,1,0,09589223000100,LUME INVESTIMENTOS LTDA.
21205477000183,LONGEVITY FUNDO DE INVESTIMENTO  MULTIMERCADO CRÉDITO PRIVADO,590129661.12,1,1,21205477000183,PETRA CAPITAL GESTÃO DE INVESTIMENTOS LTDA
01597187000115,SPECIAL RENDA FIXA REFERENCIADO DI FUNDO DE INVESTIMENTO FINANCEIRO RESPONSABILIDADE LIMITADA,567555646.4,5,0,01597187000115,ITAU UNIBANCO ASSET MANAGEMENT LTDA.
48279484000186,SAPPHIRE I FUNDO DE INVESTIMENTO FINANCEIRO MULTIMERCADO CRÉDITO PRIVADO,535140749.11,1,1,48279484000186,PORTOFINO GESTÃO DE RECURSOS LTDA.
57449291000117,PES FUNDO DE  INVESTIMENTO FINANCEIRO MULTIMERCADO - CRÉDITO PRIVADO,518000319.36,1,1,57449291000117,NORTH SEA GESTORA DE RECURSOS LTDA.
53760057000155,SAPPHIRE II FUNDO DE INVESTIMENTO FINANCEIRO MULTIMERCADO CRÉDITO PRIVADO,513693005.43,1,1,53760057000155,PORTOFINO GESTÃO DE RECURSOS LTDA.
54487736000165,SANTANDER HERA RENDA FIXA FUNDO INCENTIVADO DE INVESTIMENTO EM INFRAESTRUTURA RESP LIMITADA,511741022.82,1,1,54487736000165,BANCO SANTANDER (BRASIL) S.A.
38136992000151,AXXIA INVESTIMENTO FUNDO DE INVESTIMENTO EM COTAS DE FUNDO DE INVESTIMENTO MUTIMERCADO CP,501909965.67,1,1,38136992000151,CATÁLISE INVESTIMENTOS LTDA.
46778677000156,MIDGARD FUNDO DE INVESTIMENTO MULTIMERCADO CRÉDITO PRIVADO,452546273.76,1,0,46778677000156,BLUE SOLUTIONS ASSET MANAGEMENT LTDA.
47166927000160,SOMME FUNDO DE INVESTIMENTO MULTIMERCADO  CRÉDITO PRIVADO,446717388.73,1,1,47166927000160,NORTH SEA GESTORA DE RECURSOS LTDA.
18599004000101,SANTANDER PREV CRESCIMENTO RENDA FIXA CRÉDITO PRIVADO - FIF RESP LIMITADA,426133326.54999995,7,0,18599004000101,SANTANDER BRASIL GESTÃO DE RECURSOS LTDA
40054757000182,RUMBA FUNDO DE INVESTIMENTO FINANCEIRO MULTIMERCADO CRÉDITO PRIVADO  RESPONSABILIDADE LIMITADA,424575799.25,1,1,40054757000182,JIVE INVESTMENTS GESTÃO DE RECURSOS E CONSULTORIA S.A.
01630558000113,SANTANDER RENDA FIXA REFERENCIADO DI - FIF RESP LIMITADA,403848416.58000004,3,0,01630558000113,SANTANDER BRASIL GESTÃO DE RECURSOS LTDA
53760107000102,SAPPHIRE III FUNDO DE INVESTIMENTO FINANCEIRO MULTIMERCADO CRÉDITO PRIVADO,377068437.53,1,1,53760107000102,PORTOFINO GESTÃO DE RECURSOS LTDA.
05832360000173,BB ATACADO MISTO FUNDO DE INVESTIMENTO FINANCEIRO RENDA FIXA LONGO PRAZO CRÉDITO PRIVADO RESP LIM,360352522.74,4,0,05832360000173,BB GESTAO DE RECURSOS DTVM S.A
53318953000169,EAN FUNDO DE INVESTIMENTO MULTIMERCADO CRÉDITO PRIVADO RESPONSABILIDADE LIMITADA,308493277.66,1,1,53318953000169,SOD CAPITAL LTDA.
36243944000137,FIC FIM XP SPECIAL SITUATIONS II CAPITAL CRÉDITO PRIVADO LONGO PRAZO,307332929.44,1,1,36243944000137,XP VISTA ASSET MANAGEMENT LTDA.
41756159000118,KINEA ALPES PREV RENDA FIXA CRÉDITO PRIVADO FUNDO DE INVESTIMENTO FINANCEIRO RESP LIMITADA,283345360.35,4,0,41756159000118,KINEA INVESTIMENTOS LTDA.
12766824000156,JBFO ESTRUTURADO 120 FI FINANCEIRO - CI MULT CRED PRIV - RESP LIMITADA,278110602.08,1,1,12766824000156,BTG PACTUAL GESTÃO E CONSULTORIA DE INVESTIMENTOS LTDA
23034819000175,ANGÁ CRÉDITO ESTRUTURADO FIC FIF MULTI CP RESP LIMITADA,262751970.88000003,8,5,23034819000175,ANGÁ INVESTIMENTOS LTDA
52561627000115,UBS CASSOLA II EI FUNDO DE INVESTIMENTO FINANCEIRO - MULTIMERCADO CRÉDITO PRIVADO RESP LIMITADA,257406030.02,1,0,52561627000115,UBS BRASIL ADMINISTRADORA DE VALORES MOBILIÁRIOS LTDA.
32312678000104,ARX DENALI PREVIDÊNCIA FI FINANCEIRO RENDA FIXA CRÉDITO PRIVADO - RESPONSABILIDADE LIMITADA,206093163.75,7,0,32312678000104,ARX INVESTIMENTOS LTDA
25234711000151,BB TOP DI RENDA FIXA REFERENCIADO DI CRÉDITO PRIVADO LONGO PRAZO FIF RESPONSABILIDADE LIMITADA,192688008.04999998,4,0,25234711000151,BB GESTAO DE RECURSOS DTVM S.A
02224382000162,SANTANDER  EQUILÍBRIO RENDA FIXA REF DI CRÉDITO PRIVADO - FIF RESP LIMITADA,177036447.95,4,0,02224382000162,SANTANDER BRASIL GESTÃO DE RECURSOS LTDA
42229399000127,KINEA ANDES PREV RENDA FIXA CRÉDITO PRIVADO FIF RESP LIMITADA,160844389.81,4,0,42229399000127,KINEA INVESTIMENTOS LTDA.
41978506000157,KINEA FUNDO DE INVESTIMENTO FINANCEIRO RENDA FIXA CRÉDITO PRIVADO RESPONSABILIDADE LIMITADA,155400693.89000002,4,0,41978506000157,KINEA INVESTIMENTOS LTDA.
55859549000128,ZETA FUNDO DE INVESTIMENTO FINANCEIRO MULTIMERCADO,151669223.83,1,0,55859549000128,BTG PACTUAL ASSET MANAGEMENT S/A DTVM
25341064000187,ITAÚ WEALTH MASTER RENDA FIXA REFERENCIADO DI FUNDO DE INVESTIMENTO FINANCEIRO RESP LIMITADA,140607659.76000002,4,0,25341064000187,ITAU UNIBANCO ASSET MANAGEMENT LTDA.
50440386000120,TMKN FUNDO DE INVESTIMENTO MULTIMERCADO CRÉDITO PRIVADO,137213936.17,1,1,50440386000120,PETRA CAPITAL GESTÃO DE INVESTIMENTOS LTDA
45646019000148,LIFT SPECIAL OPPORTUNITIES I FUNDO DE INVESTIMENTO MULTIMERCADO CRÉDITO PRIVADO,132473974.14,1,0,45646019000148,LIFT CAPITAL GESTORA DE RECURSOS S.A.
45646162000130,BTG PACTUAL CRÉDITO CORPORATIVO II PREVIDÊNCIA FUNDO DE INVESTIMENTO FINANCEIRO RENDA FIXA,126980441.79,2,0,45646162000130,BTG PACTUAL ASSET MANAGEMENT S/A DTVM
34431868000168,ROOT CAPITAL HIGH YIELD FI FINANCEIRO MULTIMERCADO CRÉDITO PRIVADO - RESPONSABILIDADE LIMITADA,126791741.42,2,0,34431868000168,ROOT CAPITAL - GESTÃO DE RECURSOS LTDA
41820144000171,TRINDADE FUNDO DE INVESTIMENTO FINANCEIRO MULTIMERCADO RESPONSABILIDADE  LIMITADA,114092066.14,1,1,41820144000171,PHRONESIS INVESTIMENTOS LTDA.
53078660000151,BOXER F FUNDO DE INVESTIMENTO MULTIMERCADO CRÉDITO PRIVADO,111053848.88,1,0,53078660000151,BTG PACTUAL GESTÃO E CONSULTORIA DE INVESTIMENTOS LTDA
26786783000174,ZW INVESTIMENTOS FUNDO DE INVESTIMENTO FINANCEIRO EM COTAS DE FUNDOS DE INVESTIMENTO MULTIMERCADO,110433180.31,1,0,26786783000174,ORRAM GESTÃO DE RECURSOS LTDA.
55274875000173,SANTANDER PREV RENDA FIXA REFERENCIADO DI CRÉDITO PRIVADO EQUILIBRIO FIF RESP LIMITADA,105670138.75,5,0,55274875000173,SANTANDER BRASIL GESTÃO DE RECURSOS LTDA
00840011000180,BTG PACTUAL YIELD DI FUNDO DE INVESTIMENTO FINANCEIRO RENDA FIXA,104826905.25,2,0,00840011000180,BTG PACTUAL ASSET MANAGEMENT S/A DTVM
18428655000120,BB TOP RENDA FIXA CREDITO PRIVADO ALTO RENDIMENTO LONGO PRAZO FIF RESPONSABILIDADE LIMITADA,101268717.12,2,0,18428655000120,BB GESTAO DE RECURSOS DTVM S.A
63141868000121,BRADESCO LUCANIA IP FIF - CLASSE DE INVESTIMENTO MULTIMERCADO CRED PRIV - RESPONSABILIDADE LIMITADA,100887741.08,10,2,63141868000121,BANCO BRADESCO S.A.
49328341000180,SAFRA PREV VITESSE MASTER FIF PREVIDENCIÁRIO CI RENDA FIXA CRÉDITO PRIVADO PREV RESP LIMITADA,93475709.84,2,0,49328341000180,SAFRA DISTRIBUIDORA DE TÍTULOS E VALORES MOBILIÁRIOS LTDA.
42405028000159,ROOT CAPITAL CRÉDITO HG PLUS FIC DE FIF MULTIMERCADO CRÉDITO PRIVADO - RESPONSABILIDADE LIMITADA,92145367.08999999,8,0,42405028000159,ROOT CAPITAL - GESTÃO DE RECURSOS LTDA
47629385000114,FERT - AGRO FUNDO DE INVESTIMENTO EM COTAS DE FUNDO DE INVESTIMENTO MULTIMERCADO CRÉDITO PRIVADO,90123447.91,1,1,47629385000114,ASSET WEALTH MANAGEMENT LTDA
41373619000129,TREEFOLK 95 FUNDO DE INVESTIMENTO FINANCEIRO MULTIMERCADO,81240714.78999999,4,0,41373619000129,LAKEWOOD GESTÃO DE RECURSOS LTDA.
41128444000194,VALORA PREVIDÊNCIA FIFE FIF RENDA FIXA CRÉDITO PRIVADO - RESPONSABILIDADE LIMITADA,74860518.35,19,0,41128444000194,VALORA RENDA FIXA LTDA.
09468618000155,CAIXA MASTER PLUS 50 FIF RENDA FIXA REFERENCIADO DI LONGO PRAZO - RESPONSABILIDADE LIMITADA,73931314.64,1,0,09468618000155,CAIXA DISTRIBUIDORA DE TÍTULOS E VALORES MOBILIÁRIOS S.A.
06084861000181,SANTANDER PREV EQUILÍBRIO RENDA FIXA - FIF RESP LIMITADA,70837836.22,1,0,06084861000181,SANTANDER BRASIL GESTÃO DE RECURSOS LTDA
36233973000118,SANTANDER PREV DINÂMICO RENDA FIXA CRÉDITO PRIVADO - FIF RESP LIMITADA,61876082.55,7,0,36233973000118,SANTANDER BRASIL GESTÃO DE RECURSOS LTDA
45019235000163,BINVEST Fundo de Investimento em Cotas de Fundos de Investimento Multimercado Credito Privado,59806238.86,1,1,45019235000163,CATÁLISE INVESTIMENTOS LTDA.
26491419000187,KINEA CRÉDITO PRIVADO PREV RENDA FIXA FUNDO DE INVESTIMENTO FINANCEIRO RESPONSABILIDADE LIMITADA,59368390.019999996,4,0,26491419000187,KINEA INVESTIMENTOS LTDA.
42404779000150,SPS III FEEDER B FUNDO  DE INVESTIMENTO FINANCEIRO,59348966.85,1,1,42404779000150,VINCI SPS GESTÃO DE RECURSOS LTDA
30910036000173,ANGÁ HIGH YIELD FUNDO DE INVESTIMENTO FINANCEIRO RENDA FIXA,57693907.150000006,9,0,30910036000173,ANGÁ INVESTIMENTOS LTDA
42814769000193,ITAÚ FLEXPREV PRIVILÈGE FUNDO DE INVESTIMENTO FINANCEIRO RENDA FIXA REFERENCIADO DI - RESP LIMITADA,53666267.68,1,0,42814769000193,ITAU UNIBANCO ASSET MANAGEMENT LTDA.
42405550000130,SPS III FEEDER A FUNDO DE INVESTIMENTO FINANCEIRO,53186812.14,1,1,42405550000130,VINCI SPS GESTÃO DE RECURSOS LTDA
46373760000145,ROOT CAPITAL CRÉDITO HG PREVIDÊNCIA FIF RENDA FIXA CRÉDITO PRIVADO - RESPONSABILIDADE LIMITADA,52569594.47,5,0,46373760000145,ROOT CAPITAL - GESTÃO DE RECURSOS LTDA
56431727000188,VINLAND CORE CRÉDITO III N FIFE FUNDO DE INVESTIMENTO FINANCEIRO RENDA FIXA CRÉD PRIV RESP LIMITADA,52099652.65,4,0,56431727000188,VINLAND CAPITAL MANAGEMENT CRÉDITO PRIVADO GESTORA DE RECURSOS LTDA.
22652091000182,EMPIRICA LOTUS IPCA FUNDO DE INVESTIMENTO FINANCEIRO EM COTAS DE FUNDOS DE INVESTIMENTO MULTIMERCADO,51105330.57,2,0,22652091000182,SRM Empírica Gestão de Crédito LTDA
19390898000180,SAFRA PREV CAPITAL MARKET FIF PREVIDENCIÁRIO CI RENDA FIXA CRÉDITO PRIVADO PREV RESP LIMITADA,50473352.77,1,0,19390898000180,SAFRA ASSET CORRETORA DE TÍTULOS E VALORES MOBILIÁRIOS S.A.
10948577000183,CAIXA MASTER FUNDO DE INVESTIMENTO FINANCEIRO RENDA FIXA CRÉDITO PRIVADO LONGO PRAZO - RESP LIMITADA,49967933.8,1,0,10948577000183,CAIXA DISTRIBUIDORA DE TÍTULOS E VALORES MOBILIÁRIOS S.A.
34474470000109,ARX VINSON MASTER FI FINANCEIRO RENDA FIXA CRÉDITO PRIVADO - RESPONSABILIDADE LIMITADA,46268115.2,7,0,34474470000109,ARX INVESTIMENTOS LTDA
52272574000112,ROOT CAPITAL CRÉDITO HG BRASILPREV FIF RENDA FIXA CRÉDITO PRIVADO - RESPONSABILIDADE LIMITADA,46214150.71,6,0,52272574000112,ROOT CAPITAL - GESTÃO DE RECURSOS LTDA
51891082000142,PLATINA IV FUNDO DE INVESTIMENTO FINANCEIRO RENDA FIXA CRÉDITO PRIVADO - RESPONSABILIDADE LIMITADA,46039706.74,2,0,51891082000142,SOLIS INVESTIMENTOS S A
14188164000107,SPARTA TOP MASTER CRÉDITO PRIVADO FIF RENDA FIXA LONGO PRAZO - RESPONSABILIDADE LIMITADA,45422984.64,6,0,14188164000107,SPARTA ADMINISTRADORA DE RECURSOS LTDA
09625909000100,ARTESANAL D+2 FUNDO DE INVESTIMENTO MULTIMERCADO,43525967.239999995,3,0,09625909000100,ARTESANAL INVESTIMENTOS LTDA
46246696000131,CASTELO DE BEAUFORT FUNDO DE INVESTIMENTO FINANCEIRO MULTIMERCADO,42843905.12,1,0,46246696000131,BTG PACTUAL GESTÃO E CONSULTORIA DE INVESTIMENTOS LTDA
36554324000119,XP LITIGATION FUND FUNDO DE INVESTIMENTO EM COTAS DE FUNDO DE  INVESTIMENTO FINANCEIRO,41734234.18,1,1,36554324000119,XP VISTA ASSET MANAGEMENT LTDA.
41736872000108,SPS III FEEDER C FUNDO DE INVESTIMENTO FINANCEIRO,41353446.44,1,1,41736872000108,VINCI SPS GESTÃO DE RECURSOS LTDA
50442085000136,ENM FUNDO DE INVESTIMENTO MULTIMERCADO CRÉDITO PRIVADO,40998639.34,1,1,50442085000136,PETRA CAPITAL GESTÃO DE INVESTIMENTOS LTDA
26324274000120,MULTICOOP FUNDO DE INVESTIMENTO FINANCEIRO RENDA FIXA CRÉDITO PRIVADO RESPONSABILIDADE LIMITADA,40571134.83,2,0,26324274000120,BNP PARIBAS ASSET MANAGEMENT BRASIL LTDA
32990051000102,KINEA OPORTUNIDADE FUNDO DE INVESTIMENTO FINANCEIRO RENDA FIXA CRÉDITO PRIVADO RESP LIMITADA,39992864.12,4,0,32990051000102,KINEA INVESTIMENTOS LTDA.
55928061000105,RÉGIA EQUILÍBRIO BRASILPREV FUNDO DE INVESTIMENTO FINANCEIRO IS RENDA FIXA CRÉD PRIV - RESP LIMITADA,38086366.24,1,0,55928061000105,REGIA CAPITAL LTDA
53078711000145,BOTIJA 95 FUNDO DE INVESTIMENTO MULTIMERCADO CRÉDITO PRIVADO,36998757.39,1,0,53078711000145,BTG PACTUAL GESTÃO E CONSULTORIA DE INVESTIMENTOS LTDA
49426637000133,VINLAND CRÉDITO PREV MASTER FUNDO DE INVESTIMENTO FINANCEIRO MULTIMERCADO CRÉD PRIV RESP LIMITADA,36600752.85,2,0,49426637000133,VINLAND CAPITAL MANAGEMENT CRÉDITO PRIVADO GESTORA DE RECURSOS LTDA.
28320857000108,WESTERN ASSET TOTAL CREDIT RENDA FIXA CRÉDITO PRIVADO FUNDO DE INVESTIMENTO FINANCEIRO RESP LIMITADA,35558595.65,3,0,28320857000108,Franklin Templeton Brasil Ltda.
29196718000187,ITAÚ WEALTH IQ MASTER RENDA FIXA REFERENCIADO DI FIF RESP LIMITADA,34925052.36,4,0,29196718000187,ITAU UNIBANCO ASSET MANAGEMENT LTDA.
60887520000190,QP11 FUNDO DE INVESTIMENTO FINANCEIRO RENDA FIXA,34024552.25,4,0,60887520000190,MRB CAPITAL GESTORA DE RECURSOS LTDA.
21336440000194,BTG PACTUAL CRÉDITO CORPORATIVO PREVIDÊNCIA FUNDO DE INVESTIMENTO FINANCEIRO MULTIMERCADO,33864483.29,2,0,21336440000194,BTG PACTUAL ASSET MANAGEMENT S/A DTVM
34474989000197,ARX DENALI MASTER FIF RENDA FIXA CRÉDITO PRIVADO - RESP LTDA,33604495.25,7,0,34474989000197,ARX INVESTIMENTOS LTDA
63423574000192,MONUMENTAL FUNDO DE INVESTIMENTO FINANCEIRO RENDA FIXA CRÉDITO PRIVADO - RESPONSABILIDADE LIMITADA,32947928.43,1,1,63423574000192,MULTIPLICA CAPITAL ASSET MANAGEMENT LTDA.
49366532000136,ROOT CAPITAL HIGH YIELD PREVIDÊNCIA FIF RENDA FIXA CRÉDITO PRIVADO - RESPONSABILIDADE LIMITADA,32789165.96,2,0,49366532000136,ROOT CAPITAL - GESTÃO DE RECURSOS LTDA
66275639000198,BRAM WAREHOUSE 2 FIF - CLASSE DE INVESTIMENTO RENDA FIXA CRÉDITO PRIVADO - RESPONSABILIDADE LIMITADA,32599739.990000002,3,1,66275639000198,BANCO BRADESCO S.A.
62209138000152,BRAM WAREHOUSE FIF - CLASSE DE INVESTIMENTO RENDA FIXA CRÉDITO PRIVADO - RESPONSABILIDADE LIMITADA,32273303.459999997,5,1,62209138000152,BANCO BRADESCO S.A.
09620860000100,ANGÁ PORTFÓLIO FI FINANCEIRO MULTIMERCADO CRÉDITO PRIVADO - RESPONSABILIDADE LIMITADA,32001809.720000003,8,1,09620860000100,ANGÁ INVESTIMENTOS LTDA
22232878000195,BTG PACTUAL ANS RF FUNDO DE INVESTIMENTO FINANCEIRO RENDA FIXA,31758953.2,1,0,22232878000195,BTG PACTUAL ASSET MANAGEMENT S/A DTVM
46099626000106,ARX PREVIDENCIÁRIO S FI FINANCEIRO RENDA FIXA CRÉDITO PRIVADO - RESPONSABILIDADE LIMITADA,31706473.439999998,7,0,46099626000106,ARX INVESTIMENTOS LTDA
66120764000129,BS2 FUNDO DE INVESTIMENTO FINANCEIRO,30441472.79,2,0,66120764000129,BBS ASSET MANAGEMENT - ADMINISTRADORA DE RECURSOS LTDA
51304974000108,ARTE LW FUNDO DE INVESTIMENTO FINANCEIRO MULTIMERCADO - RESPONSABILIDADE LIMITADA,29589807.28,2,2,51304974000108,ARTESANAL INVESTIMENTOS LTDA
41736548000181,ITAÚ BTG PACTUAL CRÉDITO CORPORATIVO PREVIDÊNCIA FIF RENDA FIXA CRÉDITO PRIVADO LP RESP LIMITADA,29569349.98,2,0,41736548000181,BTG PACTUAL ASSET MANAGEMENT S/A DTVM
60276138000140,MERCURY FIC FIF MULTIMERCADO,29285524.36,5,0,60276138000140,FORTUNE GESTORA DE RECURSOS LTDA.
32905253000109,KINEA PREV APOLO MULTIMERCADO FUNDO DE INVESTIMENTO FINANCEIRO RESP LIMITADA,28943875.700000003,4,0,32905253000109,KINEA INVESTIMENTOS LTDA.
41575809000129,ARX PREVIDENCIÁRIO FIFE FIF RENDA FIXA CRÉDITO PRIVADO RESPONSABILIDADE LIMITADA,27369421.51,6,0,41575809000129,ARX INVESTIMENTOS LTDA
09136668000135,SAFRA CAPITAL MARKET FIF CLASSE DE INVESTIMENTO RENDA FIXA CRÉDITO PRIVADO RESPONSABILIDADE LIMITADA,26840225.060000002,2,0,09136668000135,SAFRA DISTRIBUIDORA DE TÍTULOS E VALORES MOBILIÁRIOS LTDA.
34461914000171,ANGÁ MÃO AMIGA FI FINANCEIRO MULTIMERCADO CRÉDITO PRIVADO - RESPONSABILIDADE LIMITADA,25939988.93,8,0,34461914000171,ANGÁ INVESTIMENTOS LTDA
32889108000173,8 ESTRUTURADO FUNDO DE INVESTIMENTO MULTIMERCADO CRÉDITO PRIVADO,25740820.38,1,0,32889108000173,XP ADVISORY GESTAO DE RECURSOS LTDA
36440431000116,GALAPAGOS EVOLUTION FUNDO DE INVESTIMENTO FINANCEIRO EM COTAS DE FUNDOS DE INVESTIMENTO MULTIMERCADO,25592579.27,1,0,36440431000116,GALAPAGOS CAPITAL INVESTIMENTOS E PARTICIPAÇÕES LTDA.
53828295000155,RÉGIA EQUILÍBRIO FIF IS RENDA FIXA CRÉDITO PRIVADO LONGO PRAZO - RESPONSABILIDADE LIMITADA,25539878.37,1,0,53828295000155,REGIA CAPITAL LTDA
36643493000125,XP LITIGATION FUND I1 - FUNDO DE INVESTIMENTO EM COTAS DE FUNDO DE INVESTIMENTO FINANCEIRO,25077272.24,1,1,36643493000125,XP VISTA ASSET MANAGEMENT LTDA.
49269925000121,SANTANDER PREV MULTIESTRATÉGIA RENDA FIXA CRÉDITO PRIVADO LONGO PRAZO - FIF RESP LIMITADA,24663950.450000003,3,0,49269925000121,SANTANDER BRASIL GESTÃO DE RECURSOS LTDA
37653910000183,PETTRA FUNDO DE INVESTIMENTO MULTIMERCADO CRÉDITO PRIVADO,24335449.73,1,1,37653910000183,MULTIPLICA CAPITAL ASSET MANAGEMENT LTDA.
37036451000199,G&G FUNDO DE INVESTIMENTO FINANCEIRO,24304174.95,1,0,37036451000199,TERCON INVESTIMENTOS S.A.
41097037000167,LARCA CAPITAL FI EM COTAS DE FI MULTIMERCADO - CRÉDITO PRIVADO RESPONSABILIDADE LIMITADA,24039055.7,1,0,41097037000167,KP GESTÃO DE RECURSOS LTDA
09577500000165,SANTANDER CRESCIMENTO RF CRÉD PRIV LONGO PRAZO - FIF RESP LIMITADA,23290422.5,3,0,09577500000165,SANTANDER BRASIL GESTÃO DE RECURSOS LTDA
18719154000101,PORTO SEGURO FUNDO DE INVESTIMENTO FINANCEIRO RENDA FIXA REFERENCIADO DI CRED PRIV RESP LIMITADA,23120993.830000002,2,0,18719154000101,PORTO SEGURO INVESTIMENTOS LTDA
20833920000106,JGP CORPORATE MASTER FIF RENDA FIXA CRÉDITO PRIVADO LONGO PRAZO - RESPONSABILIDADE LIMITADA,22622070.99,1,1,20833920000106,LETO ASSET MANAGEMENT LTDA
22003797000113,BS ALPHA CLASSE DE INVESTIMENTO  MULTIMERCADO CRÉDITO PRIVADO - RESP LIMITADA,22340567.95,8,0,22003797000113,V8 CAPITAL GESTÃO DE INVESTIMENTOS LTDA.
15477864000176,WESTERN ASSET PPW FIF MULTIMERCADO CRÉDITO PRIVADO RESPONSABILIDADE LIMITADA,21768407.28,5,0,15477864000176,Franklin Templeton Brasil Ltda.
46098916000127,OCCAM LIQUIDEZ MASTER FI FINANCEIRO RENDA FIXA CRÉDITO PRIVADO - RESPONSABILIDADE LIMITADA,21562248.1,4,0,46098916000127,NOVA OCCAM BRASIL GESTAO DE RECURSOS LTDA.
65838693000131,HERITAGE RUBY MASTER OFFSHORE FIF RF INVESTIMENTO EM INFRA CRÉDITO  PRIVADO RESP LIMITADA,21421997.16,4,0,65838693000131,HERITAGE CAPITAL PARTNERS GESTÃO DE RECURSOS LTDA.
10322633000170,CAIXA MEGA FUNDO DE INVESTIMENTO FINANCEIRO RENDA FIXA REFERENCIADO DI LONGO PRAZO - RESP LIMITADA,21390517.12,1,0,10322633000170,CAIXA DISTRIBUIDORA DE TÍTULOS E VALORES MOBILIÁRIOS S.A.
02296928000190,BB INSTITUCIONAL FUNDO DE INVESTIMENTO FINANCEIRO RENDA FIXA RESPONSABILIDADE LIMITADA,21358405.65,2,0,02296928000190,BB GESTAO DE RECURSOS DTVM S.A
21336427000135,BTG PACTUAL YIELD PREVIDÊNCIA FUNDO DE INVESTIMENTO FINANCEIRO RENDA FIXA,21180643.57,2,0,21336427000135,BTG PACTUAL ASSET MANAGEMENT S/A DTVM
17251743000137,EMPIRICA LOTUS FUNDO DE INVESTIMENTO FINANCEIRO EM COTAS DE FUNDOS DE INVESTIMENTO MULTIMERCADO,20767688.05,1,0,17251743000137,SRM Empírica Gestão de Crédito LTDA
40832863000140,CAIXA RM PREVINVEST PREVIDENCIARIO FIF RENDA FIXA CRÉDITO PRIVADO - RESPONSABILIDADE LIMITADA,19912253.34,1,0,40832863000140,CAIXA DISTRIBUIDORA DE TÍTULOS E VALORES MOBILIÁRIOS S.A.
42479952000180,GMOT FUNDO DE INVESTIMENTO FINANCEIRO EM COTAS DE FUNDOS DE INVESTIMENTO MULTIMERCADO,19837064.21,1,0,42479952000180,CATÁLISE INVESTIMENTOS LTDA.
49270021000116,SBPREV I MASTER RENDA FIXA CRÉDITO PRIVADO - FIF RESP LIMITADA,19458641.490000002,5,0,49270021000116,SANTANDER BRASIL GESTÃO DE RECURSOS LTDA
63404696000131,IPÊ DO CERRADO FUNDO DE INVESTIMENTO FINANCEIRO RENDA FIXA CRÉDITO PRIVADO - RESP LIMITADA,19451599.01,3,0,63404696000131,INTEGRAL INVESTIMENTOS LTDA.
64008119000193,SANTANDER DC RENDA FIXA CRÉDITO PRIVADO - FIF RESP LIMITADA,19409143.58,3,0,64008119000193,SANTANDER BRASIL GESTÃO DE RECURSOS LTDA
46332105000149,KINEA BVP FIFE FI FINANCEIRO - CI MULT CRED PRIV - RESP LIMITADA,19345274.380000003,4,2,46332105000149,KINEA INVESTIMENTOS LTDA.
23970201000117,OURO PRETO REAL FUNDO DE INVESTIMENTO EM COTAS DE FUNDOS DE INVESTIMENTO RENDA FIXA LONGO PRAZO,18420365.92,5,0,23970201000117,OURO PRETO GESTÃO DE RECURSOS S.A.
45273911000120,SOLIS VNC FUNDO DE INVESTIMENTO FINANCEIRO EM COTAS DE FUNDOS DE INVESTIMENTO MULTIMERCADO,18331342.07,8,0,45273911000120,SOLIS INVESTIMENTOS S A
49438428000100,AZ QUEST LUCE PREVIDENCIARIO MASTER II FIFE FIF RENDA FIXA CRÉDITO PRIVADO - RESP LTDA,17941179.19,1,0,49438428000100,AZ Quest Prev Ltda.
21762085000115,JGP SELECT MASTER FUNDO DE INVESTIMENTO FINANCEIRO MULTIMERCADO CRÉDITO PRIVADO RESP LTDA,17775200.98,1,1,21762085000115,LETO ASSET MANAGEMENT LTDA
44211989000158,BNP PARIBAS FIFE FI FINANCEIRO - CI MULT CRED PRIV - RESP LIMITADA,17563653.93,3,1,44211989000158,BNP PARIBAS ASSET MANAGEMENT BRASIL LTDA
51238218000110,BTG PACTUAL CREDITO CORPORATIVO BRASILPREV PREVIDENCIA FUNDO DE INVESTIMENTO FINANCEIRO MULTIMERCADO,17378589.040000003,2,0,51238218000110,BTG PACTUAL ASSET MANAGEMENT S/A DTVM
13455189000159,SANTANDER ANS RENDA FIXA CRÉDITO PRIVADO - FIF RESP LIMITADA,17332214.28,5,0,13455189000159,SANTANDER BRASIL GESTÃO DE RECURSOS LTDA
61707959000156,SPECIALE SPECIAL SITS HIGH YIELD 360 FUNDO DE INVESTIMENTO FINANCEIRO MULTIMERCADO,17172250.96,3,0,61707959000156,PORTOFINO GESTÃO DE RECURSOS LTDA.
52115449000107,ROOT CAPITAL CRÉDITO HG INSTITUCIONAL FIF RENDA FIXA CRÉDITO PRIVADO - RESPONSABILIDADE LIMITADA,16766900.69,7,0,52115449000107,ROOT CAPITAL - GESTÃO DE RECURSOS LTDA
15164899000155,PANTHER FUNDO DE INVESTIMENTO FINANCEIRO MULTIMERCADO,16711053.209999999,7,0,15164899000155,DAYCOVAL ASSET MANAGEMENT ADMINISTRACAO DE RECURSOS LTDA
65927708000138,CAPITÂNIA MULTI RECEBÍVEIS II FIF RENDA FIXA CRÉDITO PRIVADO RESP LIMITADA,16552343.52,5,0,65927708000138,CAPITANIA PREV S.A.
61327132000117,BRADESCO MÁSTER ULTRA II FIF - CLASSE DE INVESTIMENTO MULTIMERCADO CRED PRIV - RESP LIMITADA,16368396.84,5,3,61327132000117,BANCO BRADESCO S.A.
38653627000114,GUNNAR FUNDO DE INVESTIMENTO FINANCEIRO MULTIMERCADO CRÉDITO PRIVADO INVESTIMENTO NO EX,16298767.22,1,1,38653627000114,MAUD CAPITAL GESTORA DE ATIVOS LTDA.
17138466000150,SANTANDER ANS II RENDA FIXA CRÉDITO PRIVADO - FIF RESP LIMITADA,16285742.819999998,5,0,17138466000150,SANTANDER BRASIL GESTÃO DE RECURSOS LTDA
41709727000120,CAPITÂNIA PREV ITAÚ FIFE FUNDO DE INVESTIMENTO FINANCEIRO MULTIMERCADO CRÉDITO PRIVADO RESP LIMITADA,16206581.149999999,6,0,41709727000120,CAPITANIA PREV S.A.
61689590000104,G5 VEGAS 95 FUNDO DE INVESTIMENTO FINANCEIRO MULTIMERCADO,16080811.43,1,0,61689590000104,G5 ADMINISTRADORA DE RECURSOS LTDA.
52955321000143,SVN PREV FUNDO DE INVESTIMENTO FINANCEIRO RENDA FIXA CRÉDITO PRIVADO - RESPONSABILIDADE LIMITADA,15535319.46,3,0,52955321000143,SVN GESTORA DE RECURSOS LTDA
36821794000100,WESTERN ASSET PREV STRUCTURED CREDIT III CRÉDITO PRIVADO FIF RENDA FIXA RESPONSABILIDADE LIMITADA,15377570.809999999,2,0,36821794000100,Franklin Templeton Brasil Ltda.
24444154000130,SPARTA MAX MASTER FIF RENDA FIXA CRÉDITO PRIVADO LONGO PRAZO - RESPONSABILIDADE LIMITADA,15333224.68,5,0,24444154000130,SPARTA ADMINISTRADORA DE RECURSOS LTDA
48411732000109,ROOT CAPITAL HIGH YIELD RADICE FIF MULTIMERCADO CRÉDITO PRIVADO IE - RESPONSABILIDADE LIMITADA,15319978.59,1,0,48411732000109,ROOT CAPITAL - GESTÃO DE RECURSOS LTDA
27347344000128,AUGME MRT II CLASSE DE INVESTIMENTO RENDA FIXA CRÉDITO PRIVADO - RESP LIMITADA,15121270.020000001,4,1,27347344000128,AUGME CAPITAL GESTÃO DE RECURSOS LTDA.
40456260000190,VALORA MASTER FIFE PREVIDENCIÁRIO FUNDO DE INVESTIMENTO RENDA FIXA CRÉDITO PRIVADO,15040772.43,14,0,40456260000190,VALORA RENDA FIXA LTDA.
08817807000123,LYNX MULTIMERCADO CRÉDITO PRIVADO FIF DA CIC RESPONSABILIDADE LIMITADA,14982645.27,1,0,08817807000123,PRAGMA GESTÃO DE PATRIMÔNIO LTDA
50874219000198,BTG PACTUAL CRÉDITO CORPORATIVO MASTER III FUNDO DE INVESTIMENTO RENDA FIXA CRÉDITO PRIVADO,14684859.95,2,0,50874219000198,BTG PACTUAL ASSET MANAGEMENT S/A DTVM
18990334000115,JGP CORPORATE PLUS MASTER FUNDO DE INVESTIMENTO FINANCEIRO MULTIMERCADO CRÉDITO PRIVADO RESP LTDA,14671037.08,1,1,18990334000115,LETO ASSET MANAGEMENT LTDA
28767162000179,JGP CRÉDITO ADVISORY FI FINANCEIRO MULTIMERCADO CRÉDITO PRIVADO - RESPONSABILIDADE LIMITADA,14553652.73,1,1,28767162000179,LETO ASSET MANAGEMENT LTDA
45443993000104,NOVUS CRÉDITO HIGH GRADE FUNDO DE INVESTIMENTO MULTIMERCADO LONGO PRAZO,13963938.03,5,0,45443993000104,NOVUS CREDITO GESTAO DE RECURSOS LTDA
45103998000198,JIVE SOUL 177 PREV FIFE FUNDO DE INVESTIMENTO MULTIMERCADO CRÉDITO PRIVADO RESP LIMITADA,13500936.700000001,2,1,45103998000198,JIVE HIGH YIELD GESTÃO DE RECURSOS LTDA.
17138011000135,UNIMED FUNDO DE INVESTIMENTO FINANCEIRO RENDA FIXA CRÉDITO PRIVADO PREVIDENCIÁRIO RESP LIMITADA,13120360.850000001,2,0,17138011000135,BNP PARIBAS ASSET MANAGEMENT BRASIL LTDA
47936696000126,COMPASS HIGH YIELD 180 MASTER FI FINANCEIRO EM COTAS DE FUNDOS DE INVESTIMENTO MULTIMERCADO,12794295.690000001,3,0,47936696000126,VINCI CG GESTORA DE RECURSOS LTDA
10326625000100,VALORA ABSOLUTE FIF RENDA FIXA CRÉD PRIV LONGO PRAZO - RESPONSABILIDADE LIMITADA,12669834.31,17,0,10326625000100,VALORA RENDA FIXA LTDA.
49178674000170,BTG PACTUAL CONSÓRCIO FUNDO DE INVESTIMENTO FINANCEIRO RENDA FIXA REFERÊNCIA DI,12482393.47,1,0,49178674000170,BTG PACTUAL ASSET MANAGEMENT S/A DTVM
57449111000105,BRAM FIF - CLASSE DE  INVESTIMENTO RF DE INVESTIMENTO EM INFRA CDI  CRED PRIV RESP LIMITADA,12154531.43,1,0,57449111000105,BANCO BRADESCO S.A.
51102305000145,MCA INSTITUCIONAL FUNDO DE INVESTIMENTO FINANCEIRO EM COTAS DE FUNDOS DE INVESTIMENTO MULTIMERCADO,12039611.7,6,0,51102305000145,MRB CAPITAL GESTORA DE RECURSOS LTDA.
51623321000183,BTG LEGATO L FUNDO DE INVESTIMENTO FINANCEIRO MULTIMERCADO,11983247.200000001,4,0,51623321000183,BTG PACTUAL ASSET MANAGEMENT S/A DTVM
41954734000197,BRAVE TB FUNDO DE INVESTIMENTO FINANCEIRO MULTIMERCADO CRÉDITO PRIVADO,11978694.26,15,0,41954734000197,BRAVE GESTORA DE RECURSOS LTDA.
41721530000106,SANTANDER PREV RENDA FIXA REFERENCIADO DI - FIF RESPONSABILIDADE LIMITADA,11845367.04,3,0,41721530000106,SANTANDER BRASIL GESTÃO DE RECURSOS LTDA
59714471000104,CAPITÂNIA INFRA YIELD MASTER FUNDO INCENTIVADO DE INVESTIMENTO FINANCEIRO EM INFRA RENDA FIXA,11831560.870000001,7,0,59714471000104,CAPITÂNIA ALTERNATIVES S/A
61333973000137,CAPITÂNIA INFRA ADVISORY SÊNIOR I RENDA FIXA FUNDO DE INVESTIMENTO EM INFRAESTRUTURA,11751868.06,4,0,61333973000137,CAPITÂNIA ALTERNATIVES S/A
47409947000114,SPECIALE 180 FUNDO DE INVESTIMENTO FINANCEIRO MULTIMERCADO,11723939.75,2,0,47409947000114,PORTOFINO GESTÃO DE RECURSOS LTDA.
30102426000117,SANTANDER PREV ATIVO RENDA FIXA - FUNDO DE INVESTIMENTO FINANCEIRO RESPONSABILIDADE LIMITADA,11575654.530000001,3,0,30102426000117,SANTANDER BRASIL GESTÃO DE RECURSOS LTDA
58735449000188,SAFRA GRAND VITESSE MASTER FIF CLASSE DE INVESTIMENTO RENDA FIXA CRÉDITO PRIVADO RESP LIMITADA,11462095.04,2,0,58735449000188,SAFRA ASSET CORRETORA DE TÍTULOS E VALORES MOBILIÁRIOS S.A.
65028465000104,CAPITÂNIA MASTER INFRA GERAL ADVISORY RENDA FIXA FUNDO DE INVESTIMENTO EM INFRAESTRUTURA RL,11444689.07,5,0,65028465000104,CAPITÂNIA ALTERNATIVES S/A
17247835000143,SOCJOV FUNDO DE INVESTIMENTO FINANCEIRO,11365863.26,5,0,17247835000143,DAYCOVAL ASSET MANAGEMENT ADMINISTRACAO DE RECURSOS LTDA
53076781000164,ST MORITZ LIQUIDEZ INSTITUCIONAL FUNDO DE INVESTIMENTO EM RENDA FIXA,10959864.7,8,0,53076781000164,PATRIMONIAL GESTÃO DE RECURSOS LTDA.
34687399000142,VINLAND MASTER FUNDO DE INVESTIMENTO FINANCEIRO RENDA FIXA LONGO PRAZO RESPONSABILIDADE LIMITADA,10950857.45,3,0,34687399000142,VINLAND CAPITAL MANAGEMENT CRÉDITO PRIVADO GESTORA DE RECURSOS LTDA.
63942021000146,OCCAM BB INFRA LINEAR FI FINANCEIRO RENDA FIXA INVESTIMENTO EM INFRAESTRUTURA - RESP LIMITADA,10772124.73,2,0,63942021000146,NOVA OCCAM BRASIL GESTAO DE RECURSOS LTDA.
54293388000195,VALORA TITAN II RESPONSABILIDADE LIMITADA FIF MULTIMERCADO CRÉDITO PRIVADO LONGO PRAZO,10524870.15,14,0,54293388000195,VALORA RENDA FIXA LTDA.
64001026000137,JIVE PULSE OPPORTUNA PREVIDÊNCIA FIFE FUNDO DE INVESTIMENTO MULTIMERCADO CRED PRIV RESP LIMITADA,10417579.31,1,0,64001026000137,JIVE HIGH YIELD GESTÃO DE RECURSOS LTDA.
30654823000100,SPS II FEEDER B FUNDO DE INVESTIMENTO FINANCEIRO,10156695.31,1,0,30654823000100,VINCI SPS GESTÃO DE RECURSOS LTDA
40970298000187,AFN FUNDO DE INVESTIMENTO FINANCEIRO - MULTIMERCADO CREDITO PRIVADO RESPONSABILIDADE LIMITADA,10131251.43,1,0,40970298000187,TURIM 21 INVESTIMENTOS LTDA
08608370000118,SABESPREV CRÉDITO PRIVADO PPM FUNDO DE INVESTIMENTO FINANCEIRO RENDA FIXA RESPONSABILIDADE LIMITADA,10112687.93,2,0,08608370000118,BRZ INVESTIMENTOS LTDA
37319367000182,UNIMED INVESTCOOP LIVRE I FIF RENDA FIXA CRÉDITO PRIVADO LP RESP LIMITADA,9987082.46,1,0,37319367000182,INVESTCOOP ASSET MANAGEMENT LTDA.
57620173000120,SOLIS CORUJA FUNDO DE INVESTIMENTO FINANCEIRO EM COTAS DE FUNDOS DE INVESTIMENTO MULTIMERCADO,9920901.96,10,0,57620173000120,SOLIS INVESTIMENTOS S A
49692303000101,SOLUTIONS OPTIMUM CDI FUNDO DE INVESTIMENTO EM COTAS DE FUNDOS DE INVESTIMENTO MULTIMERCADO,9889272.02,5,0,49692303000101,SWM GESTAO DE RECURSOS LTDA.
39316270000141,FEGIK FUNDO DE INVESTIMENTO EM COTAS DE FUNDOS DE INVESTIMENTO MULTIMERCADO - CRÉDITO PRIVADO,9869072.53,5,0,39316270000141,EVOLVE CAPITAL GESTÃO DE RECURSOS LTDA.
18007644000177,CAIXA MASTER PERFORMANCE 50 FUNDO DE INVESTIMENTO FINANCEIRO RENDA FIXA LONGO PRAZO - RESP LIMITADA,9857441.49,1,0,18007644000177,CAIXA DISTRIBUIDORA DE TÍTULOS E VALORES MOBILIÁRIOS S.A.
12029811000102,WESTERN ASSET PREV STRUCTURED CREDIT CRÉDITO PRIVADO FIF RENDA FIXA RESP LIMITADA,9569185.83,3,0,12029811000102,Franklin Templeton Brasil Ltda.
37440121000164,AUGME PRO VC FUNDO DE INVESTIMENTO FINANCEIRO MULTIMERCADO,9532609.61,4,0,37440121000164,AUGME CAPITAL GESTÃO DE RECURSOS LTDA.
38376552000171,HUDSON II FUNDO DE INVESTIMENTO FINANCEIRO MULTIMERCADO CRÉDITO PRIVADO RESPONSABILIDADE LIMITADA,9318897.69,1,1,38376552000171,PLURAL INVESTIMENTOS GESTÃO DE RECURSOS LTDA.
41256601000147,MISSOURI II FUNDO DE INVESTIMENTO MULTIMERCADO CRÉDITO PRIVADO,9318897.69,1,1,41256601000147,PLURAL INVESTIMENTOS GESTÃO DE RECURSOS LTDA.
65131307000177,VALORA OPPORTUNA PREVIDENCIÁRIO FI FINANCEIRO MULTIMERCADO CRÉDITO PRIVADO - RESPONSABILIDADE LIMITA,9308204.93,3,0,65131307000177,VALORA RENDA FIXA LTDA.
01655956000194,SANTANDER PREMIUM RENDA FIXA REFERENCIADO DI - FIF RESP LIMITADA,9300432.64,2,0,01655956000194,SANTANDER BRASIL GESTÃO DE RECURSOS LTDA
22314823000124,EW1 FUNDO DE INVESTIMENTO EM COTAS DE FUNDOS DE INVESTIMENTO MULTIMERCADO,9294524.25,2,0,22314823000124,CAPITÂNIA ALTERNATIVES S/A
45104170000154,VICTOREM FUNDO DE INVESTIMENTO FINANCEIRO,9291602.82,1,0,45104170000154,GALAPAGOS INVESTMENTS SOLUTIONS LTDA.
00977449000104,BNP PARIBAS GERDAU PREVIDÊNCIA 1 CLASSE DE INVESTIMENTO RENDA FIXA CREDITO PRIVADO RESP LIMITADA,9070783.3,2,0,00977449000104,BNP PARIBAS ASSET MANAGEMENT BRASIL LTDA
23556204000109,AZ QUEST LUCE MASTER FIF RENDA FIXA CRÉDITO PRIVADO LONGO PRAZO - RESPONSABILIDADE LIMITADA,9020704.62,1,0,23556204000109,AZ QUEST MZK INVESTIMENTOS MACRO E CRÉDITO LTDA.
38026869000188,SPARTA TOP INFLAÇÃO MASTER FIF RENDA FIXA CRÉDITO PRIVADO LONGO PRAZO - RESPONSABILIDADE LIMITADA,8946861.65,6,0,38026869000188,SPARTA ADMINISTRADORA DE RECURSOS LTDA
42887856000170,GALAPAGOS IGUANA FUNDO DE INVESTIMENTO FINANCEIRO RENDA FIXA,8875627.24,1,0,42887856000170,GALAPAGOS CAPITAL INVESTIMENTOS E PARTICIPAÇÕES LTDA.
23738226000190,AZ QUEST ICATU MASTER FIFE CONSERVADOR FIF RENDA FIXA PREVIDENCIÁRIO CRÉD PRIV - RESP LTDA,8720014.46,1,0,23738226000190,AZ Quest Prev Ltda.
53450033000108,SAFRA HIGH YIELD MASTER FIF CLASSE DE INVESTIMENTO RENDA FIXA CRÉDITO PRIVADO RESP LIMITADA,8702798.64,2,0,53450033000108,SAFRA DISTRIBUIDORA DE TÍTULOS E VALORES MOBILIÁRIOS LTDA.
42848014000100,BTG LEGATO VC FUNDO DE INVESTIMENTO FINANCEIRO MULTIMERCADO,8688029.24,4,0,42848014000100,BTG PACTUAL ASSET MANAGEMENT S/A DTVM
57439257000161,NOVA ALMEIDA FUNDO DE INVESTIMENTO FINANCEIRO MULTIMERCADO CRÉDITO  PRIVADO,8595615.79,1,1,57439257000161,LATACHE GESTÃO DE RECURSOS LTDA
30642042000197,BARCELOS FUNDO DE INVESTIMENTO MULTIMERCADO CRÉDITO PRIVADO INVESTIMENTO NO EXTERIOR,8552444.01,7,0,30642042000197,DAYCOVAL ASSET MANAGEMENT ADMINISTRACAO DE RECURSOS LTDA
62670474000106,ROOT CAPITAL HG PREVIDENCIÁRIO PLUS XP FI FINANCEIRO MULTIMERCADO CRÉD PRIV - RESP LIMITADA,8422203.8,5,0,62670474000106,ROOT CAPITAL - GESTÃO DE RECURSOS LTDA
19412991000148,FACT SEED FUNDO DE INVESTIMENTO FINANCEIRO MULTIMERCADO RESPONSABILIDADE LIMITADA,8392477.01,1,0,19412991000148,FACT INVESTMENTS GESTAO DE RECURSOS LTDA
42934049000161,CAPITÂNIA PREVIDENCE ITAÚ FIFE FIF RENDA FIXA CRÉDITO PRIVADO RESPONSABILIDADE LIMITADA,8283334.720000001,7,0,42934049000161,CAPITANIA PREV S.A.
55634848000164,FACT PREMIUM FUNDO DE INVESTIMENTO FINANCEIRO MULTIMERCADO RESPONSABILIDADE LIMITADA,8213610.66,1,0,55634848000164,FACT INVESTMENTS GESTAO DE RECURSOS LTDA
42418908000160,XP CRÉDITO ESTRUTURADO HIGH YIELD SEGUROS MASTER PREV FIF MULTIMERCADO CRÉD PRIV - RESP LTDA,8199694.140000001,2,0,42418908000160,XP VISTA ASSET MANAGEMENT LTDA.
59060765000160,GOLDEN GATE CRÉDITO ESTRUTURADO FIC DE FIF MULTIMERCADO,8124993.08,4,0,59060765000160,FORTUNE GESTORA DE RECURSOS LTDA.
34962302000162,ARX EVEREST MASTER FIF RENDA FIXA CRÉDITO PRIVADO - RESPONSABILIDADE LIMITADA,8020567.65,4,0,34962302000162,ARX INVESTIMENTOS LTDA
60776035000149,COMMANDER ABSOLUTE 180 FUNDO DE INVESTIMENTO EM COTAS DE FIF MULT CRED PRIV,7880508.37,7,0,60776035000149,GLOBAL ASSET GESTORA DE RECURSOS LTDA
20155921000130,METLIFE FUNDO DE INVESTIMENTO FINANCEIRO RENDA FIXA II RESPONSABILIDADE LIMITADA,7788073.6,1,0,20155921000130,Franklin Templeton Brasil Ltda.
32770526000147,ARX K2 INFLAÇÃO CURTA FI FINANCEIRO MULTIMERCADO CRÉDITO PRIVADO- RESPONSABILIDADE LIMITADA,7754950.300000001,3,0,32770526000147,ARX INVESTIMENTOS LTDA
56067582000188,KINEA PREV EMPRESARIAL FUNDO DE INVESTIMENTO FINANCEIRO RENDA FIXA RESPONSABILIDADE LIMITADA,7623754.5600000005,3,0,56067582000188,KINEA INVESTIMENTOS LTDA.
55911526000115,SPARTA PREVIDÊNCIA BB FIFE FI FINANCEIRO RENDA FIXA CRÉDITO PRIVADO - RESPONSABILIDADE LIMITADA,7529939.96,4,0,55911526000115,SPARTA ADMINISTRADORA DE RECURSOS LTDA
46329395000171,SPECIAL SITUATIONS III FIF MULTIMERCADO CRÉDITO PRIVADO IE - RESPONSABILIDADE LIMITADA,7439853.95,1,0,46329395000171,ROOT CAPITAL - GESTÃO DE RECURSOS LTDA
34476006000151,SANTANDER DINÂMICO RENDA FIXA CRÉDITO PRIVADO - FUNDO DE INVESTIMENTO FINANCEIRO RESP LIMITADA,7406491.12,3,0,34476006000151,SANTANDER BRASIL GESTÃO DE RECURSOS LTDA
45642714000131,SULAMÉRICA PREV CRÉDITO ESG ITAÚ MASTER INVESTIMENTO SUSTENTÁVEL FIF RF CRÉD PRIV RESP LIMITADA,7392158.92,1,0,45642714000131,Sul América Gestão de Investimentos S.A.
45295157000120,VALORA ARKA FUNDO DE INVESTIMENTO FINANCEIRO MULTIMERCADO,7279855.05,10,0,45295157000120,VALORA RENDA FIXA LTDA.
36672135000140,PETA FUNDO DE INVESTIMENTO FINANCEIRO,6969249.74,4,2,36672135000140,ANGÁ INVESTIMENTOS LTDA
62701033000116,JGP DEBÊNTURES MASTER LAYERS RENDA FIXA FI FINANCEIRO EM INFRAESTRUTURA - RESPONSABILIDADE LIMITADA,6844144.34,1,0,62701033000116,LETO ASSET MANAGEMENT LTDA
30618614000100,G5 ALLOCATION HY DIREITOS CREDITÓRIOS FUNDO DE INVESTIMENTO FINANCEIRO MULTIMERCADO,6735366.63,1,0,30618614000100,G5 ADMINISTRADORA DE RECURSOS LTDA.
34475777000124,THOT FUNDO DE INVESTIMENTO MULTIMERCADO CREDITO PRIVADO,6659507.92,3,3,34475777000124,OURO PRETO GESTÃO DE RECURSOS S.A.
14399693000141,GERDAU PREVIDÊNCIA FIF - CLASSE DE INVESTIMENTO RENDA FIXA CRÉDITO PRIVADO 2 - RESP LIMITADA,6646157.24,1,0,14399693000141,BANCO BRADESCO S.A.
45726917000106,SUL AMÉRICA PRESTIGE STRATEGIE ITAÚ MASTER FIF RENDA FIXA CRÉDITO PRIVADO RESP LIMITADA,6594119.55,2,0,45726917000106,Sul América Gestão de Investimentos S.A.
55984282000109,BRAVE BRAIN PR FUNDO DE INVESTIMENTO FINANCEIRO,6580576.49,13,1,55984282000109,BRAVE GESTORA DE RECURSOS LTDA.
31962100000122,SPARTA PREVIDÊNCIA MASTER FUNDO DE INVESTIMENTO FINANCEIRO RENDA FIXA CRÉDITO PRIVADO RESP LTDA,6518933.72,3,0,31962100000122,SPARTA ADMINISTRADORA DE RECURSOS LTDA
53190611000106,FUNDO DE INVESTIMENTO MULTIMERCADO CRÉDITO PRIVADO DOREL L,6489181.55,1,0,53190611000106,BTG PACTUAL GESTÃO E CONSULTORIA DE INVESTIMENTOS LTDA
62697173000168,VONIXX FUNDO DE INVESTIMENTO EM INFRAESTRUTURA RENDA FIXA,6471828.93,1,0,62697173000168,XP ADVISORY GESTAO DE RECURSOS LTDA
20889217000101,PORTO SEGURO MASTER PREVIDENCIÁRIO FIF RENDA FIXA CRÉD PRIV RESP  LIMITADA,6456103.8,2,0,20889217000101,PORTO SEGURO VIDA E PREVIDÊNCIA S/A
57771660000193,BTG PACTUAL BVP CRÉD CORPORATIVO PREV FIFE FIF RF CRÉD PRIV - RESP LIMITADA,6379750.14,2,1,57771660000193,BTG PACTUAL ASSET MANAGEMENT S/A DTVM
28581145000142,VINLAND MACRO MASTER FUNDO DE INVESTIMENTO FINANCEIRO MULTIMERCADO RESPONSABILIDADE LIMITADA,6345756.640000001,2,0,28581145000142,VINLAND CAPITAL MANAGEMENT GESTORA DE RECURSOS LTDA.
59349920000162,AUGME 90 II FUNDO DE INVESTIMENTO FINANCEIRO MULTIMERCADO,6343010.35,4,0,59349920000162,AUGME CAPITAL GESTÃO DE RECURSOS LTDA.
62869550000107,SEVEN INCENTIVADO FIF RENDA FIXA INVESTIMENTO EM INFRAESTRUTURA - RESPONSABILIDADE LIMITADA,6313887.99,2,0,62869550000107,SVN GESTORA DE RECURSOS LTDA
63706652000166,VINLAND INC XP FUNDO INCENTIVADO EM INVESTIMENTO EM DEB DE INFRA FIF RF CRED PRIV RESP LIMITADA,6223491.7,3,0,63706652000166,VINLAND CAPITAL MANAGEMENT CRÉDITO PRIVADO GESTORA DE RECURSOS LTDA.
55726312000179,TIVIO BVP FUNDO DE INVESTIMENTO FINANCEIRO RENDA FIXA CRÉDITO PRIVADO FIFE RESPONSABILIDADE LIMITADA,6157721.5,2,1,55726312000179,TIVIO CAPITAL DISTRIBUIDORA DE TITULOS E VALORES MOBILIARIOS S.A.
64071100000191,CAPITÂNIA INFRA CDI MASTER FUNDO DE INVESTIMENTO EM INFRAESTRUTURA RENDA FIXA - CRÉDITO PRIVADO,6151244.66,5,0,64071100000191,CAPITÂNIA ALTERNATIVES S/A
01165780000192,CAIXA MASTER PERSONALIZADO 50 FUNDO DE INVESTIMENTO FINANCEIRO RENDA FIXA LONGO PRAZO-RESP LIMITADA,6111432.46,1,0,01165780000192,CAIXA DISTRIBUIDORA DE TÍTULOS E VALORES MOBILIÁRIOS S.A.
36521676000178,WESTERN B PREVIDÊNCIA FIFE MASTER FI FINANCEIRO - CI MULT CRED PRIV - RESP LIMITADA,6035908.09,1,1,36521676000178,Franklin Templeton Brasil Ltda.
18716552000166,RT 95 CLASSE DE INVESTIMENTO EM COTAS DE CLASSES DE INVESTIMENTO MULTIMERCADO CRÉDITO PRIVADO,6016794.76,1,0,18716552000166,G5 ADMINISTRADORA DE RECURSOS LTDA.
17898668000109,AQUILA 6 CRÉDITO PRIVADO FUNDO DE INVESTIMENTO FINANCEIRO RENDA FIXA - RESPONSABILIDADE LIMITADA,5964745.1,2,0,17898668000109,CAPITANIA PREV S.A.
19941929000143,ZANIAH FUNDO DE INVESTIMENTO FINANCEIRO MULTIMERCADO CRÉDITO PRIVADO RESPONSABILIDADE LIMITADA,5956278.6899999995,2,0,19941929000143,BNP PARIBAS ASSET MANAGEMENT BRASIL LTDA
15174629000125,INTEGRAL FUNDO DE INVESTIMENTO FINANCEIRO RENDA FIXA,5914592.2299999995,7,0,15174629000125,INTEGRAL INVESTIMENTOS LTDA.
65359339000124,TIVIO PREV MASTER FIF - CLASSE DE INVESTIMENTO MULTIMERCADO CRÉDITO PRIVADO - RESP LIMITADA,5881367.319999999,3,0,65359339000124,TIVIO CAPITAL DISTRIBUIDORA DE TITULOS E VALORES MOBILIARIOS S.A.
38068830000123,KINEA PREV IPCA DINÂMICO FUNDO DE INVESTIMENTO FINANCEIRO RENDA FIXA RESP LIMITADA,5451652.65,4,0,38068830000123,KINEA INVESTIMENTOS LTDA.
36947635000148,CAPITÂNIA FAPES FUNDO DE INVESTIMENTO FINANCEIRO MULT CRÉDITO PRIVADO - RESP LIMITADA,5364827.109999999,2,0,36947635000148,CAPITANIA PREV S.A.
30568172000127,AUGME HIGH GRADE FUNDO DE INVESTIMENTO RENDA FIXA,5269456.35,1,0,30568172000127,AUGME CAPITAL GESTÃO DE RECURSOS LTDA.
22118303000146,CW1 CRÉDITO PRIVADO FUNDO DE INVESTIMENTO FINANCEIRO MULTIMERCADO - RESPONSABILIDADE LIMITADA,5246614.6,5,0,22118303000146,CAPITANIA CAPITAL S.A.
34508396000102,SPS II FEEDER A FUNDO DE INVESTIMENTO FINANCEIRO,5232237.66,1,0,34508396000102,VINCI SPS GESTÃO DE RECURSOS LTDA
56608307000124,GERDAU PREV FIF RENDA FIXA CRÉDITO PRIVADO 6 LONGO PRAZO DE RESPONSABILIDADE LIMITADA,5219447.86,1,0,56608307000124,Sul América Gestão de Investimentos S.A.
50534721000150,DESBRAVA PERFORMANCE FUNDO DE INVESTIMENTO FINANCEIRO,5191338.63,1,0,50534721000150,DESBRAVA CAPITAL LTDA
58451811000199,ARX BLANC FUNDO DE INVESTIMENTO FINANCEIRO MULTIMERCADO CRÉDITO PRIVADO - RESPONSABILIDADE LIMITADA,5119348.9399999995,2,0,58451811000199,ARX INVESTIMENTOS LTDA
61141536000111,BB MASTER RENDA FIXA DEBÊNTURES INCENTIVADAS FIF INVESTIMENTO EM INFRAESTRUTURA RESP LIMITADA,5036411.06,1,1,61141536000111,BB GESTAO DE RECURSOS DTVM S.A
67137640000119,TIVIO ARMAZÉM ESTRUTURADOS FIF - CLASSE DE INVESTIMENTO MULTIMERCADO CRÉDITO PRIVADO - RESP LIMITADA,5030060.91,1,0,67137640000119,TIVIO CAPITAL DISTRIBUIDORA DE TITULOS E VALORES MOBILIARIOS S.A.
42865247000110,BRZ IRB FIF - CLASSE DE INVESTIMNTO RF CRÉDITO PRIVADO - RESPONSABILIDADE LIMITADA,5008166.26,2,1,42865247000110,BRZ INVESTIMENTOS LTDA
17329754000192,BNP PARIBAS CAMARO FIF RENDA FIXA PREVIDENCIÁRIO CRÉDITO PRIVADO - RESPONSABILIDADE LIMITADA,4935373.6899999995,2,0,17329754000192,BNP PARIBAS ASSET MANAGEMENT BRASIL LTDA
33498945000134,G5 HÉRCULES FIF - CLASSE DE INVESTIMENTO MULTIMERCADO CRÉDITO PRIVADO - RESPONSABILIDADE LIMITADA,4913708.54,1,0,33498945000134,G5 ADMINISTRADORA DE RECURSOS LTDA.
44209570000161,FORTUNE CREDIT OPPORTUNITIES FUNDO DE INVESTIMENTO FINANCEIRO MULTIMERCADO,4907419.100000001,4,0,44209570000161,FORTUNE GESTORA DE RECURSOS LTDA.
15060253000128,QUARTZ DC PLAN FI FINANCEIRO RENDA FIXA PREVIDENCIÁRIO - RESPONSABILIDADE LIMITADA,4882630.29,2,1,15060253000128,BANCO BRADESCO S.A.
44638439000110,DIAMANTE REFERENCIADO DI FUNDO DE INVESTIMENTO EM COTAS DE FUNDOS DE INVESTIMENTO RENDA FIXA,4782387.7,1,1,44638439000110,ASSET WEALTH MANAGEMENT LTDA
97525437000180,G5 SB 95 FUNDO DE INVESTIMENTO FINANCEIRO MULTIMERCADO,4685458.21,1,0,97525437000180,G5 ADMINISTRADORA DE RECURSOS LTDA.
29576047000180,DONABECA FUNDO DE INVESTIMENTO FINANCEIRO MULTIMERCADO,4578833.430000001,5,0,29576047000180,PATRIMONIAL GESTÃO DE RECURSOS LTDA.
55689417000103,POLÍGONO CHARLIE PREVIDÊNCIA FUNDO DE INVESTIMENTO FINANCEIRO,4578188.03,1,0,55689417000103,POLÍGONO CAPITAL LTDA
40141519000104,BS2 SPECTRA V LATAM FI EM COTAS DE FI MULTIMERCADO CRÉDITO PRIVADO INVESTIMENTO NO EXTERIOR,4507000.34,1,0,40141519000104,B.SIDE WEALTH MANAGEMENT CONSULTORIA E GESTÃO DE RECURSOS LTDA
13455278000103,SANTANDER PREV CRESCIMENTO RENDA FIXA - FIF RESP LIMITADA,4467386.93,3,0,13455278000103,SANTANDER BRASIL GESTÃO DE RECURSOS LTDA
32302132000164,M100 FUNDO DE INVESTIMENTO FINANCEIRO MULTIMERCADO CRÉDITO PRIVADO RESPONSABILIDADE LIMITADA,4429872.37,6,5,32302132000164,SOLIS INVESTIMENTOS S A
49392852000160,ZERMATT ICATU QUALIFICADO PREVIDENCIÁRIO FIF - CI MULTIMERCADO CRED PRIV - RESP LIMITADA,4360559.17,4,0,49392852000160,PATRIMONIAL GESTÃO DE RECURSOS LTDA.
29250127000140,HAGE FUNDO DE INVESTIMENTO FINANCEIRO,4308620.46,6,0,29250127000140,DAYCOVAL ASSET MANAGEMENT ADMINISTRACAO DE RECURSOS LTDA
51855034000107,LE PRIVILEGE FUNDO DE INVESTIMENTO EM COTAS DE FUNDOS DE INVESTIMENTO RENDA FIXA LONGO PRAZO,4301907.06,1,1,51855034000107,ASSET WEALTH MANAGEMENT LTDA
63729525000182,CAPITÂNIA INFRA ADVISORY SENIOR II FUNDO INCENTIVADO DE INVESTIMENTO FINANCEIRO EM INFRA RENDA FIXA,4269160.84,4,0,63729525000182,CAPITÂNIA ALTERNATIVES S/A
97543626000186,G5 FEJUCA 95 FUNDO DE INVESTIMENTO MULTIMERCADO,4261863.3,1,0,97543626000186,G5 ADMINISTRADORA DE RECURSOS LTDA.
59627860000100,RP + FUNDO DE INVESTIMENTO FINANCEIRO MULTIMERCADO CRÉDITO PRIVADO INVESTIMENTO NO EXTERIOR,4247947.68,1,1,59627860000100,FICTOR ASSET LTDA.
35591513000107,BOUGHEVILLE FUNDO DE INVESTIMENTO FINANCEIRO MULTIMERCADO CRÉDITO PRIVADO,4242114.43,6,0,35591513000107,GLOBAL ASSET GESTORA DE RECURSOS LTDA
34012262000198,ASSET BANK II FUNDO DE INVESTIMENTO EM COTAS DE FUNDOS DE INVESTIMENTO MULTIMERCADO CRÉDITO PRIVADO,4239032.31,1,1,34012262000198,ASSET WEALTH MANAGEMENT LTDA
13547622000186,G5 BARDAUNI FIF - CLASSE DE INVESTIMENTO MULTIMERCADO CRÉDITO PRIVADO,4207544.77,1,0,13547622000186,G5 ADMINISTRADORA DE RECURSOS LTDA.
39723613000192,RADAR FUNDO DE INVESTIMENTO FINANCEIRO MULTIMERCADO,4202809.05,5,0,39723613000192,ANGÁ INVESTIMENTOS LTDA
51479676000140,QI ALVORADA FUNDO DE INVESTIMENTO EM COTAS DE FUNDO DE INVESTIMENTO FINANCEIRO CREDITO PRIVADO,4152035.97,1,0,51479676000140,C20 QUADRANTE INVESTIMENTOS LTDA.
47586388000118,OCCAM CRÉDITO CORPORATIVO 30 MASTER FIF RENDA FIXA CRED PRIV LONGO PRAZO - RESPONSABILIDADE LIMITADA,4092703.77,3,0,47586388000118,NOVA OCCAM BRASIL GESTAO DE RECURSOS LTDA.
39354775000109,TFO SP9 CLASSE DE INVESTIMENTO  MULTIMERCADO CRÉDITO PRIVADO - RESP LIMITADA,4052500.57,1,0,39354775000109,TURIM 21 INVESTIMENTOS LTDA
13454211000146,SANTANDER PREV PRIVATE RENDA FIXA - FIF RESP LIMITADA,4045085.55,1,0,13454211000146,SANTANDER BRASIL GESTÃO DE RECURSOS LTDA
35927331000156,SPARTA PREVIDENCIA FIFE D45 FUNDO DE INVESTIMENTO FINANCEIRO RENDA FIXA CRÉDITO PRIVADO RESP LTDA,4024786.67,4,0,35927331000156,SPARTA ADMINISTRADORA DE RECURSOS LTDA
52071627000137,CAPITANIA INFRA MASTER V FUNDO INCENTIVADO DE INVESTIMENTO FINANCEIRO EM INFRAESTRUTURA RENDA FIXA,4015373.58,2,0,52071627000137,CAPITANIA CAPITAL S.A.
53116234000165,HARPA FUNDO DE INVESTIMENTO MULTIMERCADO CRÉDITO PRIVADO,3914403.45,1,0,53116234000165,BTG PACTUAL GESTÃO E CONSULTORIA DE INVESTIMENTOS LTDA
64436459000115,COMMANDER  ESTRUTURADO II 180 FCFIDC RESPONSABILIDADE LIMITAD,3895141.51,4,0,64436459000115,GLOBAL ASSET GESTORA DE RECURSOS LTDA
57699570000139,G5 SUMMER 95 FIF - CLASSE DE INVESTIMENTO MULTIMERCADO CRED PRIV - RESP LIMITADA,3862295.75,1,0,57699570000139,G5 ADMINISTRADORA DE RECURSOS LTDA.
54776180000127,AUGME FRG CLASSE DE INVESTIMENTO MULTIMERCADO CRÉDITO PRIVADO - RESP LIMITADA,3793556.13,3,1,54776180000127,AUGME CAPITAL GESTÃO DE RECURSOS LTDA.
44703088000183,G5 QUEBEC FI FINANCEIRO - CI MULT CRED PRIV - RESP LIMITADA,3792276.77,1,0,44703088000183,G5 ADMINISTRADORA DE RECURSOS LTDA.
62438200000188,BTG PACTUAL CRÉDITO CORPORATIVO PLUS INCENTIVADO CDI FI DE INVESTIMENTO FINANCEIRO EM INFRA RF,3607817.43,1,0,62438200000188,BTG PACTUAL ASSET MANAGEMENT S/A DTVM
63377319000150,OCCAM CDI 30 DINÂMICO S FIF RENDA FIXA  INVEST EM  INFRA CRÉDITO PRIVADO - RESPONSABILIDADE LIMITADA,3586901.96,2,0,63377319000150,NOVA OCCAM BRASIL GESTAO DE RECURSOS LTDA.
36352346000104,ARX CREDIT OPPORTUNITIES K FIF MULTIMERCADO CRÉDITO PRIVADO - RESPONSABILIDADE LIMITADA,3554302.46,6,0,36352346000104,ARX INVESTIMENTOS LTDA
11145288000109,TB PORTO FUNDO DE INVESTIMENTO EM COTAS DE FUNDOS DE INVESTIMENTO MULTIMERCADO,3539685.67,1,1,11145288000109,TAG INVESTIMENTOS LTDA
54660721000157,CORE II CRÉDITO FIF RF CRED PRIV LP - RESP LIMITADA,3511823.69,3,0,54660721000157,VINLAND CAPITAL MANAGEMENT CRÉDITO PRIVADO GESTORA DE RECURSOS LTDA.
19550100000110,SANTANDER FLEXÍVEL RF CRÉD PRIV - FIF RESP LIMITADA,3466414.25,4,0,19550100000110,SANTANDER BRASIL GESTÃO DE RECURSOS LTDA
34081651000175,XP SPECIAL SITUATIONS FUNDO DE INVESTIMENTO FINANCEIRO,3431109.34,1,0,34081651000175,XP VISTA ASSET MANAGEMENT LTDA.
56915716000173,G5 POCITOS FUNDO DE INVESTIMENTO FINANCEIRO - CLASSE DE INVESTIMENTO MULTIMERCADO CRÉDITO PRIVADO,3398596.62,1,0,56915716000173,G5 ADMINISTRADORA DE RECURSOS LTDA.
58398452000153,V8 MERCURY FUNDO DE INVESTIMENTO FINANCEIRO RENDA FIXA CRÉDITO PRIVADO LONGO PRAZO - RESP LIMITADA,3358442.6900000004,3,0,58398452000153,V8 CAPITAL GESTÃO DE INVESTIMENTOS LTDA.
45829675000186,GMZ FUNDO DE INVESTIMENTO FINANCEIRO - CLASSE DE INVESTIMENTO MULTIMERCADO CP RESP LIMITADA,3352289.93,1,1,45829675000186,PLURAL INVESTIMENTOS GESTÃO DE RECURSOS LTDA.
44917492000150,LIBERTAS HIGH GRADE FIF - CLASSE DE INVESTIMENTO MULTIMERCADO CRÉDITO PRIVADO - RESP LIMITADA,3346748.27,3,1,44917492000150,BNP PARIBAS ASSET MANAGEMENT BRASIL LTDA
04501865000192,BTG PACTUAL CAPITAL MARKETS FUNDO DE INVESTIMENTO FINANCEIRO RENDA FIXA,3297261.52,2,0,04501865000192,BTG PACTUAL ASSET MANAGEMENT S/A DTVM
61136998000140,KINEA PREV MONT BLANC FUNDO DE INVESTIMENTO FINANCEIRO RENDA FIXA CRÉDITO PRIVADO RESP LIMITADA,3251037.49,3,0,61136998000140,KINEA INVESTIMENTOS LTDA.
34687633000131,KINEA APOLO FUNDO DE INVESTIMENTO FINANCEIRO MULTIMERCADO RESPONSABILIDADE LIMITADA,3247318.66,4,0,34687633000131,KINEA INVESTIMENTOS LTDA.
31217083000107,ITAÚ ACTIVE FIX DUAL MULTIMERCADO CRÉDITO PRIVADO FUNDO DE INVESTIMENTO FINANCEIRO RESP LIMITADA,3228855.66,1,0,31217083000107,ITAU UNIBANCO ASSET MANAGEMENT LTDA.
26703080000135,PAVILLION FUNDO DE INVESTIMENTO FINANCEIRO MULTIMERCADO,3184435.46,1,0,26703080000135,BTG PACTUAL GESTÃO E CONSULTORIA DE INVESTIMENTOS LTDA
10322668000109,CAIXA FIDELIDADE II FUNDO DE INVESTIMENTO FINANCEIRO RENDA FIXA CRÉDITO PRIVADO LP - RESP LIMITADA,3153897.92,1,0,10322668000109,CAIXA DISTRIBUIDORA DE TÍTULOS E VALORES MOBILIÁRIOS S.A.
39354788000170,AUGME PRO TB FUNDO DE INVESTIMENTO FINANCEIRO MULTIMERCADO,3120358.6799999997,4,0,39354788000170,AUGME CAPITAL GESTÃO DE RECURSOS LTDA.
35377796000180,PORTO SEGURO MASTER FIF RENDA FIXA CRÉDITO PRIVADO LONGO PRAZO RESPONSABILIDADE LIMITADA,3084434.0,2,0,35377796000180,PORTO SEGURO INVESTIMENTOS LTDA
65344961000169,HERITAGE LINE IPCA FUNDO DE INVESTIMENTO FINANCEIRO RENDA FIXA INVESTIMENTO EM INFRA CP RESP LIMIT,3081273.7,1,0,65344961000169,HERITAGE CAPITAL PARTNERS GESTÃO DE RECURSOS LTDA.
11121992000121,BNP PARIBAS FI FINANCEIRO ZAFIRA RENDA FIXA CRÉDITO PRIVADO PREVIDENCIÁRIO RESP LTDA,3079242.76,2,0,11121992000121,BNP PARIBAS ASSET MANAGEMENT BRASIL LTDA
51538282000116,OCCAM BRASILPREV PREVIDÊNCIA FI FINANCEIRO RENDA FIXA CRÉDITO PRIVADO - RESPONSABILIDADE LIMITADA,3009690.91,3,0,51538282000116,NOVA OCCAM BRASIL GESTAO DE RECURSOS LTDA.
60886808000140,G5 ALLOCATION SEMILÍQUIDOS FUNDO DE INVESTIMENTO FINANCEIRO MULTIMERCADO,3006152.06,1,0,60886808000140,G5 ADMINISTRADORA DE RECURSOS LTDA.
10362008000151,SANTANDER FLEXÍVEL RENDA FIXA LONGO PRAZO - FIF RESP LIMITADA,3003488.96,3,0,10362008000151,SANTANDER BRASIL GESTÃO DE RECURSOS LTDA
21082099000198,NAN CDI FI FINANCEIRO - CI MULT LP - RESP LIMITADA,2989700.23,2,1,21082099000198,Franklin Templeton Brasil Ltda.
15649578000140,G5 STARGATE 95 FIF - CLASSE DE INVESTIMENTO MULTIMERCADO CRÉDITO PRIVADO,2988316.76,1,0,15649578000140,G5 ADMINISTRADORA DE RECURSOS LTDA.
13554193000174,G5 FERRETTI 95 FIF - CLASSE DE INVESTIMENTO MULTIMERCADO CRÉDITO PRIVADO,2952750.55,1,0,13554193000174,G5 ADMINISTRADORA DE RECURSOS LTDA.
45512190000164,TIVIO PREVIDÊNCIA LOW VOL MASTER FIFE FIF MULTIMERCADO RESPONSABILIDADE LIMITADA,2927085.28,1,0,45512190000164,TIVIO CAPITAL DISTRIBUIDORA DE TITULOS E VALORES MOBILIARIOS S.A.
61725196000176,CAPITÂNIA PREVIDENCE XP SEG FI FINANCEIRO RENDA FIXA CRÉDITO PRIVADO - RESPONSABILIDADE LIMITADA,2894532.83,5,0,61725196000176,CAPITANIA PREV S.A.
28036880000175,G5 RML RESERVE 95 FIF - CLASSE DE INVESTIMENTO MULTIMERCADO CRÉDITO PRIVADO,2888945.23,1,0,28036880000175,G5 ADMINISTRADORA DE RECURSOS LTDA.
17247748000196,JADE EXCLUSIVO FUNDO DE INVESTIMENTO FINANCEIRO,2865863.0,4,0,17247748000196,DAYCOVAL ASSET MANAGEMENT ADMINISTRACAO DE RECURSOS LTDA
54441552000164,TDC CLASSE DE INVESTIMENTO MULTIMERCADO CRÉDITO PRIVADO - RESP LIMITADA,2856314.33,1,0,54441552000164,TURIM 21 INVESTIMENTOS LTDA
55839003000105,BNP PARIBAS FIFE CRÉDITO PREVIDENCIÁRIO FIF RENDA FIXA CRÉDITO PRIVADO RESPONSABILIDADE LIMITADA,2799330.29,2,0,55839003000105,BNP PARIBAS ASSET MANAGEMENT BRASIL LTDA
08984821000111,BIOESTRATÉGIA FI FINANCEIRO - CI MULT CRED PRIV - RESP LIMITADA,2765775.58,1,0,08984821000111,RAFTER GESTÃO DE INVESTIMENTOS LTDA
41707375000173,SERVTEC POWER FUNDO DE INVESTIMENTO FINANCEIRO MULTIMERCADO,2733056.39,1,0,41707375000173,BTG PACTUAL GESTÃO E CONSULTORIA DE INVESTIMENTOS LTDA
05642617000124,CHATEAUBRIAND PREVIDENCIÁRIO FI FINANCEIRO - CI RF - RESP LIMITADA,2711208.94,1,0,05642617000124,Franklin Templeton Brasil Ltda.
27293743000153,SOMMA ANS FUNDO DE INVESTIMENTO FINANCEIRO RENDA FIXA,2696680.24,2,0,27293743000153,SOMMA INVESTIMENTOS S.A.
42847342000191,CAPITÂNIA BWM FUNDO DE INVESTIMENTO FINANCEIRO MULTIMERCADO,2662423.38,6,0,42847342000191,CAPITANIA CAPITAL S.A.
42777239000112,PORTO PREVIDENCIÁRIO FIFE FUNDO DE INVESTIMENTO FINANCEIRO RENDA  FIXA CRÉDITO PRIVADO RESP LIMITADA,2657679.4200000004,2,0,42777239000112,PORTO SEGURO INVESTIMENTOS LTDA
11419555000199,RT RELIANT FIF MULT CRED PRIV - RESP LIMITADA,2629760.73,1,0,11419555000199,ITAU UNIBANCO ASSET MANAGEMENT LTDA.
58354005000100,CADENZA PREVIDÊNCIA FUNDO DE INVESTIMENTO FINANCEIRO MULTIMERCADO,2616762.7600000002,2,0,58354005000100,PARAMIS BR INVESTIMENTOS LTDA
60906569000142,NOVUS CRÉDITO PREVIDÊNCIA FUNDO DE INVESTIMENTO FINANCEIRO MULTIMERCADO,2609323.0,5,0,60906569000142,NOVUS CREDITO GESTAO DE RECURSOS LTDA
17433286000100,G5 TABOR FUNDO DE INVESTIMENTO FINANCEIRO MULTIMERCADO,2584186.17,1,0,17433286000100,G5 ADMINISTRADORA DE RECURSOS LTDA.
42827176000161,CAPITÂNIA REIT PREV ITAÚ FIFE FIF MULTIMERCADO CRÉDITO PRIVADO RESPONSABILIDADE LIMITADA,2569726.2199999997,3,0,42827176000161,CAPITANIA PREV S.A.
32771072000129,XP CORPORATE PLUS MASTER FI FINANCEIRO MULTIMERCADO CRÉDITO PRIVADO -  RESPONSABILIDADE LIMITADA,2561997.02,1,0,32771072000129,XP VISTA ASSET MANAGEMENT LTDA.
37110309000144,VINLAND PREV MASTER FUNDO DE INVESTIMENTO FINANCEIRO RENDA FIXA LONGO PRAZO RESP LIMITADA,2560477.44,1,0,37110309000144,VINLAND CAPITAL MANAGEMENT CRÉDITO PRIVADO GESTORA DE RECURSOS LTDA.
60312851000100,A1 HIGH GRADE PÓS FIXADO PREVIDENCIA FIF RENDA FIXA CRÉDITO PRIVADO LP RESP LIMITADA,2531588.89,1,0,60312851000100,ASSET1 INVESTIMENTOS S/A
60008150000173,KINEA ALPES 2 PREV FUNDO DE INVESTIMENTO FINANCEIRO RENDA FIXA CRÉDITO PRIVADO RESP LIMITADA,2512044.7199999997,4,0,60008150000173,KINEA INVESTIMENTOS LTDA.
42196167000110,SEATTLE 95 FUNDO DE INVESTIMENTO FINANCEIRO MULTIMERCADO CRÉDITO PRIVADO,2497152.08,2,2,42196167000110,B6 GESTORA DE RECURSOS LTDA
54026114000130,TRÍADE MASTER FUNDO DE INVESTIMENTO FINANCEIRO MULTIMERCADO,2482712.71,2,0,54026114000130,PARAMIS BR INVESTIMENTOS LTDA
35002519000193,EARNIER MAPS FUNDO DE INVESTIMENTO FINANCEIRO MULTIMERCADO,2480334.56,1,0,35002519000193,CATÁLISE INVESTIMENTOS LTDA.
37331175000191,UNIMED INVESTCOOP ANS II FUNDO DE INVESTIMENTO FINANCEIRO RENDA FIXA CRÉDITO PRIVADO RESP LIMITADA,2440566.09,2,0,37331175000191,INVESTCOOP ASSET MANAGEMENT LTDA.
01591605000167,SANTANDER INSTITUCIONAL RENDA FIXA REF DI - FIF RESP LIMITADA,2403453.09,1,0,01591605000167,SANTANDER BRASIL GESTÃO DE RECURSOS LTDA
62232489000184,TIVIO INSTITUCIONAL MASTER FIF - CI RF CRÉDITO PRIVADO LONGO PRAZO - RESPONSABILIDADE LIMITADA,2399433.31,2,1,62232489000184,TIVIO CAPITAL DISTRIBUIDORA DE TITULOS E VALORES MOBILIARIOS S.A.
37828802000102,AZURE FI EM COTAS DE FUNDOS DE INVESTIMENTO EM DIREITOS  CREDITÓRIOS - RESPONSABILIDADE LIMITADA,2394360.19,5,5,37828802000102,ALARIS GESTÃO DE RECURSOS LTDA.
66356404000120,VINLAND OPPORTUNA FIFE FIF MULTIMERCADO CRÉDITO PRIVADO RESP LIMITADA,2382952.66,1,0,66356404000120,VINLAND CAPITAL MANAGEMENT CRÉDITO PRIVADO GESTORA DE RECURSOS LTDA.
35765444000100,BTG LEGATO TB FUNDO DE INVESTIMENTO FINANCEIRO MULTIMERCADO,2325898.07,4,0,35765444000100,BTG PACTUAL ASSET MANAGEMENT S/A DTVM
49460236000108,CADENZA HIGH YIELD IQ MASTER FUNDO DE INVESTIMENTO FINANCEIRO MULTIMERCADO,2318927.7199999997,2,0,49460236000108,PARAMIS BR INVESTIMENTOS LTDA
65793919000125,AGIBANK CRÉDITO PRIVADO FUNDO DE INVESTIMENTO FINANCEIRO MULTIMERCADO,2315408.0100000002,3,0,65793919000125,Agibank Asset Management Ltda.
05508422000196,EQTPREV STRATEGY FIF MULTIMERCADO CRÉDITO PRIVADO DE RESPONSABILIDADE LIMITADA,2246698.7199999997,2,0,05508422000196,Sul América Gestão de Investimentos S.A.
54366569000102,GALÉS FIF - CLASSE DE INVESTIMENTO RENDA FIXA CRÉDITO PRIVADO DI - RESPONSABILIDADE LIMITADA,2213056.88,1,0,54366569000102,BRZ INVESTIMENTOS LTDA
63460253000168,BRADESCO VITTA MÁSTER FIF - CLASSE DE INVESTIMENTO RENDA FIXA - CRED PRIV - RESP LIMITADA,2206246.08,4,2,63460253000168,BANCO BRADESCO S.A.
60592561000159,OCCAM LIQUIDEZ BAIXA VOLATILIDADE FIF RENDA FIXA CRÉDITO PRIVADO - RESPONSABILIDADE LIMITADA,2150913.56,4,0,60592561000159,NOVA OCCAM BRASIL GESTAO DE RECURSOS LTDA.
03618276000126,LIZARD CLASSE DE INVESTIMENTO MULTIMERCADO CRÉDITO PRIVADO,2146398.03,1,0,03618276000126,ENSO GESTÃO DE RECURSOS LTDA.
39254409000170,ANGÁ PREV EXCELLENCE FIFE FUNDO DE INVESTIMENTO FINANCEIRO MULTIMERCADO,2128109.29,1,0,39254409000170,ANGÁ INVESTIMENTOS LTDA
45682244000130,PORTO RENDA FIXA SELECTION PREVIDÊNCIA FUNDO DE INVESTIMENTO RENDA FIXA,2120369.92,2,0,45682244000130,PORTO SEGURO INVESTIMENTOS LTDA
55140702000162,AUGME PRO III FUNDO DE INVESTIMENTO FINANCEIRO MULTIMERCADO,2108179.92,4,0,55140702000162,AUGME CAPITAL GESTÃO DE RECURSOS LTDA.
42102214000119,G5 TAPAJÓS FIF - CLASSE DE INVESTIMENTO MULTIMERCADO CRÉDITO PRIVADO,2102633.7,1,0,42102214000119,G5 ADMINISTRADORA DE RECURSOS LTDA.
20468262000192,COMSHELL WA IMA-S CLASSE DE INVESTIMENTO  RENDA FIXA- RESP LIMITADA,2097942.09,2,0,20468262000192,Franklin Templeton Brasil Ltda.
39586858000115,KINEA IPCA DINÂMICO II FUNDO DE INVESTIMENTO FINANCEIRO RENDA FIXA RESPONSABILIDADE LIMITADA,2097673.73,4,0,39586858000115,KINEA INVESTIMENTOS LTDA.
58443366000115,AUGME BB FUNDO INCENTIVADO DE INVESTIMENTO FINANCEIRO EM INFRAESTRUTURA RENDA FIXA,2058812.04,1,0,58443366000115,AUGME CAPITAL GESTÃO DE RECURSOS LTDA.
58174985000151,PORTO PREV BVP FIF RENDA FIXA CRÉDITO PRIVADO FIFE RESPONSABILIDADE LIMITADA,2050753.3,1,0,58174985000151,PORTO SEGURO INVESTIMENTOS LTDA
57815131000144,A1 HIGH GRADE POS FIXADO FUNDO DE INVESTIMENTO FINANCEIRO RENDA FIXA CRED PRIV RESP LIMITADA,2022799.26,1,0,57815131000144,Asset1 Crédito Investimentos Ltda.
51853123000106,SPARTA BWM FUNDO DE INVESTIMENTO FINANCEIRO RENDA FIXA CRÉDITO PRIVADO - RESPONSABILIDADE LIMITADA,1995223.71,5,0,51853123000106,SPARTA ADMINISTRADORA DE RECURSOS LTDA
60291736000198,BTG LEGATO ST FUNDO DE INVESTIMENTO MULTIMERCADO,1982543.81,2,0,60291736000198,BTG PACTUAL ASSET MANAGEMENT S/A DTVM
55563583000150,G5 ROLAND GARROS FIF RENDA FIXA INCENTIVADO DE INVESTIMENTO EM INFRAESTRUTURA,1955732.21,1,0,55563583000150,G5 ADMINISTRADORA DE RECURSOS LTDA.
53275979000177,G5 GUARANTÃ II FIF - CLASSE DE INVESTIMENTO MULTIMERCADO CRÉDITO PRIVADO,1954163.89,1,0,53275979000177,G5 ADMINISTRADORA DE RECURSOS LTDA.
50553736000165,KALYTERA AVRIO ICATU PREVIDÊNCIA FI EM COTAS DE FUNDOS DE INVESTIMENTO MULTIMERCADO,1953634.9100000001,4,0,50553736000165,MONT CAPITAL GESTÃO E ADMINISTRAÇÃO DE RECURSOS S.A.
55259599000174,AVGA CAPITAL IPÊ CRÉDITO ESTRUTURADO HIGH YIELD FI EM COTAS DE FIDC RESPONSABILIDADE LIMITADA,1944725.98,2,2,55259599000174,GESTORA DE RECURSOS ID - GRID LTDA
21015780000113,Z4 FI FINANCEIRO - CI MULT CRED PRIV - RESP LIMITADA,1915039.09,1,0,21015780000113,RAFTER GESTÃO DE INVESTIMENTOS LTDA
62253446000185,VINLAND INFRAESTRUTURA MASTER I FIF F INC EM INVEST EM DEB DE INFRAESTR RF RESP LIMITADA,1912782.95,1,0,62253446000185,VINLAND CAPITAL MANAGEMENT CRÉDITO PRIVADO GESTORA DE RECURSOS LTDA.
51041048000189,TRF CLASSE DE INVESTIMENTO MULTIMERCADO  CRÉDITO PRIVADO - RESP LIMITADA,1904209.56,1,0,51041048000189,TURIM 21 INVESTIMENTOS LTDA
35820685000105,AUGME PREVIDÊNCIA XP SEGUROS FIFE CLASSE DE INVESTIMENTO MULTIMERCADO CRÉDITO PRIVADO  RESP LIMITADA,1888568.81,1,0,35820685000105,AUGME CAPITAL GESTÃO DE RECURSOS LTDA.
44903447000146,RCDC VALOR FUNDO DE INVESTIMENTO FINANCEIRO MULTIMERCADO,1847894.03,1,0,44903447000146,DESBRAVA CAPITAL LTDA
49980566000116,ITAÚ FLEXPREV ADVANCED FIF MULT CRED PRIV - RESP LIMITADA,1845060.38,1,0,49980566000116,ITAU UNIBANCO ASSET MANAGEMENT LTDA.
47670422000138,KINEA PREV DAKAR RENDA FIXA FIF LONGO PRAZO RESP LIMITADA,1794313.21,4,0,47670422000138,KINEA INVESTIMENTOS LTDA.
10551353000133,CAIXA QUALIFICADO FUNDO DE INVESTIMENTO FINANCEIRO RENDA FIXA CRÉDITO PRIVADO LP - RESP LIMITADA,1675634.14,1,0,10551353000133,CAIXA DISTRIBUIDORA DE TÍTULOS E VALORES MOBILIÁRIOS S.A.
67569074000114,VINLAND CRÉDITO PREV P MASTER FIF MULTIMERCADO CRÉDITO PRIVADO RESPONSABILIDADE LIMITADA,1646178.1099999999,2,0,67569074000114,VINLAND CAPITAL MANAGEMENT CRÉDITO PRIVADO GESTORA DE RECURSOS LTDA.
42870959000128,AQUILA 7 CRÉDITO PRIVADO FI FINANCEIRO RENDA FIXA LONGO PRAZO - RESPONSABILIDADE LIMITADA,1643150.88,2,0,42870959000128,CAPITANIA PREV S.A.
30629300000103,BB HAPV FUNDO DE INVESTIMENTO FINANCEIRO RENDA FIXA LONGO PRAZO CRÉDITO PRIVADO RESPON LIMITADA,1635279.76,2,0,30629300000103,BB GESTAO DE RECURSOS DTVM S.A
58674224000169,VINLAND DEBÊNTURE INCENTIVADA S FIF INVESTIMENTO EM INFRA RF CRED PRIV LP RESP LIMITADA,1629295.09,1,0,58674224000169,VINLAND CAPITAL MANAGEMENT CRÉDITO PRIVADO GESTORA DE RECURSOS LTDA.
57466264000152,FECOM FUNDO DE INVESTIMENTO FINANCEIRO MULTIMERCADO CRÉDITO PRIVADO RESPONSABILIDADE LIMITADA,1628414.8,2,0,57466264000152,OURO PRETO GESTÃO DE RECURSOS S.A.
15259169000138,WESTERN ASSET GROWTH FIF RENDA FIXA CRÉDITO PRIVADO RESPONSABILIDADE LIMITADA,1587617.02,2,0,15259169000138,Franklin Templeton Brasil Ltda.
53276084000157,OPI FIFE PREVIDÊNCIA FUNDO DE INVESTIMENTO RENDA FIXA,1586127.65,2,0,53276084000157,OURO PRETO GESTÃO DE RECURSOS S.A.
17072894000128,SABESPREV FUNDO DE INVESTIMENTO FINANCEIRO MULTIMERCADO CRÉDITO PRIVADO RESPONSABILIDADE LIMITADA,1572699.0,1,0,17072894000128,POLO CAPITAL GESTÃO DE RECURSOS LTDA
37750625000180,G5 ARUBA FIF - CLASSE DE INVESTIMENTO MULTIMERCADO CRÉDITO PRIVADO - RESP LIMITADA,1549500.87,1,0,37750625000180,G5 ADMINISTRADORA DE RECURSOS LTDA.
61472550000106,SPECIALE MULTI CREDIT PREV FUNDO DE INVESTIMENTO FINANCEIRO MULTIMERCADO CRED PRIV RESP LIMITADA,1537829.4700000002,2,0,61472550000106,PORTOFINO GESTÃO DE RECURSOS LTDA.
52203642000191,KINEA VIII FIF RENDA FIXA CRÉDITO PRIVADO RESP LIMITADA,1525059.11,4,0,52203642000191,KINEA INVESTIMENTOS LTDA.
04588017000162,COMSHELL WA CLASSE DE INVESTIMENTO RENDA  FIXA - RESP LIMITADA,1524956.52,2,0,04588017000162,Franklin Templeton Brasil Ltda.
50357861000108,GRÃO CIC DE CLASSE DE INVESTIMENTO RENDA FIXA CRÉDITO PRIVADO - RESP LIMITADA,1503360.6600000001,4,0,50357861000108,GRÃO GESTÃO DE RECURSOS LTDA.
29232970000102,RT DRAGON FUNDO DE INVESTIMENTO FINANCEIRO MULTIMERCADO CRÉDITO PRIVADO - RESP LIMITADA,1480566.27,1,0,29232970000102,ITAU UNIBANCO ASSET MANAGEMENT LTDA.
54546664000180,CAPITÂNIA INFRA MASTER VI FUNDO INCENTIVADO DE INVESTIMENTO EM INFRAESTRUTURA RENDA FIXA,1473678.54,1,0,54546664000180,CAPITANIA CAPITAL S.A.
36499460000153,GALAPAGOS FUNDO DE INVESTIMENTO MULTIMERCADO,1456673.02,1,0,36499460000153,GALAPAGOS CAPITAL INVESTIMENTOS E PARTICIPAÇÕES LTDA.
51863845000141,BTG MUNIQUE FI FINANCEIRO - CI RF CRED PRIV - RESP LIMITADA,1412631.67,1,1,51863845000141,BTG PACTUAL ASSET MANAGEMENT S/A DTVM
45354984000147,M2601 FUNDO DE INVESTIMENTO FINANCEIRO EM AÇÕES,1410884.65,1,0,45354984000147,BTG PACTUAL GESTÃO E CONSULTORIA DE INVESTIMENTOS LTDA
32158830000138,G5 VERMILLION 95 FIF - CLASSE DE INVESTIMENTO MULTIMERCADO CRED PRIV - RESP LIMITADA,1401633.25,1,0,32158830000138,G5 ADMINISTRADORA DE RECURSOS LTDA.
36017195000120,AUGME PREVIDÊNCIA FIFE CLASSE DE  INVESTIMENTO MULTIMERCADO CRÉDITO  PRIVADO - RESP LIMITADA,1396251.25,1,0,36017195000120,AUGME CAPITAL GESTÃO DE RECURSOS LTDA.
43164554000137,ABX9 FUNDO DE INVESTIMENTO MULTIMERCADO,1381763.45,1,0,43164554000137,CATÁLISE INVESTIMENTOS LTDA.
48983269000161,G5 COSTA AZUL FUNDO DE INVESTIMENTO FINANCEIRO MULTIMERCADO,1321952.85,1,0,48983269000161,G5 ADMINISTRADORA DE RECURSOS LTDA.
38230040000100,RÉGIA CRÉDITO ESG MASTER FI FINANCEIRO MULTIMERCADO CRÉDITO PRIVADO IS - RESPONSABILIDADE LIMITADA,1308498.54,1,0,38230040000100,REGIA CAPITAL LTDA
17041023000147,HARPIA CRED PRIV FI FINANCEIRO - CI RF CRED PRIV - RESP LIMITADA,1302509.4500000002,2,0,17041023000147,CAPITÂNIA INVEST S/A
15044971000100,ONIX DC PLAN FUNDO DE INVESTIMENTO FINANCEIRO RENDA FIXA PREVIDENCIÁRIO - RESPONSABILIDADE LIMITADA,1298981.47,1,0,15044971000100,BNP PARIBAS ASSET MANAGEMENT BRASIL LTDA
41922531000119,G5 CINFÃES DO DOURO FIF - CLASSE DE INVESTIMENTO MULTIMERCADO CRÉDITO PRIVADO - RESP LIMITADA,1298409.8,1,0,41922531000119,G5 ADMINISTRADORA DE RECURSOS LTDA.
28692461000191,VINLAND MACRO PLUS MASTER FUNDO DE INVESTIMENTO FINANCEIRO MULTIMERCADO RESPONSABILIDADE LIMITADA,1260556.42,1,0,28692461000191,VINLAND CAPITAL MANAGEMENT GESTORA DE RECURSOS LTDA.
51903744000157,BRAIN CORPORATIVO 30 FUNDO DE INVESTIMENTO FINANCEIRO RENDA FIXA CRÉDITO PRIVADO,1255724.58,1,0,51903744000157,BRAINVEST ASSESSORIA FINANCEIRA E GESTÃO DE RECURSOS LTDA
32754920000191,G5 G11 FUNDO DE INVESTIMENTO FINANCEIRO MULTIMERCADO,1254586.1,1,0,32754920000191,G5 ADMINISTRADORA DE RECURSOS LTDA.
27945264000174,KINEA ABSOLUTO FUNDO DE INVESTIMENTO FINANCEIRO RENDA FIXA LONGO PRAZO RESPONSABILIDADE LIMITADA,1234831.75,4,0,27945264000174,KINEA INVESTIMENTOS LTDA.
30353549000120,AUGME PRO FUNDO DE INVESTIMENTO FINANCEIRO MULTIMERCADO,1172738.94,3,0,30353549000120,AUGME CAPITAL GESTÃO DE RECURSOS LTDA.
26525450000191,JGP SELECT PREMIUM FIF MULTIMERCADO CRÉDITO PRIVADO IE - RESPONSABILIDADE LIMITADA,1164813.93,1,1,26525450000191,LETO ASSET MANAGEMENT LTDA
29045156000170,G5 ARTHÉ FIF - CLASSE DE INVESTIMENTO MULTIMERCADO CRÉDITO PRIVADO - RESPONSABILIDADE LIMITADA,1122797.46,1,0,29045156000170,G5 ADMINISTRADORA DE RECURSOS LTDA.
36352610000100,XP CRÉDITO ESTRUTURADO SEGUROS PREV FIF RENDA FIXA CRÉDITO PRIVADO - RESPONSABILIDADE LIMITADA,1120919.58,1,0,36352610000100,XP VISTA ASSET MANAGEMENT LTDA.
58290551000117,G5 HERCULES FIF RF INCENTIVADO DE INVESTIMENTO EM INFRA - RESP LIMITADA,1110825.35,1,0,58290551000117,G5 ADMINISTRADORA DE RECURSOS LTDA.
63139150000109,SANTANDER PB AYLEN INVESTIMENTO EM INFRAESTRUTURA RENDA FIXA - FIF RESP LIMITADA,1094733.51,1,1,63139150000109,SANTANDER DISTRIBUIDORA DE TÍTULOS E VALORES MOBILIÁRIOS S.A.
39488674000112,ZEUS CLASSE DE INVESTIMENTO MULTIMERCADO - RESP LIMITADA,1085967.8,2,0,39488674000112,Franklin Templeton Brasil Ltda.
60696041000196,AUGME PREV HY FIFE CLASSE DE INVESTIMENTO MULTIMERCADO CRÉDITO PRIVADO - RESP LIMITADA,1060227.97,1,0,60696041000196,AUGME CAPITAL GESTÃO DE RECURSOS LTDA.
19831152000164,BPC POLIURETANO FIF - CLASSE DE INVESTIMENTO MULTIMERCADO - RESP LIMITADA,1052306.3,1,1,19831152000164,Franklin Templeton Brasil Ltda.
20468793000185,CZZ CLASSE DE INVESTIMENTO MULTIMERCADO  CRÉDITO PRIVADO - RESP LIMITADA,1043110.08,1,0,20468793000185,ANGÁ INVESTIMENTOS LTDA
55312485000140,LOLO FUNDO DE INVESTIMENTO FINANCEIRO,1031882.43,1,0,55312485000140,GCS GESTÃO DE RECURSOS E INTERMEDIAÇÃO DE NEGÓCIOS EIRELI
58290845000149,G5 FLECHEIRAS 95 FIF - CLASSE DE INVESTIMENTO EM COTAS MULTIMERCADO CRÉDITO PRIVADO,1006632.61,1,0,58290845000149,G5 ADMINISTRADORA DE RECURSOS LTDA.
53798986000153,VINLAND CRÉDITO MASTER INSTITUCIONAL FUNDO DE INVESTIMENTO RENDA FIXA,978711.87,2,0,53798986000153,VINLAND CAPITAL MANAGEMENT CRÉDITO PRIVADO GESTORA DE RECURSOS LTDA.
58459098000120,G5 MJL FIF - CLASSE DE INVESTIMENTO RF INCENTIVADO DE INVESTIMENTO EM INFRAESTRUTURA - RESP LIMITADA,960942.9,1,0,58459098000120,G5 ADMINISTRADORA DE RECURSOS LTDA.
58806331000101,JIVE SOUL PREV 45 FIFE FUNDO DE INVESTIMENTO MULTIMERCADO CRÉDITO PRIVADO RESPONSABILIDADE LIMITADA,960185.55,1,0,58806331000101,JIVE HIGH YIELD GESTÃO DE RECURSOS LTDA.
51800853000149,BTG LEGATO PMFO FUNDO DE INVESTIMENTO FINANCEIRO MULTIMERCADO,947921.92,1,0,51800853000149,BTG PACTUAL ASSET MANAGEMENT S/A DTVM
47776754000100,G43 FUNDO DE INVESTIMENTO MULTIMERCADO,938737.38,1,0,47776754000100,PORTOFINO GESTÃO DE RECURSOS LTDA.
42747172000173,CAPITÂNIA K FUNDO DE INVESTIMENTO FINANCEIRO MULTIMERCADO,938314.09,3,0,42747172000173,CAPITANIA CAPITAL S.A.
37780270000172,PREMIUM INSTITUCIONAL FUNDO DE INVESTIMENTO FINANCEIRO RENDA FIXA,929515.78,1,0,37780270000172,VCM GESTÃO DE CAPITAL LTDA
17339084000195,WESTERN ASSET TROPICAL FI FINANCEIRO - CI RF - RESP LIMITADA,900527.0700000001,2,1,17339084000195,Franklin Templeton Brasil Ltda.
04786966000157,DUCAPE CLASSE DE INVESTIMENTO MULTIMERCADO CRÉDITO PRIVADO - RESPONSABILIDADE LIMITADA,869625.35,6,0,04786966000157,DAYCOVAL ASSET MANAGEMENT ADMINISTRACAO DE RECURSOS LTDA
63073919000125,BRADESCO DANA FIF - CLASSE DE INVESTIMENTO MULTIMERCADO CRÉDITO PRIVADO - RESPONSABILIDADE LIMITADA,863377.9500000001,3,2,63073919000125,BANCO BRADESCO S.A.
62902122000120,G5 CRYSTAL II FIF - CLASSE DE INVESTIMENTO MULTIMERCADO CRED PRIV - RESPONSABILIDADE LIMITADA,849037.32,1,0,62902122000120,G5 ADMINISTRADORA DE RECURSOS LTDA.
15612416000138,CAPITANIA ALFA FIF - CLASSE DE INVESTIMENTO RENDA FIXA CRÉDITO PRIVADO - RESPONSABILIDADE LIMITADA,833917.92,1,0,15612416000138,CAPITANIA PREV S.A.
38060123000190,CORTESE FUNDO DE INVESTIMENTO FINANCEIRO,823927.13,5,0,38060123000190,DAYCOVAL ASSET MANAGEMENT ADMINISTRACAO DE RECURSOS LTDA
00807777000162,DAYCOVAL CLASSE DE INVESTIMENTO RENDA FIXA CRÉDITO PRIVADO RESPONSABILIDADE LIMITADA,810910.98,1,0,00807777000162,DAYCOVAL ASSET MANAGEMENT ADMINISTRACAO DE RECURSOS LTDA
04906948000161,BEETLE II FIF - CLASSE DE INVESTIMENTO RF PREVIDENCIÁRIO - RESP LIMITADA,809858.81,1,0,04906948000161,BNP PARIBAS ASSET MANAGEMENT BRASIL LTDA
17689994000106,BNP PARIBAS IGUAÇU CLASSE DE INVESTIMENTO MULTIMERCADO CRÉDITO PRIVADO - RESPONSABILIDADE LIMITADA,790815.1,1,0,17689994000106,BNP PARIBAS ASSET MANAGEMENT BRASIL LTDA
60695610000189,JIVE SOUL GOVERNANCE FIF RENDA FIXA CRÉDITO PRIVADO - RESPONSABILIDADE LIMITADA,783501.0,1,0,60695610000189,JIVE HIGH YIELD GESTÃO DE RECURSOS LTDA.
64627040000140,MTB CAPITAL FUNDO DE INVESTIMENTO FINANCEIRO,768478.76,1,0,64627040000140,GCS GESTÃO DE RECURSOS E INTERMEDIAÇÃO DE NEGÓCIOS EIRELI
06871833000104,BNP PARIBAS SAUVIGNON CLASSE DE  INVESTIMENTO MULTIMERCADO - RESPONSABILIDADE  LIMITADA,765757.59,1,0,06871833000104,BNP PARIBAS ASSET MANAGEMENT BRASIL LTDA
40886133000121,G5 TOKYO FUNDO DE INVESTIMENTO FINANCEIRO - CLASSE DE INVESTIMENTO MULTIMERCADO CRÉDITO PRIVADO,757148.08,1,0,40886133000121,G5 ADMINISTRADORA DE RECURSOS LTDA.
39682386000102,CAIXA PRIVATE PLUS PREVINVEST PREVIDENCIÁRIO FIF RENDA FIXA CRÉDITO PRIVADO - RESP LIMITADA,749201.8,1,0,39682386000102,CAIXA DISTRIBUIDORA DE TÍTULOS E VALORES MOBILIÁRIOS S.A.
52221407000142,SPARTA OPPORTUNITY FIF RENDA FIXA CRÉDITO PRIVADO LONGO PRAZO - RESPONSABILIDADE LIMITADA,740091.19,5,0,52221407000142,SPARTA ADMINISTRADORA DE RECURSOS LTDA
59055352000197,AUGME VP FUNDO DE INVESTIMENTO FINANCEIRO RENDA FIXA,733186.59,1,0,59055352000197,AUGME CAPITAL GESTÃO DE RECURSOS LTDA.
10347228000106,SAFRA REFERENCIADO FIF CLASSE DE INVEST RENDA FIXA REFERENCIADA DI CRÉDITO PRIVADO RESP LIMITADA,718496.7,2,0,10347228000106,SAFRA ASSET CORRETORA DE TÍTULOS E VALORES MOBILIÁRIOS S.A.
52985327000163,MULTIPREV CARTEIRA 39 FUNDO DE INVESTIMENTO FINANCEIRO MULTIMERCADO- RESP LIMITADA,704046.39,1,0,52985327000163,BANCO BRADESCO S.A.
60260680000104,RIO BRAVO CRED PRIV ESSENCIAL QUALIFICADO FIF - CLASSE DE INVESTIMENTO RF - RESP LIMITADA,700060.15,1,0,60260680000104,RIO BRAVO INVESTIMENTOS LTDA
05922462000180,UBS CONSENSO PÓS FIXADO FIF DE RENDA FIXA CRÉDITO PRIVADO RESPONSABILIDADE LIMITADA,696385.13,1,0,05922462000180,UBS BRASIL ADMINISTRADORA DE VALORES MOBILIÁRIOS LTDA.
05615541000148,WESTERN ASSET INDEPENDENCE FUNDO DE INVESTIMENTO FINANCEIRO MULTIMERCADO RESPONSABILIDADE LIMITADA,695831.24,1,0,05615541000148,Franklin Templeton Brasil Ltda.
26243418000113,PI XII FI FINANCEIRO - CI MULT CRED PRIV -  RESP LIMITADA,683668.79,1,1,26243418000113,PORTOFINO GESTÃO DE RECURSOS LTDA.
10412071000155,MULTIPREV CARTEIRA 14 FUNDO DE INVESTIMENTO FINANCEIRO MULTIMERCADO RESPONSABILIDADE LIMITADA,681631.03,1,0,10412071000155,BANCO BRADESCO S.A.
53819577000196,AUGME PRO II FUNDO DE INVESTIMENTO FINANCEIRO MULTIMERCADO,680548.56,4,0,53819577000196,AUGME CAPITAL GESTÃO DE RECURSOS LTDA.
14122486000145,XMZ FUNDO DE INVESTIMENTO FINANCEIRO - MULTIMERCADO CRÉDITO PRIVADO RESPONSABILIDADE LIMITADA,646147.29,1,0,14122486000145,MARCELO ZELADA
46997370000146,ARX K2 IVP PREVIDENCIÁRIO INFLAÇÃO CURTA FIF RENDA FIXA CRÉDITO PRIVADO RESP LIMITADA,636498.47,3,0,46997370000146,ARX INVESTIMENTOS LTDA
66830375000197,VINCI CRÉDITO ESTRUTURADO RED FUNDO  DE INVESTIMENTO FINANCEIRO,615117.08,1,0,66830375000197,VINCI GESTORA DE RECURSOS LTDA
60275544000198,AVGA CAPITAL WM ANGELIM FUNDO DE INVESTIMENTO FINANCEIRO,610142.13,1,1,60275544000198,GESTORA DE RECURSOS ID - GRID LTDA
52241587000124,KINEA NEPAL FIF MULT CRED PRIV - RESP LIMITADA,587030.32,4,0,52241587000124,KINEA INVESTIMENTOS LTDA.
49721561000179,CAPITANIA MULTI RECEBIVEIS FI FINANCEIRO RENDA FIXA CRÉDITO PRIVADO - RESPONSABILIDADE LIMITADA,586484.53,4,0,49721561000179,CAPITÂNIA INVEST S/A
50820465000167,BTG LEGATO PREV FIFE FUNDO DE INVESTIMENTO FINANCEIRO MULTIMERCADO,580180.01,1,0,50820465000167,BTG PACTUAL ASSET MANAGEMENT S/A DTVM
17072641000154,PORTO SEGURO INFLAÇÃO MASTER PREVIDENCIÁRIO FIF RENDA FIXA RESPONSABILIDADE LIMITADA,556376.05,1,0,17072641000154,PORTO SEGURO INVESTIMENTOS LTDA
09613212000119,BOSCH BRASIL VII PREVIDENCIÁRIO FUNDO DE INVESTIMENTO FINANCEIRO RENDA FIXA RESP LIMITADA,556276.78,1,0,09613212000119,BNP PARIBAS ASSET MANAGEMENT BRASIL LTDA
63387076000131,AUGME BALANCEADO FUNDO DE INVESTIMENTO FINANCEIRO MULTIMERCADO,554334.05,4,0,63387076000131,AUGME CAPITAL GESTÃO DE RECURSOS LTDA.
40054269000175,G5 ICELAND 95 FUNDO DE INVESTIMENTO FINANCEIRO MULTIMERCADO,539157.32,1,0,40054269000175,G5 ADMINISTRADORA DE RECURSOS LTDA.
33599991000120,BTG PACTUAL CREDITO CORPORATIVO PLUS FUNDO DE INVESTIMENTO FINANCEIRO MULTIMERCADO,534607.28,1,0,33599991000120,BTG PACTUAL ASSET MANAGEMENT S/A DTVM
28296477000185,RIO GUAIMBE FUNDO DE INVESTIMENTO FINANCEIRO MULTIMERCADO CRÉDITO PRIVADO  RESPONSABILIDADE LIMITADA,526917.93,1,0,28296477000185,PHRONESIS INVESTIMENTOS LTDA.
58733754000130,KINEA HIMALAIA PREV FUNDO DE INVESTIMENTO FINANCEIRO RENDA FIXA CRÉDITO PRIVADO RESP LIMITADA,520230.92,4,0,58733754000130,KINEA INVESTIMENTOS LTDA.
29813596000120,XP CREDITO ESTRUTURADO 15 FIC DE FIF RENDA FIXA CRÉD PRIV LONGO PRAZO - RESPONSABILIDADE LIMITADA,516633.59,1,0,29813596000120,XP VISTA ASSET MANAGEMENT LTDA.
41907862000180,ITAÚ INSTITUCIONAL INFLAÇÃO MULTESTRATÉGIA MULTIMERCADO FIF - RESP LIMITADA,510500.81999999995,2,0,41907862000180,ITAU UNIBANCO ASSET MANAGEMENT LTDA.
41774687000108,BTG PACTUAL CORPORATIVO PLUS PREV FIFE FUNDO DE INVESTIMENTO FINANCEIRO MULTIMERCADO,499141.93,1,0,41774687000108,BTG PACTUAL ASSET MANAGEMENT S/A DTVM
59080936000112,SAFRA AGILITÉ SPECIAL FIF CLASSE DE INVESTIMENTO RF CRÉDITO PRIVADO LONGO PRAZO RESP LIMITADA,484036.78,1,0,59080936000112,SAFRA DISTRIBUIDORA DE TÍTULOS E VALORES MOBILIÁRIOS LTDA.
16599959000125,TAGUS TOP II FUNDO DE INVESTIMENTO FINANCEIRO RENDA FIXA,473468.39,2,0,16599959000125,TAGUS INVESTIMENTOS LTDA
52273340000190,CORE CRÉDITO N FIFE FUNDO DE INV FIN RF CRÉDITO PRIV LONGO PRAZO - RESP LIMITADA,466027.25,1,0,52273340000190,VINLAND CAPITAL MANAGEMENT CRÉDITO PRIVADO GESTORA DE RECURSOS LTDA.
65315503000100,YARDS JUROS E MOEDAS FUNDO DE INVESTIMENTO FINANCEIRO MULTIMERCADO - RESPONSABILIDADE LIMITADA,451035.23,1,0,65315503000100,YARDS ASSET GESTORA DE RECURSOS LTDA.
58140467000117,G5 MAKTUB I FIF - CLASSE DE INVESTIMENTO MULTIMERCADO CRÉDITO PRIVADO - RESPONSABILIDADE LIMITADA,429754.0,1,0,58140467000117,G5 ADMINISTRADORA DE RECURSOS LTDA.
49598896000141,AUGME CLASSE DE INVESTIMENTO RENDA FIXA INCENTIVADO EM INFRAESTRUTURA - RESP LIMITADA,426981.69,1,0,49598896000141,AUGME CAPITAL GESTÃO DE RECURSOS LTDA.
42449373000194,TIVIO MASTER FIFE FIF RENDA FIXA PREVIDENCIÁRIO CRÉDITO PRIVADO RESPONSABILIDADE LIMITADA,418155.04,1,0,42449373000194,TIVIO CAPITAL DISTRIBUIDORA DE TITULOS E VALORES MOBILIARIOS S.A.
42750049000101,AUGME HIGHLANDER FUNDO DE INVESTIMENTO FINANCEIRO,407055.41,1,1,42750049000101,AUGME CAPITAL GESTÃO DE RECURSOS LTDA.
52771267000186,BRADESCO FIF - CLASSE DE  INVESTIMENTO MULTIMERCADO CRÉDITO PRIVADO FRIGOR,403476.65,1,1,52771267000186,BANCO BRADESCO S.A.
30338838000150,CAPITÂNIA CREDPREVIDÊNCIA MÁSTER FI FINANCEIRO RENDA FIXA CRÉDITO PRIVADO RESP LTDA,396927.16,1,0,30338838000150,CAPITANIA PREV S.A.
17138474000105,SANTANDER CRESCIMENTO INSTITUCIONAL RENDA FIXA CRÉDITO PRIVADO LONGO PRAZO - FIF RESP LIMITADA,393385.7,1,0,17138474000105,SANTANDER BRASIL GESTÃO DE RECURSOS LTDA
13021642000119,KYKNOS FUNDO DE INVESTIMENTO FINANCEIRO MULTIMERCADO INVESTIMENTO EXTERIOR,372777.65,1,0,13021642000119,G5 ADMINISTRADORA DE RECURSOS LTDA.
60808027000137,ARX VINSON T MASTER FIF RENDA FIXA CRÉDITO PRIVADO - RESPONSABILIDADE LIMITADA,356770.9,5,0,60808027000137,ARX INVESTIMENTOS LTDA
40194274000183,CAIXA MASTER PLUS QUALIFICADO FIF RENDA FIXA CRÉDITO PRIVADO LONGO PRAZO - RESPONSABILIDADE LIMITADA,345398.14,1,0,40194274000183,CAIXA DISTRIBUIDORA DE TÍTULOS E VALORES MOBILIÁRIOS S.A.
59333727000133,CORE IV CREDITO FUNDO DE INVESTIMENTO FINANCEIRO RENDA FIXA CRÉDITO PRIVADO RESP LIMITADA,344198.61,1,0,59333727000133,VINLAND CAPITAL MANAGEMENT CRÉDITO PRIVADO GESTORA DE RECURSOS LTDA.
30322419000120,SALAMANCA CLASSE DE INVESTIMENTO MULTIMERCADO CRÉDITO PRIVADO,342300.82,1,0,30322419000120,ENSO GESTÃO DE RECURSOS LTDA.
33770627000180,BOEINGO FI FINANCEIRO - CI MULT CRED PRIV - RESP LIMITADA,340407.11,1,0,33770627000180,ENSO GESTÃO DE RECURSOS LTDA.
55193005000170,SANTANDER CRESCIMENTO INSTITUCIONAL MASTER RENDA FIXA CRÉDITO PRIVADO FIF RESP LIMITADA,337921.4,1,0,55193005000170,SANTANDER BRASIL GESTÃO DE RECURSOS LTDA
03860605000140,GOYAZES FUNDO DE INVESTIMENTO FINANCEIRO MULTIMERCADO RESPONSABILIDADE LIMITADA,337775.27,1,0,03860605000140,BNP PARIBAS ASSET MANAGEMENT BRASIL LTDA
59123735000155,PORTO PAINEIRA CDI FIF FUNDO INCENTIVADO EM INVESTIMENTO EM DEB DE INFRA RF CRÉD PRIV RESP LIMITADA,328942.89,1,0,59123735000155,PORTO SEGURO INVESTIMENTOS LTDA
52224611000117,STRATEGIE FUNDO DE INVESTIMENTO EM  COTAS DE FUNDOS DE INVESTIMENTO RENDA FIXA LONGO PRAZO,321984.45,1,1,52224611000117,ASSET WEALTH MANAGEMENT LTDA
43760546000153,SPARTA PREVIDÊNCIA INFLAÇÃO MASTER FIF RENDA FIXA CRÉDITO PRIVADO - RESPONSABILIDADE LIMITADA,277076.17,2,0,43760546000153,SPARTA ADMINISTRADORA DE RECURSOS LTDA
03960323000115,UNIMED RF 100 FUNDO DE INVESTIMENTO FINANCEIRO RENDA FIXA RESPONSABILIDADE LIMITADA,276634.94,1,0,03960323000115,BNP PARIBAS ASSET MANAGEMENT BRASIL LTDA
30869395000124,SPARTA PREVIDÊNCIA FIFE FUNDO DE INVESTIMENTO FINANCEIRO RENDA FIXA CRÉDITO PRIVADO RESP LTDA,270319.68,2,0,30869395000124,SPARTA ADMINISTRADORA DE RECURSOS LTDA
61691544000131,VINLAND CRÉDITO PREV IQ MASTER FUNDO DE INVESTIMENTO FINANCEIRO MULTIMERCADO CRÉD PRIV RESP LIMITADA,269974.8,2,0,61691544000131,VINLAND CAPITAL MANAGEMENT CRÉDITO PRIVADO GESTORA DE RECURSOS LTDA.
55036145000134,VIVACE MASTER FUNDO INCENTIVADO DE INVESTIMENTO FINANCEIRO EM INFRAESTRUTURA RENDA FIXA,266746.52,1,0,55036145000134,PARAMIS BR INVESTIMENTOS LTDA
65888766000108,CAPITÂNIA INFRA 30 CDI FI FINANCEIRO RENDA FIXA INVESTIMENTO EM INFRAESTRUTURA - RESP LIMITADA,251136.71,1,0,65888766000108,CAPITANIA CAPITAL S.A.
63727062000110,OCCAM INFRA ATIVO 30 BB RENDA FIXA FIF EM INFRAESTRUTURA CRÉDITO PRIVADO RESPONSABILIDADE LIMITADA,248080.68,2,0,63727062000110,NOVA OCCAM BRASIL GESTAO DE RECURSOS LTDA.
41610657000158,SULAMÉRICA FF FUNDO DE INVESTIMENTO FINANCEIRO RENDA FIXA CRÉDITO PRIVADO RESPONSABILIDADE LIMITADA,231531.42,1,0,41610657000158,SUL AMÉRICA INVESTIMENTOS GESTORA DE RECURSOS S.A.
66062773000100,OBY TUIM FUNDO DE INVESTIMENTO FINANCEIRO MULTIMERCADO,221870.56,2,0,66062773000100,OBY CAPITAL GESTORA DE RECURSOS LTDA.
50019162000140,PORTO BAOBA MASTER FUNDO INCENTIVADO DE INVESTIMENTO EM INFRAESTRUTURA RENDA FIXA,221008.5,1,0,50019162000140,PORTO SEGURO INVESTIMENTOS LTDA
08931953000185,BNP PARIBAS AURORA CLASSE DE  INVESTIMENTO MULTIMERCADO - RESPONSABILIDADE  LIMITADA,219503.81,1,0,08931953000185,BNP PARIBAS ASSET MANAGEMENT BRASIL LTDA
57075698000121,VINLAND FIF FUNDO INCENTIVADO EM INVESTIMENTO EM DEB DE INFRA IPCA RF CRED PRIV LP RESP LIMITADA,217306.73,1,0,57075698000121,VINLAND CAPITAL MANAGEMENT CRÉDITO PRIVADO GESTORA DE RECURSOS LTDA.
41734999000180,ITAÚ BTG PACTUAL CORPORATIVO PLUS FIFE PREV FIF MULTIMERCADO CRÉDITO PRIVADO RESP LIMITADA,212792.09,1,0,41734999000180,BTG PACTUAL ASSET MANAGEMENT S/A DTVM
21818801000139,ICATU SEG WESTERN ASSET PREVIDÊNCIA FI FINANCEIRO - CI MULT - RESP LIMITADA,205426.3,1,1,21818801000139,Franklin Templeton Brasil Ltda.
43143750000125,FAR NIENTE FUNDO DE INVESTIMENTO FINANCEIRO - RESPONSABILIDADE LIMITADA,200757.12,1,0,43143750000125,GHIA GESTÃO DE RECURSOS LTDA.
07889704000106,WESTERN ASSET INCOME GENERATION ICATU PREV RENDA FIXA FIF CRED PRIV RESP LIMITADA,200391.34,1,0,07889704000106,Franklin Templeton Brasil Ltda.
40194279000106,CAIXA MASTER PLUS FUNDO DE INVESTIMENTO FINANCEIRO RENDA FIXA CRÉDITO PRIVADO LP - RESP LIMITADA,197370.37,1,0,40194279000106,CAIXA DISTRIBUIDORA DE TÍTULOS E VALORES MOBILIÁRIOS S.A.
62603317000170,A1 II FUNDO DE INVESTIMENTO FINANCEIRO RENDA FIXA CRÉDITO PRIVADO LONGO PRAZO RESP LIMITADA,196718.26,1,0,62603317000170,Asset1 Crédito Investimentos Ltda.
26370161000160,ICATU SEG APOSENTADORIA PREV RENDA FIXA FIF II RESPONSABILIDADE LIMITADA,186293.46,1,0,26370161000160,Franklin Templeton Brasil Ltda.
59039877000139,ICATU CADENZA PREV FIFE FIF MULT CRÉDITO PRIVADO - RESP LIMITADA,177831.02,1,0,59039877000139,PARAMIS BR INVESTIMENTOS LTDA
42827424000174,PORTO INFLAÇÃO IMA-B 5 RENDA FIXA FUNDO DE INVESTIMENTO PREVIDENCIÁRIO,163186.51,1,0,42827424000174,PORTO SEGURO INVESTIMENTOS LTDA
14171959000102,G5 VEREDAS FIF - CLASSE DE INVESTIMENTO MULTIMERCADO CRÉDITO PRIVADO - RESPONSABILIDADE LIMITADA,157676.88,1,0,14171959000102,G5 ADMINISTRADORA DE RECURSOS LTDA.
52980608000123,MULTIPREV CARTEIRA 40 FUNDO DE INVESTIMENTO FINANCEIRO MULTIMERCADO- RESP LIMITADA,154869.83,1,0,52980608000123,BANCO BRADESCO S.A.
65472718000126,YARDS MULTIESTRATÉGIA FUNDO DE INVESTIMENTO FINANCEIRO MULTIMERCADO - RESPONSABILIDADE LIMITADA,150345.08,1,0,65472718000126,YARDS ASSET GESTORA DE RECURSOS LTDA.
37541542000181,RUKI FIF MULTIMERCADO CRÉDITO PRIVADO INVESTIMENTO NO EXTERIOR RESP LIMITADA,145850.57,1,0,37541542000181,UBS BRASIL ADMINISTRADORA DE VALORES MOBILIÁRIOS LTDA.
59679052000189,VINLAND CRÉDITO PREV MASTER S FUNDO DE INVESTIMENTO FINANCEIRO MULTIMERCADO CRÉD PRIV RESP LIMITADA,145083.72,1,0,59679052000189,VINLAND CAPITAL MANAGEMENT CRÉDITO PRIVADO GESTORA DE RECURSOS LTDA.
53858396000179,BRADESCO FUNDO DE INVESTIMENTO FINANCEIRO - Ci RENDA FIXA INCENTIVADO DE INVESTIMENTO EM INFRA BELLA,138567.74,1,1,53858396000179,BANCO BRADESCO S.A.
11702118000188,TIGUAN PGA FIF - CLASSE DE INVESTIMENTO MULTIMERCADO PREVIDENCIÁRIO - RESP LIMITADA,137315.17,1,0,11702118000188,BNP PARIBAS ASSET MANAGEMENT BRASIL LTDA
36327365000172,CAPITÂNIA REIT PREV ADVISORY XP SEGUROS FIFE FIF MULTIMERCADO CRÉD PRIV - RESPONSABILIDADE LIMITADA,131790.49,1,0,36327365000172,CAPITANIA PREV S.A.
33600624000107,INTEGRAL ICATU PREVIDENCIARIO II FIF - CI RENDA FIXA CRÉDITO PRIVADO FIFE - RESP LIMITADA,129562.43,2,0,33600624000107,INTEGRAL INVESTIMENTOS LTDA.
55665077000172,PI FUNDO DE INVESTIMENTO FINANCEIRO MULTIMERCADO,112046.52,1,0,55665077000172,MENESTYS GESTORA DE RECURSOS LTDA
44835820000179,CAP PREV INFLAÇÃO 30 ADV XP SEG FIF RENDA FIXA CRÉDITO PRIVADO FIFE - RESPONSABILIDADE LIMITADA,106438.13,1,0,44835820000179,CAPITANIA PREV S.A.
30556696000106,G5 UCRÂNIA FIF - CLASSE DE INVESTIMENTO MULTIMERCADO CRÉDITO PRIVADO - RESP LIMITADA,105868.76,1,0,30556696000106,G5 ADMINISTRADORA DE RECURSOS LTDA.
54713571000100,PORTO VANTAGE FUNDO DE INVESTIMENTO RENDA FIXA PREVIDENCIARIO,104255.95,2,0,54713571000100,PORTO SEGURO INVESTIMENTOS LTDA
11447056000105,LINCOLN FUNDO DE INVESTIMENTO FINANCEIRO MULTIMERCADO CRÉDITO PRIVADO RESPONSABILIDADE LIMITADA,103738.79,1,0,11447056000105,PORTOFINO GESTÃO DE RECURSOS LTDA.
57474374000166,G5 ARUBA FUNDO DE INVESTIMENTO FINANCEIRO RENDA FIXA INCENTIVADO DE INVESTIMENTO EM INFRAESTRUTURA,96558.32,1,0,57474374000166,G5 ADMINISTRADORA DE RECURSOS LTDA.
07725510000175,NETTER FI FINANCEIRO - CI MULT CRED PRIV - RESP LIMITADA,93855.28,1,0,07725510000175,G5 ADMINISTRADORA DE RECURSOS LTDA.
08831681000141,IPANEMA FI FINANCEIRO - CI MULT CRED PRIV - RESP LIMITADA,90101.07,1,0,08831681000141,G5 ADMINISTRADORA DE RECURSOS LTDA.
59091384000148,ICATU TRÍADE PREV FIFE FIF CLASSE DE INVESTIMENTO MULTIMERCADO CRED PRIV - RESP LIMITADA,88915.51,1,0,59091384000148,PARAMIS BR INVESTIMENTOS LTDA
62203847000120,SULAMÉRICA CRÉDITO ESG MASTER FIF RENDA FIXA CRÉDITO PRIVADO LONGO PRAZO IS DE RESP LIMITADA,82312.72,2,0,62203847000120,Sul América Gestão de Investimentos S.A.
08537625000107,G5 GRUMETE FIF - CLASSE DE INVESTIMENTO MULTIMERCADO CRÉDITO PRIVADO - RESPONSABILIDADE LIMITADA,71330.02,1,0,08537625000107,G5 ADMINISTRADORA DE RECURSOS LTDA.
52237532000140,OCCAM CRÉDITO CORPORATIVO INSTITUCIONAL 30 FIF RENDA FIXA CRÉDITO PRIVADO -RESPONSABILIDADE LIMITADA,68039.42,1,0,52237532000140,NOVA OCCAM BRASIL GESTAO DE RECURSOS LTDA.
61973575000185,VINLAND FIF FI INCENTIVADO EM DEBÊNTURES DE INFRA IPCA IMAB RF CRED PRIV LONGO PRAZO RESP LIMITADA,61654.47,1,0,61973575000185,VINLAND CAPITAL MANAGEMENT CRÉDITO PRIVADO GESTORA DE RECURSOS LTDA.
42774252000118,MONTE BRAVO HIGH GRADE FUNDO DE INVESTIMENTO FINANCEIRO RENDA FIXA,59914.88,1,0,42774252000118,MONTE BRAVO ASSET MANAGEMENT LTDA.
45383950000180,G5 CANITHIZE FIF - CLASSE DE INVESTIMENTO MULTIMERCADO CRÉDITO PRIVADO - RESPONSABILIDADE LIMITADA,59316.54,1,0,45383950000180,G5 ADMINISTRADORA DE RECURSOS LTDA.
65846104000167,RÉGIA DEBÊNTURES INCENTIVADAS IS FIF RENDA FIXA INVESTIMENTO EM INFRAESTRUTURA - RESP LIMITADA,56366.22,1,0,65846104000167,REGIA CAPITAL LTDA
63556163000175,A1 HIGH GRADE PREV FIF RENDA FIXA CRÉDITO PRIVADO RESPONSABILIDADE LIMITADA,53556.8,1,0,63556163000175,ASSET1 INVESTIMENTOS S/A
44703116000162,G5 CRESCER FIF - CLASSE DE INVESTIMENTO MULTIMERCADO CRÉDITO PRIVADO - RESPONSABILIDADE LIMITADA,39419.22,1,0,44703116000162,G5 ADMINISTRADORA DE RECURSOS LTDA.
55575472000164,FUNDO DE INVESTIMENTO FINANCEIRO CI RENDA FIXA INCENTIVADO INVESTIMENTO EM INFRAESTRUTURA G5 TANGER,38877.11,1,0,55575472000164,G5 ADMINISTRADORA DE RECURSOS LTDA.
45019661000105,FICTOR AGRO FUNDO DE INVESTIMENTO MULTIMERCADO CRÉDITO PRIVADO INVESTIMENTO NO EXTERIOR,28622.99,1,1,45019661000105,FICTOR ASSET LTDA.
55437642000144,G5 MILANO FUNDO INCENTIVADO DE INVESTIMENTO EM INFRAESTRUTURA RENDA FIXA,27781.16,1,0,55437642000144,G5 ADMINISTRADORA DE RECURSOS LTDA.
45653017000186,G5 AUSTIN FUNDO DE INVESTIMENTO FINANCEIRO MULTIMERCADO,26279.48,1,0,45653017000186,G5 ADMINISTRADORA DE RECURSOS LTDA.
28075007000191,G5 NICTI FIF - CLASSE DE INVESTIMENTO MULTIMERCADO CRÉDITO PRIVADO - RESPONSABILIDADE LIMITADA,26279.48,1,0,28075007000191,G5 ADMINISTRADORA DE RECURSOS LTDA.
22809036000153,BNP PARIBAS ICATU SEG CLASSE DE INVESTIMENTO PREVIDENCIÁRIA RENDA FIXA CRÉD PRIVADO - RESP LIMITADA,25057.51,1,0,22809036000153,BNP PARIBAS ASSET MANAGEMENT BRASIL LTDA
44465583000100,GAVIC FUNDO DE INVESTIMENTO EM COTAS DE FUNDO DE INVESTIMENTO MULTIMERCADO CRÉDITO PRIVADO,23413.48,1,1,44465583000100,ASSET WEALTH MANAGEMENT LTDA
32159294000195,CB FUNDO DE INVESTIMENTO MULTIMERCADO CRÉDITO PRIVADO,14712.55,1,0,32159294000195,ACURA GESTORA DE RECURSOS LTDA
63211828000109,G5 CRYSTAL FIF - CLASSE DE INVESTIMENTO RF INCENTIVADO DE INVESTIMENTO EM INFRA - RESP LIMITADA,14425.93,1,0,63211828000109,G5 ADMINISTRADORA DE RECURSOS LTDA.
17138356000199,G5 GRIMALDI CLASSE DE INVESTIMENTO EM COTAS DE CLASSES DE INVESTIMENTO MULTIMERCADO CRÉDITO PRIVADO,13796.76,1,0,17138356000199,G5 ADMINISTRADORA DE RECURSOS LTDA.
40815606000108,MONTE BRAVO SIRIUS FI FINANCEIRO MULTIMERCADO CRÉDITO PRIVADO - RESPONSABILIDADE LIMITADA,12463.03,1,0,40815606000108,MONTE BRAVO ASSET MANAGEMENT LTDA.
50122424000105,G5 FLORENÇA FUNDO DE INVESTIMENTO FINANCEIRO MULTIMERCADO,11841.31,1,0,50122424000105,G5 ADMINISTRADORA DE RECURSOS LTDA.
49894184000170,G5 FLORENÇA II FUNDO DE INVESTIMENTO FINANCEIRO MULTIMERCADO,11841.31,1,0,49894184000170,G5 ADMINISTRADORA DE RECURSOS LTDA.
58284253000114,G5 JERICOACOARA FIF - CLASSE DE INVESTIMENTO EM COTAS MULTIMERCADO CRÉDITO PRIVADO,11168.28,1,0,58284253000114,G5 ADMINISTRADORA DE RECURSOS LTDA.
49000812000126,ANNECY FIF - CLASSE DE INVESTIMENTO MULTIMERCADO CRÉDITO PRIVADO - RESP LIMITADA,10511.79,1,0,49000812000126,BR PARTNERS GESTÃO DE RECURSOS LTDA
44690536000151,G5 MARBLE ARCH FI FINANCEIRO - CI MULT CRED PRIV - RESP LIMITADA,8259.26,1,0,44690536000151,G5 ADMINISTRADORA DE RECURSOS LTDA.
46098482000165,BLACK FUNDO DE INVESTIMENTO EM COTAS DE FUNDO DE INVESTIMENTO MULTIMERCADO CRÉDITO PRIVADO,4811.22,1,1,46098482000165,ASSET WEALTH MANAGEMENT LTDA
41672242000109,CAPITÂNIA PREV ADVISORY XP SEGUROS FIFE FIF RENDA FIXA CRÉDITO PRIVADO - RESPONSABILIDADE LIMITADA,2078.15,1,0,41672242000109,CAPITÂNIA ALTERNATIVES S/A
26605199000175,CAPITÂNIA INFRA 30 IPCA FUNDO DE INVESTIMENTO FINANCEIRO RENDA FIXA INVESTIMENTO EM INFRAESTRUTURA,2074.7,2,0,26605199000175,CAPITANIA CAPITAL S.A.
14171982000199,G5 CRYSTAL FIF - CLASSE DE INVESTIMENTO MULTIMERCADO CRÉDITO PRIVADO - RESPONSABILIDADE LIMITADA,461.77,1,0,14171982000199,G5 ADMINISTRADORA DE RECURSOS LTDA.
27880083000107,METRUS 1 FI FINANCEIRO - CI RF CRED PRIV - RESP LIMITADA,161.87,1,1,27880083000107,BRZ INVESTIMENTOS LTDA
44585418000183,REMBRANDT FUNDO DE INVESTIMENTO EM COTAS DE FUNDO DE INVESTIMENTO MULTIMERCADO CRÉDITO PRIVADO,16.17,1,1,44585418000183,ASSET WEALTH MANAGEMENT LTDA
27477166000150,G5 CARMEL FUNDO DE INVESTIMENTO FINANCEIRO MULTIMERCADO,0.08,1,0,27477166000150,G5 ADMINISTRADORA DE RECURSOS LTDA.
34867202000157,CORRENTÃO FUNDO DE INVESTIMENTO FINANCEIRO,0.0,1,0,34867202000157,GLOBAL ASSET GESTORA DE RECURSOS LTDA
