gestor,pl_total_gestor,pl_sinalizado,n_veiculos_sinalizados,n_veiculos,pct_carteira_sinalizada
BB GESTAO DE RECURSOS DTVM S.A,61306056618.36,61254971563.01,1,2,0.9991667209054399
BANCO BRADESCO S.A.,40617024971.95,32036223662.749996,15,31,0.7887388031219451
REAG JUS GESTÃO DE ATIVOS JUDICIAIS LTDA.,17759050075.13,11541449398.0,3,31,0.6498911455947067
PETRA CAPITAL GESTÃO DE INVESTIMENTOS LTDA,13631555370.36,11217560823.66,13,58,0.8229112906698153
INTEGRAL INVESTIMENTOS LTDA.,14952034155.36,9919462970.45,4,21,0.6634189614189768
BANCO BTG PACTUAL S/A,25300719043.449997,8129765904.769999,4,9,0.3213254884498898
XP INVESTIMENTOS CCTVM S.A.,8006830008.849999,7589239250.88,2,3,0.9478456820603868
SOLIS INVESTIMENTOS S A,27792860566.0,7495861029.570001,24,115,0.2697045527850399
KANASTRA ADMINISTRAÇÃO DE RECURSOS LTDA,11064485486.3,6930325283.47,5,44,0.6263576640821754
TERCON INVESTIMENTOS S.A.,24709216072.04,6807534723.86,28,237,0.27550589642393164
CBSF TRUST ADMINISTRADORA DE RECURSOS LTDA.,28605913809.79,6705589917.740001,5,19,0.23441271487873602
M8 PARTNERS GESTORA DE RECURSOS LTDA.,12135850917.31,4271088594.46,12,57,0.3519397711426994
JUS CAPITAL GESTÃO DE RECURSOS LTDA.,12239427645.11,4121216914.0600004,8,34,0.33671647347876954
OURO PRETO GESTÃO DE RECURSOS S.A.,12604256346.1,4115223363.7599998,12,101,0.32649473723480155
ANGÁ ADMINISTRAÇÃO DE RECURSOS LTDA.,14725435642.86,4016972863.58,7,42,0.27279144474939393
BLUE SOLUTIONS ASSET MANAGEMENT LTDA.,5363322995.440001,3441656777.81,3,21,0.6417023141690631
VCM GESTÃO DE CAPITAL LTDA,3695132071.0899997,2956554648.1,5,24,0.800121508844437
REDASSET GESTAO DE RECURSOS LTDA,9860601746.21,2841224802.24,2,9,0.2881390888068314
WNT GESTORA DE RECURSOS LTDA,3702575986.95,2548696043.82,3,33,0.6883575253561482
BTG PACTUAL GESTORA DE INVESTIMENTOS ALTERNATIVOS LTDA.,23376315185.05,2470611404.78,5,19,0.10568865902184814
VERSAL FINANCE GESTÃO DE RECURSOS LTDA,4998717889.66,2311037922.26,2,12,0.4623261350756466
TRUSTEE DISTRIBUIDORA DE TITULOS E VALORES MOBILIARIOS LTDA.,2974639365.2799997,1689386997.13,2,5,0.567930020979528
INVISTA GESTORA DE RECURSOS LTDA.,3584162623.09,1679115025.78,2,4,0.46848181914591563
GV ATACAMA CAPITAL LTDA.,6030432637.29,1671568449.68,3,33,0.27718881052474237
TIVIO CAPITAL DISTRIBUIDORA DE TITULOS E VALORES MOBILIARIOS S.A.,2094619513.96,1666972490.26,1,9,0.7958354627893691
JIVE INVESTMENTS GESTÃO DE RECURSOS E CONSULTORIA S.A.,8334239347.5,1562817579.79,4,30,0.18751772232924824
PORTOFINO GESTÃO DE RECURSOS LTDA.,4381929340.41,1425902192.06,1,11,0.3254051084097545
QUADRA GESTÃO DE RECURSOS S.A.,3631800061.99,1314678650.55,3,23,0.3619909213365777
SUESTE CAPITAL GESTÃO DE RECURSOS LTDA,3871791301.66,1160906711.41,2,19,0.29983710922442297
NORTH SEA GESTORA DE RECURSOS LTDA.,1186531901.09,1140979143.6200001,3,7,0.9616084848387532
CAIXA ECONOMICA FEDERAL,1125156839.8799999,1122503422.27,1,2,0.9976417353421743
APEX GROUP DISTRIBUIDORA DE TÍTULOS E VALORES MOBILIÁRIOS S.A.,5291812507.03,1021048015.2299999,4,18,0.19294863789553598
MILÊNIO CAPITAL GESTÃO DE INVESTIMENTOS LTDA.,3628908473.83,942242782.5799999,3,35,0.2596490899054128
ASAROCK ASSET MANAGEMENT LTDA.,2907130795.28,933138902.77,1,11,0.3209827725278266
ARTESANAL MCMS LTDA,2120229020.76,873072473.66,3,9,0.4117821542443776
CATÁLISE INVESTIMENTOS LTDA.,9641917526.1,831735589.33,2,106,0.08626246668036204
SMART AGRO INVESTIMENTOS LTDA.,8773843201.0,812145748.68,1,11,0.09256442474233362
REDITUS INVESTIMENTOS LTDA,802801274.96,802801274.96,1,1,1.0
MAKENA GESTORA DE RECURSOS LTDA.,782971622.66,782971622.66,2,2,1.0
ORRAM GESTÃO DE RECURSOS LTDA.,8718031319.94,780638189.72,3,39,0.08954294393672499
BBS ASSET MANAGEMENT - ADMINISTRADORA DE RECURSOS LTDA,1032744649.21,767510008.24,1,8,0.7431750034503769
OLIVEIRA TRUST SERVICER S/A,76256733591.11,738504350.44,2,45,0.00968444772890318
GALAPAGOS CAPITAL INVESTIMENTOS E PARTICIPAÇÕES LTDA.,4232036562.89,735276060.03,2,33,0.17374047910585394
V8 CAPITAL GESTÃO DE INVESTIMENTOS LTDA.,1081227409.19,734012685.31,2,7,0.6788698465014723
POLÍGONO CAPITAL LTDA,13483680239.47,732283215.89,3,57,0.054308853583343634
ARTESANAL FINANCEIRO LTDA,3567718344.34,671805123.57,1,10,0.18830105370727596
LUME INVESTIMENTOS LTDA.,620015331.67,620015331.67,1,1,1.0
BTG PACTUAL GESTÃO E CONSULTORIA DE INVESTIMENTOS LTDA,1705135634.62,559882486.39,1,6,0.32835070420352414
GENIAL GESTÃO LTDA.,25268449672.0,527467198.34,1,44,0.020874537424608482
ANTHARUS GESTORA DE RECURSOS LTDA.,706596598.48,515352066.52,1,7,0.7293441089705258
BANCO SANTANDER (BRASIL) S.A.,511741022.82,511741022.82,1,1,1.0
ARC CAPITAL LTDA.,1314327061.56,484118379.9,1,8,0.36833935331544543
ACURA GESTORA DE RECURSOS LTDA,4279476223.06,458237038.02,2,15,0.10707783245780994
B.OND CAPITAL LTDA.,1635972667.63,443208155.43,1,3,0.27091415657455115
REGIA CAPITAL LTDA,2518004602.9900002,437421807.29,1,8,0.17371763608795004
LATACHE GESTÃO DE RECURSOS LTDA,1999514959.82,434657695.88,2,10,0.21738156733727498
BTG PACTUAL ASSET MANAGEMENT S/A DTVM,32309514358.38,426917130.82,1,47,0.013213356477123033
MULTIPLICA CAPITAL ASSET MANAGEMENT LTDA.,10841371215.06,414673096.62,2,53,0.038249137345649414
PLURAL INVESTIMENTOS GESTÃO DE RECURSOS LTDA.,1388378844.07,403020270.2,1,15,0.29028119516612305
GESTORA DE RECURSOS ID - GRID LTDA,4079411380.7,400067890.1,2,57,0.09807000392084778
TRACK CAPITAL GESTÃO DE RECURSOS LTDA,643255169.66,395913875.88,1,3,0.6154849499138342
ARTESANAL AGRO LTDA.,1191422066.71,388016649.48,1,4,0.32567522486088535
XP VISTA ASSET MANAGEMENT LTDA.,8797815454.83,372748610.13,1,41,0.04236831427571728
PHRONESIS INVESTIMENTOS LTDA.,2841878248.85,371498096.19,2,3,0.13072273463521217
GOLDEN ASSET GESTORA DE RECURSOS LTDA.,1168647638.49,371328923.76,1,4,0.31774241570349726
SOMA ASSET GESTÃO DE INVESTIMENTOS LTDA,674395667.29,353443030.46,1,12,0.5240885248867032
APUAMA CAPITAL GESTORA DE RECURSOS LTDA,1365922124.38,342699645.40999997,2,17,0.25089252109856064
PARAGUAÇU INVESTIMENTOS LTDA,583005489.9399999,332410774.37,1,15,0.5701674857370728
JIVE HIGH YIELD GESTÃO DE RECURSOS LTDA.,8983424232.51,332226801.16,1,21,0.036982201058445914
VERT GESTORA DE RECURSOS FINANCEIROS LTDA.,14381959508.08,329641411.26,3,50,0.022920479721473454
G5 ADMINISTRADORA DE RECURSOS LTDA.,5781883188.58,321088975.95,3,43,0.05553363246497163
OLIVEIRA TRUST DTVM S.A.,1646997871.41,312198831.01,1,5,0.18955630509875862
SOD CAPITAL LTDA.,308493277.57,308493277.57,1,1,1.0
IGUANA INVESTIMENTOS LTDA.,1019985266.49,304498232.36,1,28,0.2985319909647786
BOCAINA CAPITAL GESTORA DE RECURSOS LTDA.,536015832.42999995,288349194.25,1,6,0.537949024645007
VINCI SPS GESTÃO DE RECURSOS LTDA,2534042722.8700004,282130262.87,1,9,0.11133603246849191
QLZ WM GESTÃO DE PATRIMÔNIOS LTDA.,279128189.14,279128189.14,1,1,1.0
EMERALD GESTÃO DE INVESTIMENTOS SOCIEDADE UNIPESSOAL LIMITADA,5711197383.8,275823522.26,1,18,0.048295217924420285
NUMBER ASSET BRASIL LTDA.,810123745.03,272445948.05,1,12,0.3363016449294558
BURITI INVESTIMENTOS GESTORA DE RECURSOS LTDA,2186180784.95,269572747.06,1,41,0.12330761889217016
OPEA GESTORA DE RECURSOS LTDA.,1754127990.83,267416885.76,1,10,0.15245004193420714
LETO ASSET MANAGEMENT LTDA,2483333416.69,254302931.07,1,16,0.1024038614230693
RCB PORTFÓLIOS LTDA.,821235348.5300001,246774625.41,1,4,0.30049196719518123
BRZ INVESTIMENTOS LTDA,945218579.24,246712950.77,1,7,0.2610115334046531
AUGME CAPITAL GESTÃO DE RECURSOS LTDA.,2175632855.48,240719392.06,1,25,0.11064338886668043
ALGARVE CAPITAL GESTÃO DE RECURSOS LTDA.,1265738172.34,238674382.02,1,19,0.18856536623111955
CULTINVEST ASSET MANAGEMENT LTDA,1703862676.92,231966026.93,1,10,0.13614126893683423
IORQ GESTÃO DE RECURSOS LTDA,2107475605.43,225010783.2,1,17,0.106767918271628
LIBERTAS ASSET S/A,1779311676.11,215275643.98,1,35,0.12098815900013872
BRZ GESTÃO DE RECURSOS LTDA.,1254989500.01,212964931.68,1,10,0.16969459240758833
AZUMI ASSET MANAGEMENT LTDA.,732275879.1,212788449.8,1,22,0.29058508667734156
UNAVANTI INVESTIMENTOS LTDA.,191404975.74,191404975.74,1,1,1.0
URBANO ADMINISTRAÇÃO DE RECURSOS LTDA.,349662535.78000003,172683489.86,1,3,0.4938575689122402
ECO GESTÃO DE ATIVOS LTDA,3949531492.0,163904940.18,1,9,0.04149984384527602
PRISMA PRIVATE  CREDIT LTDA.,692786571.1800001,159146352.18,1,6,0.2297191643148212
UTILITY GESTORA DE RECURSOS LTDA.,744821234.88,153642697.13,1,14,0.2062813060838065
CERES ASSET GESTAO DE INVESTIMENTOS LTDA,257286644.13,142891879.57,1,7,0.5553800899894383
MENESTYS GESTORA DE RECURSOS LTDA,1484027972.59,140936265.13,1,34,0.09496873895444907
LIFT CAPITAL GESTORA DE RECURSOS S.A.,590547152.48,132473587.82,1,10,0.22432347233184985
VINCI GESTORA DE RECURSOS LTDA,3139821965.9,131395453.6,1,13,0.041848058592817934
TERA INVESTIMENTOS LTDA.,950079593.24,129460738.27,1,9,0.13626304489764665
ALTINVEST GESTÃO E ADMINISTRAÇÃO DE RECURSOS DE TERCEIROS LTDA.,225294297.11,127486551.17,1,2,0.565866747651205
APEX ASSET MANAGEMENT LTDA,225029811.26999998,125257090.88,1,4,0.5566244319945298
ASSET WEALTH MANAGEMENT LTDA,817331186.11,121694729.51,1,42,0.14889280083535414
ZERO CINCO UM CAPITAL GESTÃO DE RECURSOS LTDA,150610716.99,112940604.51,1,2,0.7498842497210796
SRM Empírica Gestão de Crédito LTDA,1148874379.84,90787060.8,1,29,0.07902261760998067
VISION BRAZIL GESTÃO DE INVESTIMENTOS E PARTICIPAÇÕES LTDA,550676361.36,63277565.36,1,6,0.11490880996548321
FICTOR ASSET LTDA.,114201706.86999999,45488495.41,1,2,0.3983171237692728
DAYCOVAL ASSET MANAGEMENT ADMINISTRACAO DE RECURSOS LTDA,9856702359.14,1054510.09,1,34,0.00010698406541840698
GERIBÁ INVESTIMENTOS LTDA,35768278.36,1021260.7,1,4,0.02855213465186195
REAG SPECIALTY FINANCE LTDA.,25689611.55,-3224783.55,1,3,-0.125528700335681
