tribunal,classe_nome,mes,n_processos
TJMG,"Falência de Empresários, Sociedades Empresáriais, Microempresas e Empresas de Pequeno Porte",2024-08,5
TJMG,"Falência de Empresários, Sociedades Empresáriais, Microempresas e Empresas de Pequeno Porte",2024-09,13
TJMG,"Falência de Empresários, Sociedades Empresáriais, Microempresas e Empresas de Pequeno Porte",2024-10,16
TJMG,"Falência de Empresários, Sociedades Empresáriais, Microempresas e Empresas de Pequeno Porte",2024-11,14
TJMG,"Falência de Empresários, Sociedades Empresáriais, Microempresas e Empresas de Pequeno Porte",2024-12,8
TJMG,"Falência de Empresários, Sociedades Empresáriais, Microempresas e Empresas de Pequeno Porte",2025-01,12
TJMG,"Falência de Empresários, Sociedades Empresáriais, Microempresas e Empresas de Pequeno Porte",2025-02,12
TJMG,"Falência de Empresários, Sociedades Empresáriais, Microempresas e Empresas de Pequeno Porte",2025-03,13
TJMG,"Falência de Empresários, Sociedades Empresáriais, Microempresas e Empresas de Pequeno Porte",2025-04,12
TJMG,"Falência de Empresários, Sociedades Empresáriais, Microempresas e Empresas de Pequeno Porte",2025-05,20
TJMG,"Falência de Empresários, Sociedades Empresáriais, Microempresas e Empresas de Pequeno Porte",2025-06,15
TJMG,"Falência de Empresários, Sociedades Empresáriais, Microempresas e Empresas de Pequeno Porte",2025-07,10
TJMG,"Falência de Empresários, Sociedades Empresáriais, Microempresas e Empresas de Pequeno Porte",2025-08,13
TJMG,"Falência de Empresários, Sociedades Empresáriais, Microempresas e Empresas de Pequeno Porte",2025-09,19
TJMG,"Falência de Empresários, Sociedades Empresáriais, Microempresas e Empresas de Pequeno Porte",2025-10,16
TJMG,"Falência de Empresários, Sociedades Empresáriais, Microempresas e Empresas de Pequeno Porte",2025-11,5
TJMG,"Falência de Empresários, Sociedades Empresáriais, Microempresas e Empresas de Pequeno Porte",2025-12,9
TJMG,"Falência de Empresários, Sociedades Empresáriais, Microempresas e Empresas de Pequeno Porte",2026-01,7
TJMG,"Falência de Empresários, Sociedades Empresáriais, Microempresas e Empresas de Pequeno Porte",2026-02,6
TJMG,"Falência de Empresários, Sociedades Empresáriais, Microempresas e Empresas de Pequeno Porte",2026-03,9
TJMG,"Falência de Empresários, Sociedades Empresáriais, Microempresas e Empresas de Pequeno Porte",2026-04,13
TJMG,"Falência de Empresários, Sociedades Empresáriais, Microempresas e Empresas de Pequeno Porte",2026-05,10
TJMG,"Falência de Empresários, Sociedades Empresáriais, Microempresas e Empresas de Pequeno Porte",2026-06,7
TJMG,"Falência de Empresários, Sociedades Empresáriais, Microempresas e Empresas de Pequeno Porte",2026-07,1
TJMG,Recuperação Judicial,2024-08,8
TJMG,Recuperação Judicial,2024-09,8
TJMG,Recuperação Judicial,2024-10,9
TJMG,Recuperação Judicial,2024-11,21
TJMG,Recuperação Judicial,2024-12,13
TJMG,Recuperação Judicial,2025-01,3
TJMG,Recuperação Judicial,2025-02,17
TJMG,Recuperação Judicial,2025-03,21
TJMG,Recuperação Judicial,2025-04,15
TJMG,Recuperação Judicial,2025-05,13
TJMG,Recuperação Judicial,2025-06,10
TJMG,Recuperação Judicial,2025-07,17
TJMG,Recuperação Judicial,2025-08,18
TJMG,Recuperação Judicial,2025-09,15
TJMG,Recuperação Judicial,2025-10,14
TJMG,Recuperação Judicial,2025-11,10
TJMG,Recuperação Judicial,2025-12,8
TJMG,Recuperação Judicial,2026-01,11
TJMG,Recuperação Judicial,2026-02,8
TJMG,Recuperação Judicial,2026-03,10
TJMG,Recuperação Judicial,2026-04,10
TJMG,Recuperação Judicial,2026-05,9
TJMG,Recuperação Judicial,2026-06,8
TJMG,Recuperação Judicial,2026-07,2
TJPR,"Falência de Empresários, Sociedades Empresáriais, Microempresas e Empresas de Pequeno Porte",2024-08,2
TJPR,"Falência de Empresários, Sociedades Empresáriais, Microempresas e Empresas de Pequeno Porte",2024-09,10
TJPR,"Falência de Empresários, Sociedades Empresáriais, Microempresas e Empresas de Pequeno Porte",2024-10,4
TJPR,"Falência de Empresários, Sociedades Empresáriais, Microempresas e Empresas de Pequeno Porte",2024-11,10
TJPR,"Falência de Empresários, Sociedades Empresáriais, Microempresas e Empresas de Pequeno Porte",2024-12,8
TJPR,"Falência de Empresários, Sociedades Empresáriais, Microempresas e Empresas de Pequeno Porte",2025-01,1
TJPR,"Falência de Empresários, Sociedades Empresáriais, Microempresas e Empresas de Pequeno Porte",2025-02,5
TJPR,"Falência de Empresários, Sociedades Empresáriais, Microempresas e Empresas de Pequeno Porte",2025-03,5
TJPR,"Falência de Empresários, Sociedades Empresáriais, Microempresas e Empresas de Pequeno Porte",2025-04,11
TJPR,"Falência de Empresários, Sociedades Empresáriais, Microempresas e Empresas de Pequeno Porte",2025-05,10
TJPR,"Falência de Empresários, Sociedades Empresáriais, Microempresas e Empresas de Pequeno Porte",2025-06,6
TJPR,"Falência de Empresários, Sociedades Empresáriais, Microempresas e Empresas de Pequeno Porte",2025-07,7
TJPR,"Falência de Empresários, Sociedades Empresáriais, Microempresas e Empresas de Pequeno Porte",2025-08,11
TJPR,"Falência de Empresários, Sociedades Empresáriais, Microempresas e Empresas de Pequeno Porte",2025-09,15
TJPR,"Falência de Empresários, Sociedades Empresáriais, Microempresas e Empresas de Pequeno Porte",2025-10,11
TJPR,"Falência de Empresários, Sociedades Empresáriais, Microempresas e Empresas de Pequeno Porte",2025-11,8
TJPR,"Falência de Empresários, Sociedades Empresáriais, Microempresas e Empresas de Pequeno Porte",2025-12,8
TJPR,"Falência de Empresários, Sociedades Empresáriais, Microempresas e Empresas de Pequeno Porte",2026-01,4
TJPR,"Falência de Empresários, Sociedades Empresáriais, Microempresas e Empresas de Pequeno Porte",2026-02,7
TJPR,"Falência de Empresários, Sociedades Empresáriais, Microempresas e Empresas de Pequeno Porte",2026-03,10
TJPR,"Falência de Empresários, Sociedades Empresáriais, Microempresas e Empresas de Pequeno Porte",2026-04,7
TJPR,"Falência de Empresários, Sociedades Empresáriais, Microempresas e Empresas de Pequeno Porte",2026-05,17
TJPR,"Falência de Empresários, Sociedades Empresáriais, Microempresas e Empresas de Pequeno Porte",2026-06,8
TJPR,Recuperação Judicial,2024-08,2
TJPR,Recuperação Judicial,2024-09,6
TJPR,Recuperação Judicial,2024-10,9
TJPR,Recuperação Judicial,2024-11,6
TJPR,Recuperação Judicial,2024-12,7
TJPR,Recuperação Judicial,2025-01,10
TJPR,Recuperação Judicial,2025-02,7
TJPR,Recuperação Judicial,2025-03,9
TJPR,Recuperação Judicial,2025-04,12
TJPR,Recuperação Judicial,2025-05,11
TJPR,Recuperação Judicial,2025-06,12
TJPR,Recuperação Judicial,2025-07,11
TJPR,Recuperação Judicial,2025-08,5
TJPR,Recuperação Judicial,2025-09,11
TJPR,Recuperação Judicial,2025-10,11
TJPR,Recuperação Judicial,2025-11,21
TJPR,Recuperação Judicial,2025-12,11
TJPR,Recuperação Judicial,2026-01,8
TJPR,Recuperação Judicial,2026-02,6
TJPR,Recuperação Judicial,2026-03,15
TJPR,Recuperação Judicial,2026-04,12
TJPR,Recuperação Judicial,2026-05,13
TJPR,Recuperação Judicial,2026-06,11
TJRJ,"Falência de Empresários, Sociedades Empresáriais, Microempresas e Empresas de Pequeno Porte",2024-08,10
TJRJ,"Falência de Empresários, Sociedades Empresáriais, Microempresas e Empresas de Pequeno Porte",2024-09,11
TJRJ,"Falência de Empresários, Sociedades Empresáriais, Microempresas e Empresas de Pequeno Porte",2024-10,17
TJRJ,"Falência de Empresários, Sociedades Empresáriais, Microempresas e Empresas de Pequeno Porte",2024-11,9
TJRJ,"Falência de Empresários, Sociedades Empresáriais, Microempresas e Empresas de Pequeno Porte",2024-12,9
TJRJ,"Falência de Empresários, Sociedades Empresáriais, Microempresas e Empresas de Pequeno Porte",2025-01,4
TJRJ,"Falência de Empresários, Sociedades Empresáriais, Microempresas e Empresas de Pequeno Porte",2025-02,21
TJRJ,"Falência de Empresários, Sociedades Empresáriais, Microempresas e Empresas de Pequeno Porte",2025-03,16
TJRJ,"Falência de Empresários, Sociedades Empresáriais, Microempresas e Empresas de Pequeno Porte",2025-04,20
TJRJ,"Falência de Empresários, Sociedades Empresáriais, Microempresas e Empresas de Pequeno Porte",2025-05,17
TJRJ,"Falência de Empresários, Sociedades Empresáriais, Microempresas e Empresas de Pequeno Porte",2025-06,15
TJRJ,"Falência de Empresários, Sociedades Empresáriais, Microempresas e Empresas de Pequeno Porte",2025-07,21
TJRJ,"Falência de Empresários, Sociedades Empresáriais, Microempresas e Empresas de Pequeno Porte",2025-08,18
TJRJ,"Falência de Empresários, Sociedades Empresáriais, Microempresas e Empresas de Pequeno Porte",2025-09,18
TJRJ,"Falência de Empresários, Sociedades Empresáriais, Microempresas e Empresas de Pequeno Porte",2025-10,22
TJRJ,"Falência de Empresários, Sociedades Empresáriais, Microempresas e Empresas de Pequeno Porte",2025-11,20
TJRJ,"Falência de Empresários, Sociedades Empresáriais, Microempresas e Empresas de Pequeno Porte",2025-12,13
TJRJ,"Falência de Empresários, Sociedades Empresáriais, Microempresas e Empresas de Pequeno Porte",2026-01,13
TJRJ,"Falência de Empresários, Sociedades Empresáriais, Microempresas e Empresas de Pequeno Porte",2026-02,12
TJRJ,"Falência de Empresários, Sociedades Empresáriais, Microempresas e Empresas de Pequeno Porte",2026-03,15
TJRJ,"Falência de Empresários, Sociedades Empresáriais, Microempresas e Empresas de Pequeno Porte",2026-04,25
TJRJ,"Falência de Empresários, Sociedades Empresáriais, Microempresas e Empresas de Pequeno Porte",2026-05,29
TJRJ,"Falência de Empresários, Sociedades Empresáriais, Microempresas e Empresas de Pequeno Porte",2026-06,29
TJRJ,Recuperação Judicial,2024-08,35
TJRJ,Recuperação Judicial,2024-09,18
TJRJ,Recuperação Judicial,2024-10,12
TJRJ,Recuperação Judicial,2024-11,10
TJRJ,Recuperação Judicial,2024-12,15
TJRJ,Recuperação Judicial,2025-01,27
TJRJ,Recuperação Judicial,2025-02,27
TJRJ,Recuperação Judicial,2025-03,44
TJRJ,Recuperação Judicial,2025-04,19
TJRJ,Recuperação Judicial,2025-05,13
TJRJ,Recuperação Judicial,2025-06,9
TJRJ,Recuperação Judicial,2025-07,14
TJRJ,Recuperação Judicial,2025-08,31
TJRJ,Recuperação Judicial,2025-09,22
TJRJ,Recuperação Judicial,2025-10,18
TJRJ,Recuperação Judicial,2025-11,64
TJRJ,Recuperação Judicial,2025-12,7
TJRJ,Recuperação Judicial,2026-01,10
TJRJ,Recuperação Judicial,2026-02,7
TJRJ,Recuperação Judicial,2026-03,14
TJRJ,Recuperação Judicial,2026-04,12
TJRJ,Recuperação Judicial,2026-05,9
TJRJ,Recuperação Judicial,2026-06,8
TJRS,"Falência de Empresários, Sociedades Empresáriais, Microempresas e Empresas de Pequeno Porte",2024-08,2
TJRS,"Falência de Empresários, Sociedades Empresáriais, Microempresas e Empresas de Pequeno Porte",2024-09,10
TJRS,"Falência de Empresários, Sociedades Empresáriais, Microempresas e Empresas de Pequeno Porte",2024-10,10
TJRS,"Falência de Empresários, Sociedades Empresáriais, Microempresas e Empresas de Pequeno Porte",2024-11,9
TJRS,"Falência de Empresários, Sociedades Empresáriais, Microempresas e Empresas de Pequeno Porte",2024-12,5
TJRS,"Falência de Empresários, Sociedades Empresáriais, Microempresas e Empresas de Pequeno Porte",2025-01,7
TJRS,"Falência de Empresários, Sociedades Empresáriais, Microempresas e Empresas de Pequeno Porte",2025-02,11
TJRS,"Falência de Empresários, Sociedades Empresáriais, Microempresas e Empresas de Pequeno Porte",2025-03,8
TJRS,"Falência de Empresários, Sociedades Empresáriais, Microempresas e Empresas de Pequeno Porte",2025-04,16
TJRS,"Falência de Empresários, Sociedades Empresáriais, Microempresas e Empresas de Pequeno Porte",2025-05,7
TJRS,"Falência de Empresários, Sociedades Empresáriais, Microempresas e Empresas de Pequeno Porte",2025-06,4
TJRS,"Falência de Empresários, Sociedades Empresáriais, Microempresas e Empresas de Pequeno Porte",2025-07,10
TJRS,"Falência de Empresários, Sociedades Empresáriais, Microempresas e Empresas de Pequeno Porte",2025-08,6
TJRS,"Falência de Empresários, Sociedades Empresáriais, Microempresas e Empresas de Pequeno Porte",2025-09,9
TJRS,"Falência de Empresários, Sociedades Empresáriais, Microempresas e Empresas de Pequeno Porte",2025-10,4
TJRS,"Falência de Empresários, Sociedades Empresáriais, Microempresas e Empresas de Pequeno Porte",2025-11,14
TJRS,"Falência de Empresários, Sociedades Empresáriais, Microempresas e Empresas de Pequeno Porte",2025-12,12
TJRS,"Falência de Empresários, Sociedades Empresáriais, Microempresas e Empresas de Pequeno Porte",2026-01,6
TJRS,"Falência de Empresários, Sociedades Empresáriais, Microempresas e Empresas de Pequeno Porte",2026-02,6
TJRS,"Falência de Empresários, Sociedades Empresáriais, Microempresas e Empresas de Pequeno Porte",2026-03,9
TJRS,"Falência de Empresários, Sociedades Empresáriais, Microempresas e Empresas de Pequeno Porte",2026-04,13
TJRS,"Falência de Empresários, Sociedades Empresáriais, Microempresas e Empresas de Pequeno Porte",2026-05,11
TJRS,"Falência de Empresários, Sociedades Empresáriais, Microempresas e Empresas de Pequeno Porte",2026-06,14
TJRS,Recuperação Judicial,2024-08,4
TJRS,Recuperação Judicial,2024-09,5
TJRS,Recuperação Judicial,2024-10,5
TJRS,Recuperação Judicial,2024-11,5
TJRS,Recuperação Judicial,2024-12,6
TJRS,Recuperação Judicial,2025-01,8
TJRS,Recuperação Judicial,2025-02,8
TJRS,Recuperação Judicial,2025-03,12
TJRS,Recuperação Judicial,2025-04,12
TJRS,Recuperação Judicial,2025-05,9
TJRS,Recuperação Judicial,2025-06,13
TJRS,Recuperação Judicial,2025-07,17
TJRS,Recuperação Judicial,2025-08,7
TJRS,Recuperação Judicial,2025-09,10
TJRS,Recuperação Judicial,2025-10,18
TJRS,Recuperação Judicial,2025-11,11
TJRS,Recuperação Judicial,2025-12,12
TJRS,Recuperação Judicial,2026-01,8
TJRS,Recuperação Judicial,2026-02,9
TJRS,Recuperação Judicial,2026-03,9
TJRS,Recuperação Judicial,2026-04,13
TJRS,Recuperação Judicial,2026-05,6
TJRS,Recuperação Judicial,2026-06,18
TJSP,"Falência de Empresários, Sociedades Empresáriais, Microempresas e Empresas de Pequeno Porte",2024-08,31
TJSP,"Falência de Empresários, Sociedades Empresáriais, Microempresas e Empresas de Pequeno Porte",2024-09,43
TJSP,"Falência de Empresários, Sociedades Empresáriais, Microempresas e Empresas de Pequeno Porte",2024-10,64
TJSP,"Falência de Empresários, Sociedades Empresáriais, Microempresas e Empresas de Pequeno Porte",2024-11,43
TJSP,"Falência de Empresários, Sociedades Empresáriais, Microempresas e Empresas de Pequeno Porte",2024-12,38
TJSP,"Falência de Empresários, Sociedades Empresáriais, Microempresas e Empresas de Pequeno Porte",2025-01,32
TJSP,"Falência de Empresários, Sociedades Empresáriais, Microempresas e Empresas de Pequeno Porte",2025-02,40
TJSP,"Falência de Empresários, Sociedades Empresáriais, Microempresas e Empresas de Pequeno Porte",2025-03,30
TJSP,"Falência de Empresários, Sociedades Empresáriais, Microempresas e Empresas de Pequeno Porte",2025-04,43
TJSP,"Falência de Empresários, Sociedades Empresáriais, Microempresas e Empresas de Pequeno Porte",2025-05,48
TJSP,"Falência de Empresários, Sociedades Empresáriais, Microempresas e Empresas de Pequeno Porte",2025-06,42
TJSP,"Falência de Empresários, Sociedades Empresáriais, Microempresas e Empresas de Pequeno Porte",2025-07,49
TJSP,"Falência de Empresários, Sociedades Empresáriais, Microempresas e Empresas de Pequeno Porte",2025-08,44
TJSP,"Falência de Empresários, Sociedades Empresáriais, Microempresas e Empresas de Pequeno Porte",2025-09,61
TJSP,"Falência de Empresários, Sociedades Empresáriais, Microempresas e Empresas de Pequeno Porte",2025-10,52
TJSP,"Falência de Empresários, Sociedades Empresáriais, Microempresas e Empresas de Pequeno Porte",2025-11,64
TJSP,"Falência de Empresários, Sociedades Empresáriais, Microempresas e Empresas de Pequeno Porte",2025-12,55
TJSP,"Falência de Empresários, Sociedades Empresáriais, Microempresas e Empresas de Pequeno Porte",2026-01,51
TJSP,"Falência de Empresários, Sociedades Empresáriais, Microempresas e Empresas de Pequeno Porte",2026-02,67
TJSP,"Falência de Empresários, Sociedades Empresáriais, Microempresas e Empresas de Pequeno Porte",2026-03,75
TJSP,"Falência de Empresários, Sociedades Empresáriais, Microempresas e Empresas de Pequeno Porte",2026-04,61
TJSP,"Falência de Empresários, Sociedades Empresáriais, Microempresas e Empresas de Pequeno Porte",2026-05,71
TJSP,"Falência de Empresários, Sociedades Empresáriais, Microempresas e Empresas de Pequeno Porte",2026-06,74
TJSP,Recuperação Judicial,2024-09,15
TJSP,Recuperação Judicial,2024-10,27
TJSP,Recuperação Judicial,2024-11,13
TJSP,Recuperação Judicial,2024-12,24
TJSP,Recuperação Judicial,2025-01,18
TJSP,Recuperação Judicial,2025-02,16
TJSP,Recuperação Judicial,2025-03,21
TJSP,Recuperação Judicial,2025-04,19
TJSP,Recuperação Judicial,2025-05,19
TJSP,Recuperação Judicial,2025-06,24
TJSP,Recuperação Judicial,2025-07,16
TJSP,Recuperação Judicial,2025-08,26
TJSP,Recuperação Judicial,2025-09,22
TJSP,Recuperação Judicial,2025-10,29
TJSP,Recuperação Judicial,2025-11,24
TJSP,Recuperação Judicial,2025-12,28
TJSP,Recuperação Judicial,2026-01,20
TJSP,Recuperação Judicial,2026-02,27
TJSP,Recuperação Judicial,2026-03,26
TJSP,Recuperação Judicial,2026-04,32
TJSP,Recuperação Judicial,2026-05,46
TJSP,Recuperação Judicial,2026-06,35
