DENOM_SOCIAL,CNPJ,DT_COMPTC,pl_ant,VL_PL,var
ALEPO FUNDO DE INVESTIMENTO EM DIREITOS CREDITÓRIOS NÃO PADRONIZADO,36886028000115,2025-11-30,211286044.57,9172898760.17,42.41459834149614
HIGH TOWER FUNDO DE INVESTIMENTO EM DIREITOS CREDITÓRIOS  NÃO-PADRONIZADOS,51152102000163,2026-03-31,338667967.9,3970239020.89,10.723101672438979
CONSIGNADO DELTA RECEIVABLES I FUNDO DE INVESTIMENTO EM DIREITOS CREDITÓRIOS,54871427000194,2025-12-31,148018669.38,711424217.11,3.8063140959847486
GSR FUNDO DE INVESTIMENTO EM DIREITOS CREDITÓRIOS NÃO PADRONIZADOS,53029409000105,2025-10-31,730118280.43,3200561295.86,3.383620273108411
ATLANTIS FUNDO DE INVESTIMENTO EM DIREITOS CREDITÓRIOS RESPONSABILIDADE LIMITADA,63977188000142,2026-07-31,162751803.35,642794721.39,2.94953977872467
FUNDO DE INVESTIMENTO EM DIREITOS CREDITÓRIOS METEORO - RESP LTDA,54836930000109,2026-03-31,135135583.62,525646636.98,2.8897722043226857
FUNDO DE INVESTIMENTO EM DIREITOS CREDITÓRIOS AGRO CITI-SYNGENTA RESPONSABILIDADE LIMITADA,46073195000109,2025-11-30,100225614.16,379246043.34,2.7839233664816687
PAN AUTO FUNDO DE INVESTIMENTO EM DIREITOS CREDITÓRIOS RESPONSABILIDADE LIMITADA,65473848000183,2026-04-30,1180046836.2,4322514145.64,2.663002190285437
CONSIGNADO DELTA RECEIVABLES I FUNDO DE INVESTIMENTO EM DIREITOS CREDITÓRIOS,54871427000194,2026-02-28,721446773.56,2558156483.21,2.5458700169753383
FUNDO DE INVESTIMENTO EM DIREITOS CREDITÓRIOS CLUBCARD VAREJO - RESPONSABILIDADE LIMITADA,26142862000142,2026-05-31,707408922.88,2450727770.21,2.464372148760307
TAMBASA FUNDO DE INVESTIMENTO EM DIREITOS CREDITÓRIOS,50327909000127,2025-10-31,141724666.22,478810577.23,2.378456199619759
MAROBÁ FUNDO DE INVESTMENTO EM DIREITOS CREDITÓRIOS RESPONSABILIDADE LIMITADA,61285603000171,2026-06-30,1354307152.86,4467343585.25,2.298619206002087
MONTENEGRO FUNDO DE INVESTIMENTO EM DIREITOS CREDITÓRIOS,42449510000190,2025-12-31,630786269.37,1987886464.27,2.1514421933365933
ITAL FUNDO DE INVESTIMENTO EM DIREITOS CREDITÓRIOS NÃO PADRONIZADOS RESPONSABILIDADE ILIMITADA,55720253000121,2025-08-31,703502203.32,2181596758.84,2.101051778579382
DUMONT FUNDO DE INVESTIMENTO FINANCEIRO RENDA FIXA,60127668000126,2025-09-30,106782757.19,328240721.05,2.07391127264074
FUNDO DE INVESTIMENTO EM COTAS DE FIDC GUARDIAN I DE RESPONSABILIDADE LIMITADA,49311267000199,2026-05-31,112360540.69,339648745.02,2.0228471929223146
ERYTHRINA FIDC SEGMENTO INFRAESTRUTURA E AGRONEGÓCIO DE RESPONSABILIDADE LIMITADA,65505678000171,2026-04-30,199971080.33,582666190.06,1.9137522740711388
ITAL FUNDO DE INVESTIMENTO EM DIREITOS CREDITÓRIOS NÃO PADRONIZADOS RESPONSABILIDADE ILIMITADA,55720253000121,2026-07-31,2302518318.66,6458561287.11,1.80499887222122
FUNDO DE INVESTIMENTO EM DIREITOS CREDITÓRIOS METEORO - RESP LTDA,54836930000109,2026-05-31,569060025.79,1581155876.63,1.7785397057805175
GALAPAGOS SPECIAL OPPORTUNITIES INFRA FUNDO DE INVESTIMENTO EM DIREITOS CREDITÓRIOS RESP LIMITADA,60696539000159,2025-08-31,112159677.4,309618069.75,1.7605114148625396
SIFRA LP FUNDO DE INVESTIMENTO EM DIREITOS CREDITÓRIOS,41351629000163,2026-05-31,115896790.59,291184497.92,1.512446603893486
PAN CONSIGNADO FUNDO DE INVESTIMENTO EM DIREITOS CREDITÓRIOS RESPONSABILIDADE LIMITADA,66737102000100,2026-07-31,1016603043.91,2506909736.21,1.4659671749241165
CHELSEA FUNDO DE INVESTIMENTO EM DIREITOS CREDITÓRIOS,61289212000125,2025-09-30,160925189.1,395996445.67,1.4607486738693543
CIB-K FUNDO DE INVESTIMENTO EM DIREITOS CREDITÓRIOS NÃO PADRONIZADOS,48357568000190,2025-10-31,591314819.0,1437500084.57,1.4310232694675626
MT CP III FUNDO DE INVESTIMENTO EM DIREITOS CREDITÓRIOS RESPONSABILIDADE LIMITADA,62274607000117,2025-10-31,363383537.79,882276428.32,1.427948260082902
PAN AUTO FUNDO DE INVESTIMENTO EM DIREITOS CREDITÓRIOS RESPONSABILIDADE LIMITADA,65473848000183,2026-06-30,7730070570.38,17971763062.82,1.3249157817114896
FIDC RANDONCORP SEGMENTO RECEBÍVEIS COMERCIAIS RESPONSABILIDADE LIMITADA,62690693000149,2025-12-31,103404886.39,237991224.05,1.3015471740126148
JIVE ALM II FUNDO DE INVESTIMENTO EM DIREITOS  CREDITÓRIOS DE RESPONSABILIDADE ILIMITADA,66732467000134,2026-07-31,220962424.24,490387672.92,1.2193260895226317
FUNDO DE INVESTIMENTO EM COTAS DE FIDC SÊNIOR EXODUS INSTITUCIONAL - RESPONSABILIDADE LIMITADA,61385893000125,2026-04-30,242617639.82,533719934.76,1.1998397773384126
FUNDO DE INVESTIMENTO EM DIREITOS CREDITÓRIOS CREDITAS AUTO XII,59929098000109,2025-07-31,131378534.02,288151223.77,1.1932899915456066
JEITTO FUNDO DE INVESTIMENTO EM DIREITOS CREDITÓRIOS  GUARDIAN RESPONSABILIDADE LIMITADA,61157943000117,2025-11-30,105934172.47,228247245.09,1.1546139434339606
FUNDO DE INVESTIMENTO EM DIREITOS CREDITÓRIOS F ACB - FINANCEIRO,14330038000137,2025-12-31,946900308.43,2016593695.33,1.129678993001487
AMETISTA III FUNDO DE INVESTIMENTOS EM DIREITOS CREDITÓRIOS - RESPONSABILIDADE LIMITADA,66057868000136,2026-05-31,134525114.1,284249379.47,1.112983745612746
MONEE II FUNDO DE INVESTIMENTO EM DIREITOS CREDITÓRIOS SEGMENTO FINANCEIRO - RESP. LIMITADA,58152340000118,2026-02-28,181660677.54,379969174.84,1.0916423960619341
PÁTRIA INFRA CRÉDITO FUNDO DE INVESTIMENTO EM DIREITOS CREDITÓRIOS - RESPONSABILIDADE LIMITADA,48905593000161,2025-09-30,108676015.02,226733308.75,1.0863233594668844
WH CONSIGNADO PÚBLICO FUNDO DE INVESTIMENTO EM DIREITOS CREDITÓRIOS - RESPONSABILIDADE LIMITADA,60290928000180,2026-07-31,107958427.97,224256105.45,1.0772450068679893
FUNDO DE INVESTIMENTO EM DIREITOS CREDITÓRIOS MT FGTS RECEIVABLES IV,62010175000137,2025-10-31,292750917.23,604674476.81,1.0654913143617475
ATIVOS ESPECIAIS IV A FUNDO DE INVESTIMENTO EM DIREITOS CREDITÓRIOS,55595058000117,2025-12-31,109445973.44,225688198.39,1.0620968620076807
FUNDO DE INVESTIMENTO EM DIREITOS CREDITÓRIOS CLT NOW RESPONSABILIDADE LIMITADA,62390922000100,2026-01-31,123282619.06,252521720.29,1.0483156686272301
FUNDO DE INVESTIMENTO EM DIREITOS CREDITÓRIOS LF I - SEGMENTO FINANCEIRO - RESPONSABILIDADE LIMITADA,17474548000176,2026-07-31,132131158.97,267957467.93,1.027965772939591
CONQUISTA FUNDO DE INVESTIMENTO EM COTAS DE FUNDO DE INVESTIMENTO EM DIREITOS CREDITÓRIOS,56023806000150,2026-04-30,136760852.48,277276914.46,1.0274582194531812
BIAGRO FUNDO DE INVESTIMENTO EM DIREITOS CREDITÓRIOS,62190416000177,2025-09-30,100478775.63,203210390.29,1.022421043806264
POLO CAPITAL YIELD FUNDO DE INVESTIMENTO EM DIREITOS CREDITÓRIOS - RESPONSABILIDADE LIMITADA,65813874000103,2026-07-31,107117280.42,216038124.32,1.0168372784757822
MOAB FUNDO DE INVESTIMENTO EM DIREITOS CREDITÓRIOS SEGMENTO RECEBÍVEIS COMERCIAIS,60487508000198,2025-10-31,305011076.35,613072975.39,1.0100023341004807
CHELSEA FUNDO DE INVESTIMENTO EM DIREITOS CREDITÓRIOS,61289212000125,2026-06-30,339148465.9,-3224783.55,-1.0095084715817375
JUST TEC FUNDO DE INVESTIMENTO EM DIREITOS CREDITORIOS,44680409000171,2026-06-30,201005747.3,403020270.2,1.0050186405789403
GENICART FUNDO DE INVESTIMENTO EM DIREITOS CREDITÓRIOS,55345266000168,2025-12-31,139528895.2,-2226.58,-1.000015957841541
HAKKINEN FUNDO DE INVESTIMENTO EM DIREITOS CREDITÓRIOS,57270081000167,2025-12-31,447963143.58,0.0,-1.0
IPO FUNDO DE INVESTIMENTO EM DIREITOS CREDITÓRIOS - RESPONSABILIDADE LIMITADA,51749986000138,2026-01-31,130928389.61,0.0,-1.0
BTS FUNDO DE INVESTIMENTO EM DIREITOS CREDITÓRIOS,48971114000105,2025-12-31,537618377.34,0.0,-1.0
FIPER FUNDO DE INVESTIMENTO EM DIREITOS CREDITÓRIOS RESPONSABILIDADE LIMITADA,21093180000173,2025-07-31,140569869.63,0.0,-1.0
G5 SAÚDE FUNDO DE INVESTIMENTO EM DIREITOS CREDITÓRIOS,30791358000140,2026-01-31,389432907.17,0.0,-1.0
AUSTER FUNDO DE INVESTIMENTO EM DIREITOS CREDITÓRIOS,17024546000185,2026-03-31,560613312.85,0.0,-1.0
SIMPLIC FUNDO DE INVESTIMENTO EM DIREITOS CREDITÓRIOS - RESPONSABILIDADE LIMITADA,26690373000125,2025-07-31,308268619.81,0.0,-1.0
AFRICA FUNDO DE INVESTIMENTO MULTIMERCADO RESPONSABILIDADE  LIMITADA,36741133000166,2025-10-31,533778472.03,0.0,-1.0
G5 DOCAS FUNDO DE INVESTIMENTO EM DIREITOS CREDITÓRIOS,47463408000163,2025-07-31,106331248.33,0.0,-1.0
FUNDO DE INVESTIMENTO EM DIREITOS CREDITÓRIOS NEON FGTS,29242913000104,2026-03-31,170102512.88,0.0,-1.0
MIDAS FUNDO DE INVESTIMENTO EM DIREITOS CREDITÓRIOS NÃO PADRONIZADOS,46783889000121,2026-07-31,199764886.99,0.0,-1.0
GAD II FUNDO DE INVESTIMENTO EM DIREITOS CREDITÓRIOS,51067723000149,2025-09-30,167745782.58,0.0,-1.0
ATF II FUNDO DE INVESTIMENTO EM DIREITOS CREDITÓRIOS,21556756000191,2025-10-31,204377160.79,0.0,-1.0
JC 4870 IV FUNDO DE INVESTIMENTO EM DIREITOS CREDITÓRIOS NÃO-PADRONIZADOS - FIDC-NP,23954863000101,2026-05-31,2724294055.01,0.0,-1.0
BRAVANO FUNDO DE  INVESTIMENTO EM DIREITOS CREDITÓRIOS,54114034000136,2025-07-31,196112630.47,0.0,-1.0
BRAVANO FUNDO DE  INVESTIMENTO EM DIREITOS CREDITÓRIOS,54114034000136,2026-07-31,147501531.31,0.0,-1.0
BTG PACTUAL CONSIGNADOS FUNDO DE INVESTIMENTO EM DIREITOS CREDITÓRIOS,50906397000153,2026-02-28,7993466716.57,0.0,-1.0
ST 1011.A FUNDO DE INVESTIMENTO EM DIREITOS CREDITÓRIOS RESPONSABILIDADE LIMITADA,56071925000188,2026-02-28,179095992.23,0.0,-1.0
NC 2025 I FUNDO DE INVESTIMENTO  EM DIREITOS CREDITÓRIOS RESPONSABILIDADE LIMITADA,63700113000110,2026-06-30,5655088696.55,0.0,-1.0
VIP FGTS FUNDO DE INVESTIMENTO EM DIREITOS CREDITÓRIOS DE RESPONSABILIDADE LIMITADA,56972917000102,2026-02-28,117671885.01,0.0,-1.0
DBS FUNDO DE INVESTIMENTO EM DIREITOS CREDITORIOS,20093934000122,2026-05-31,119682001.73,0.0,-1.0
PLGN MARKETPLACE FUNDO DE  INVESTIMENTO EM COTAS DE FUNDO DE INVESTIMENTO EM DIREITOS CREDITÓRIOS,55563624000109,2025-12-31,328841568.84,0.0,-1.0
DBS FUNDO DE INVESTIMENTO EM DIREITOS CREDITORIOS,20093934000122,2026-07-31,119630503.72,0.0,-1.0
B-ROL FUNDO DE INVESTIMENTO EM DIREITOS CREDITÓRIOS NÃO-PADRONIZADOS,53073256000195,2025-12-31,363177329.27,0.0,-1.0
TRACTOR FUNDO DE INVESTIMENTO EM DIREITOS CREDITÓRIOS,38137103000170,2025-07-31,100870930.48,0.0,-1.0
POLÍGONO MASTER PRO III FUNDO DE INVESTIMENTO EM DIREITOS CREDITÓRIOS,59272723000192,2026-05-31,123368822.36,70252.28,-0.9994305507772864
ST 1004 FUNDO DE INVESTIMENTO EM DIREITOS CREDITÓRIOS RESPONSABILIDADE LIMITADA,52997952000125,2026-02-28,146915400.59,138733.46,-0.999055691510605
3R-POTIGUAR FUNDO DE INVESTIMENTO EM DIREITOS CREDITÓRIOS,50981701000127,2025-07-31,197009959.31,817501.16,-0.9958504576983662
FG NOW FUNDO DE INVESTIMENTO EM DIREITOS CREDITÓRIOS,43866327000153,2025-12-31,375907005.23,2505873.21,-0.9933337948611338
MT INSS RECEIVABLES VI FUNDO DE INVESTIMENTO EM DIREITOS CREDITÓRIOS RESPONSABILIDADE LIMITADA,62310468000130,2025-10-31,157898551.13,314566679.56,0.9922075111443742
FIDC BV AUTO II SEGMENTO FINANCEIRO - RESPONSABILIDADE LIMITADA,60598366000136,2025-07-31,252618316.17,502978852.45,0.9910624853960288
FUNDO DE INVESTIMENTO EM DIREITOS CREDITÓRIOS F ACB - FINANCEIRO,14330038000137,2026-01-31,2016593695.33,21909155.85,-0.9891355626566041
MIDIAN FUNDO DE INVESTIMENTO EM DIREITOS CREDITÓRIOS - RESPONSABILIDADE LIMITADA,58055083000104,2026-03-31,118893206.17,236466465.21,0.9888980441143738
FUNDO DE INVESTIMENTO EM DIREITOS CREDITÓRIOS POUPACRED II RESPONSABILIDADE LIMITADA,57377181000197,2026-01-31,110101395.7,1331807.55,-0.9879038086526273
COBUCCIO EMPRÉSTIMOS INSS FUNDO DE INVESTIMENTO EM DIREITOS CREDITÓRIOS DE CLASSE ÚNICA FECHADA,54582555000118,2025-12-31,103402832.36,1907227.46,-0.981555365395022
LATACHE II DISTRESSED FUNDO DE INVESTIMENTO EM DIREITOS CREDITORIOS NAO PADRONIZADOS,19476304000158,2025-08-31,217221244.4,5126573.1,-0.9763993014856331
CELOSIA FUNDO DE INVESTIMENTO EM DIREITOS CREDITÓRIOS RESPONSABILIDADE LIMITADA,54837785000180,2025-11-30,6430590838.92,169493074.33,-0.973642690294619
PERSEUS FUNDO DE INVESTIMENTO EM  DIREITOS CREDITÓRIOS - RESPONSABILIDADE ILIMITADA,46540487000104,2026-01-31,704310736.06,24192607.14,-0.9656506625536672
CARTÃO DE COMPRA SUPPLIER FUNDO DE INVESTIMENTO EM DIREITOS CREDITÓRIOS - RESPONSABILIDADE LIMITADA,08692888000182,2025-07-31,839720597.79,31446389.26,-0.9625513660820498
PROUST FUNDO DE INVESTIMENTO EM DIREITOS CREDITÓRIOS,52714676000140,2026-01-31,134778382.84,5655880.66,-0.9580356987461833
VERMILLION FUNDO DE INVESTIMENTO FINANCEIRO MULTIMERCADO CRÉDITO PRIVADO INVESTIMENTO NO EXTERIOR,13072143000150,2025-11-30,805678128.61,1566873705.92,0.9447886820798479
FGTS V FUNDO DE INVESTIMENTO EM DIREITOS CREDITÓRIOS,55768379000176,2025-08-31,114861325.81,223030507.8,0.9417371881021996
ORIGINAL FUNDO DE INVESTIMENTO EM DIREITOS CREDITÓRIOS,57660765000175,2025-08-31,417099363.52,24363005.06,-0.9415894456074091
AMETISTA CONSIGNADO II FUNDO DE INVESTIMENTO EM DIREITOS CREDITÓRIOS  RESPONSABILIDADE LIMITADA,52203615000119,2026-06-30,107434694.16,7565917.92,-0.9295765862307733
SG JC III FIC FIDC NP,30808119000156,2026-03-31,456658548.26,32789146.57,-0.9281976726485553
CAIXA MULTIGESTOR FIC DE FIDC RESPONSABILIDADE LIMITADA,60956871000105,2025-11-30,166293662.95,319222584.99,0.919631688466575
AGRO FLEX FUNDO DE INVESTIMENTO EM DIREITOS CREDITÓRIOS,47228232000165,2025-11-30,1398867045.68,2681038820.04,0.9165787258479066
GUARDIAN CONSIGNADO FEDERAL FIDC RESP LIMITADA,62159963000190,2026-02-28,138458486.25,11806582.42,-0.9147283583710276
HIGH TOWER FUNDO DE INVESTIMENTO EM DIREITOS CREDITÓRIOS  NÃO-PADRONIZADOS,51152102000163,2026-01-31,3970773082.73,338700899.66,-0.914701522196495
FUNDO DE INVESTIMENTO EM DIREITOS CREDITÓRIOS ALTERNATIVE ASSETS III RESPONSABILIDADE LIMITADA,29225241000110,2026-03-31,2998409517.32,5736276002.57,0.913106254977847
JIVEMAUÁ BOSSANOVA CRÉDITO SECURITIZADO II FUNDO DE INVESTIMENTO EM DIREITOS CREDITÓRIOS,64118207000148,2026-03-31,191946978.12,366956280.75,0.9117585717894916
FUNDO DE INVESTIMENTO EM DIREITOS CREDITÓRIOS - FORNECEDORES I DE RESPONSABILIDADE LIMITADA,08987105000198,2026-01-31,112108372.98,9930335.28,-0.9114220016218453
BTG EMPRESAS FUNDO DE INVESTIMENTO EM DIREITOS CREDITÓRIOS,55521594000178,2026-03-31,619909150.89,55234990.44,-0.9108982495891544
G5 SAÚDE II FUNDO DE INVESTIMENTO EM DIREITOS CREDITÓRIOS,64082064000161,2026-06-30,401647267.19,37067210.99,-0.907712029887993
FÊNIX  FUNDO  DE INVESTIMENTO EM DIREITOS CREDITÓRIOS NÃO-PADRONIZADOS  RESPONSABILIDADE  LIMITADA,55706529000117,2025-10-31,809113789.14,81810588.3,-0.8988886490403831
KRISPY  FUNDO DE INVESTIMENTO EM DIREITOS CREDITÓRIOS,59385783000111,2026-02-28,408233749.43,42797531.69,-0.8951641510537617
FUNDO DE INVESTIMENTO EM DIREITOS CREDITÓRIOS PAGBEM,31368761000124,2026-06-30,104015015.1,11427278.28,-0.8901381856358545
AMETISTA III FUNDO DE INVESTIMENTOS EM DIREITOS CREDITÓRIOS - RESPONSABILIDADE LIMITADA,66057868000136,2026-06-30,284249379.47,534286867.95,0.8796412817020385
CONSIGA MAIS FUNDO DE INVESTIMENTO EM DIREITOS CREDITÓRIOS,23521077000102,2025-09-30,286023473.53,36208516.44,-0.8734071858049712
FUNDO DE INVESTIMENTO EM DIREITOS CREDITÓRIOS - MEUCASHCARD,34508357000105,2026-05-31,143650414.54,18695571.38,-0.8698536900163685
M CREDIT FUNDO DE INVESTIMENTO EM DIREITOS CREDITÓRIOS,41265819000168,2026-01-31,122379806.01,15950987.03,-0.8696599745492601
GUARDIAN FUTURO V FUNDO DE  INVESTIMENTO EM DIREITOS CREDITÓRIOS RESPONSABILIDADE LIMITADA,62363602000160,2025-12-31,102605702.44,191614606.97,0.8674849683140087
AUGME LVG FUNDO DE INVESTIMENTO EM DIREITOS CREDITÓRIOS RESPONSABILIDADE LIMITADA,59764569000176,2025-12-31,153714721.7,286830649.45,0.8659933562498849
FACIO 4 FUNDO DE INVESTIMENTO EM DIREITOS CREDITÓRIOS FINANCEIROS DE RESPONSABILIDADE LIMITADA,62627291000108,2026-01-31,113256000.58,210833732.16,0.8615678734927124
FUNDO DE INVESTIMENTO EM DIREITOS CREDITÓRIOS ASAAS III - RESPONSABILIDADE LIMITADA,61292200000150,2026-05-31,112796518.43,209602842.1,0.858238578791567
CLASSE INSS DO MT GLOBAL FUNDO DE INVESTIMENTO EM DIREITOS CREDITÓRIOS RESPONSABILIDADE LIMITADA,63953769000144,2026-03-31,276560612.53,513672636.04,0.8573600605700107
MAROBÁ FUNDO DE INVESTMENTO EM DIREITOS CREDITÓRIOS RESPONSABILIDADE LIMITADA,61285603000171,2025-12-31,8529609659.07,1271437962.28,-0.8509383180356899
V3 FIDC MULTICARTEIRA - NP,08611414000169,2025-07-31,922581212.55,145002649.22,-0.8428293929601981
REAG CONSIG PÚBLICO FUNDO DE INVESTIMENTO EM DIREITOS CREDITÓRIOS,56049721000140,2025-09-30,139306120.15,22055479.48,-0.8416761628545004
SERIGY FUNDO DE INVESTIMENTO EM DIREITOS CREDITÓRIOS RESPONSABILIDADE LIMITADA,55261422000102,2025-12-31,411001012.05,66248319.25,-0.8388122722142091
MRV PRÓ  SOLUTO I FUNDO DE INVESTIMENTO EM DIREITOS CREDITÓRIOS IMOBILIÁRIOS DE RESP LIMITADA,62790827000101,2025-12-31,203220055.4,372502357.65,0.8329999808178379
FUNDO DE INVESTIMENTO EM DIREITOS CREDITÓRIOS ABERTO EAN,22235997000100,2026-07-31,308493277.57,564413740.21,0.829581975516239
JC DIVERSIFICADO III FUNDO DE INVESTIMENTO EM DIREITOS CREDITORIOS NAO-PADRONIZADOS,29109350000172,2026-03-31,2906470923.01,516750254.97,-0.8222069758623827
MT II FIC DE FUNDOS DE INVESTIMENTO EM DIREITOS CREDITÓRIOS CONSIGNADOS DE RESPONSABILIDADE LIMITADA,60026073000184,2026-06-30,115305428.97,210106796.59,0.8221760975770298
CLOUDWALK BELA FUNDO DE INVESTIMENTO EM DIREITOS CREDITÓRIOS SEGMENTO MEIOS DE PAGAMENTO,62393679000183,2026-03-31,4371371047.48,7939779760.04,0.8163133885916891
DIGITAL STRATEGY FUNDO DE INVESTIMENTO EM DIREITOS CREDITÓRIOS -  RESPONSABILIDADE LIMITADA,42556334000196,2025-09-30,102297947.81,20442296.83,-0.8001690428045743
DUBLIN FUNDO DE INVESTIMENTO EM DIREITOS CREDITÓRIOS NÃO-PADRONIZADOS,31544287000144,2026-03-31,352596130.49,70518034.8,-0.8000033786474013
MARNE FUNDO DE INVESTIMENTO EM DIREITOS CREDITÓRIOS NÃO - PADRONIZADOS,61432674000150,2026-06-30,2229959712.55,446717388.73,-0.7996746819164862
HOD MULTIPLICA 90 FUNDO DE INVESTIMENTO EM COTAS DE FUNDO DE  INVESTIMENTO EM DIREITOS CREDITÓRIOS,27500576000174,2026-07-31,137782957.98,28561851.29,-0.7927040346009561
FUNDO DE INVESTIMENTO EM DIREITOS CREDITÓRIOS BLUE II SEGMENTO CRÉDITO CORPORATIVO DE RESP LTDA,55374251000128,2025-07-31,221723583.33,46135398.27,-0.7919238108228891
G VALUE FUNDO DE INVESTIMENTO EM DIREITOS CREDITÓRIOS NÃO PADRONIZADO,40211675000102,2025-09-30,222157141.64,397349687.53,0.7885974072078001
PAN AUTO FUNDO DE INVESTIMENTO EM DIREITOS CREDITÓRIOS RESPONSABILIDADE LIMITADA,65473848000183,2026-05-31,4322514145.64,7730070570.38,0.788327420091177
CLOUDWALK AKIRA II FIDC SEGMENTO MEIOS DE PAGAMENTO,44124617000194,2025-12-31,323357615.43,70027256.36,-0.7834371203323046
CJP FIDC-NP CRÉDITOS JUDICIAIS E PRECATÓRIOS,11375619000105,2026-05-31,1348810833.3,294813935.66,-0.7814267735834325
BTG EMPRESAS FUNDO DE INVESTIMENTO EM DIREITOS CREDITÓRIOS,55521594000178,2025-08-31,7526255265.98,1654308384.72,-0.7801950204641921
QUATÁ FDC FGTS FUNDO DE INVESTIMENTO EM DIREITOS CREDITÓRIOS,55401645000128,2025-09-30,162795484.68,288707307.36,0.7734355957568442
FUNDO DE INVESTIMENTO EM DIREITOS CREDITÓRIOS CREDITAS CONSIGNADO,34096044000189,2025-11-30,197694418.06,46229430.34,-0.7661571287967806
FUNDO DE INVESTIMENTO EM DIREITOS CREDITÓRIOS FICTOR,52270934000147,2026-05-31,200309579.99,47375039.95,-0.7634908926853868
BTG PACTUAL APOLO I FIC DE FUNDOS DE INVESTIMENTO EM DIREITOS CREDITÓRIOS RESPONSABILIDADE LIMITADA,60571420000150,2025-07-31,255676325.68,450620670.03,0.7624653703526265
ORION FUNDO DE INVESTIMENTO EM DIREITOS CREDITÓRIOS RESPONDABILIDADE LIMITADA,50995214000113,2025-09-30,114673689.55,202077727.11,0.762197831978626
SG II A FUNDO DE INVESTIMENTO EM DIREITOS CREDITÓRIOS NÃO-PADRONIZADOS,20403406000122,2025-12-31,294349961.03,70209484.98,-0.7614761533029579
LAVORO AGRO II FIAGRO - DIREITOS CREDITÓRIOS - RESPONSABILIDADE LIMITADA,55476342000174,2025-07-31,341386363.98,83399949.29,-0.755702165963237
FUNDO DE INVESTIMENTO EM DIREITOS CREDITÓRIOS - PAGBANK MULTIADQUIRÊNCIA - RESPONSABILIDADE LIMITADA,55167862000103,2025-11-30,117751932.24,206213154.87,0.7512507094125627
CLASSE ÚNICA FUNDO DE INVESTIMENTO EM DIREITOS CREDITÓRIOS AGRO CITI-BAYER RESPONSABILIDADE LIMITADA,44302112000172,2025-11-30,605815776.87,1060252569.09,0.7501237332706774
JIVEMAUÁ BOSSANOVA SECURITIZADO MASTER II FIDC CRED PRIV RESP LIMITADA,64447452000107,2026-04-30,109836788.35,192165299.15,0.7495531509684752
FUNDO DE INVESTIMENTO EM DIREITOS CREDITORIOS CCS ASSET II - RESPONSABILIDADE LIMITADA,37294908000165,2026-03-31,213982039.26,373710169.42,0.7464557806457837
DUBLIN FUNDO DE INVESTIMENTO EM DIREITOS CREDITÓRIOS NÃO-PADRONIZADOS,31544287000144,2025-12-31,298879818.65,521433673.41,0.7446265718617133
SOLIS BELLATRIX FUNDO DE INVESTIMENTO EM COTAS DE FUNDOS DE INVESTIMENTO EM DIREITOS CREDITÓRIOS,52337930000139,2026-02-28,107022708.06,27368928.64,-0.7442698924731357
ICRED INSS III FUNDO DE INVESTIMENTO EM DIREITOS CREDITÓRIOS RESPONSABILIDADE LIMITADA,65347578000164,2026-05-31,378077749.15,659285879.43,0.7437838669750236
LAVORO AGRO FIAGRO - DIREITOS CREDITÓRIOS - RESPONSABILIDADE LIMITADA,44272584000120,2025-07-31,150207644.41,38878763.29,-0.7411665468644306
FUNDO DE INVESTIMENTO EM DIREITOS CREDITÓRIOS PRECATÓRIOS SELECIONADOS I,09236210000158,2025-08-31,213573603.03,56756003.81,-0.734255530623662
FUNDO DE INVESTIMENTO EM DIREITOS CREDITÓRIOS MUSTANG MULTICARTEIRA - RESPONSABILIDADE LIMITADA,22802113000143,2025-12-31,207382576.37,358997866.99,0.7310898209186907
FIDC UP.P CONSIGNADO PRIVADO - RESP LIMITADA,62339527000100,2025-12-31,104810610.85,180970666.83,0.7266445196946396
FACIO FUNDO DE INVESTIMENTO EM DIREITOS CREDITÓRIOS FINANCEIROS DE RESPONSABILIDADE LIMITADA,51119641000109,2026-01-31,144641137.84,39750510.83,-0.725178386843365
DIRECIONAL RECEBÍVEIS FUNDO DE  INVESTIMENTO EM DIREITOS CREDITÓRIOS FINANCEIROS DE  RESP LTDA,62729814000119,2025-12-31,128615716.7,221322075.83,0.7208011704062605
MONARCA FI EM COTAS DE FUNDOS DE INVESTIMENTO EM DIREITOS  CREDITÓRIOS RESPONSABILIDADE LIMITADA,45721977000136,2026-07-31,183428652.55,51274261.16,-0.7204675472059995
D365 FUNDO DE INVESTIMENTO EM DIREITOS CREDITÓRIOS,46450551000158,2025-11-30,269197111.53,75805926.9,-0.7183999246160113
CHEMICAL XII - FUNDO DE INVESTIMENTO EM DIREITOS CREDITÓRIOS - INDÚSTRIA PETROQUÍMICA,46711630000175,2026-07-31,116020959.44,34351191.77,-0.7039225331715633
FUNDO DE INVESTIMENTO EM DIREITOS CREDITÓRIOS METEORO - RESP LTDA,54836930000109,2026-06-30,1581155876.63,2688587997.05,0.7003940198358733
ENERGY 21 - FUNDO DE INVESTIMENTO EM DIREITOS CREDITÓRIOS,27983569000170,2025-10-31,140175139.14,237904027.69,0.6971913075997966
MT CONSIGNADO PRIVADO II FUNDO DE INVESTIMENTO EM DIREITOS CREDITÓRIOS RESPONSABILIDADE LIMITADA,58458416000138,2025-07-31,304840112.06,516746883.21,0.6951407074285931
G5 FUNDO DE INVESTIMENTO EM DIREITOS CREDITÓRIOS TG,59286643000196,2025-07-31,108447408.86,33302429.77,-0.6929163165807704
JC PLÁSTICOS FUNDO DE INVESTIMENTO EM DIREITOS CREDITORIOS NAO-PADRONIZADOS - FIDC - NP,23798073000176,2025-12-31,478521597.37,809780208.91,0.6922542542711314
IOX REAL FUNDO DE INVESTIMENTO EM DIREITOS CREDITÓRIOS,52298532000150,2026-05-31,173367951.62,293071939.14,0.6904620283129119
LABRADOR FUNDO DE INVESTIMENTO EM DIREITOS CREDITÓRIOS,21917325000103,2026-02-28,101993590.98,172205128.55,0.6883916616267374
BYX MOZART FUNDO DE INVESTIMENTO EM DIREITOS CREDITÓRIOS - CRÉDITO CONSIGNADO RESP. LIMITADA,61188091000125,2025-10-31,211149210.27,356465392.62,0.6882156090670752
ASA FUNDO DE INVESTIMENTO EM COTAS DE FUNDO DE INVESTIMENTO EM DIREITOS CREDITÓRIOS 90 II RESP LIM,56924025000136,2025-12-31,133679823.06,225269748.95,0.6851439790497877
MONTENEGRO FUNDO DE INVESTIMENTO EM DIREITOS CREDITÓRIOS,42449510000190,2025-11-30,1988426802.7,630786269.37,-0.6827711895084686
SDG II FUNDO DE INVESTIMENTO EM DIREITOS CREDITORIOS NAO PADRONIZADOS,46909301000133,2025-11-30,1245552799.75,2090415301.31,0.6783032415242258
D365 FUNDO DE INVESTIMENTO EM DIREITOS CREDITÓRIOS,46450551000158,2025-10-31,816096945.05,269197111.53,-0.6701407680021312
JEITTO FUNDO DE INVESTIMENTO EM DIREITOS CREDITÓRIOS,36017588000133,2026-01-31,210301915.9,69439673.04,-0.6698096032894962
MT INSS RECEIVABLES VI FUNDO DE INVESTIMENTO EM DIREITOS CREDITÓRIOS RESPONSABILIDADE LIMITADA,62310468000130,2026-01-31,569249685.6,948681843.78,0.6665478572554173
MONEE FUNDO DE INVESTIMENTO EM COTAS DE FUNDOS DE INVESTIMENTO EM DIREITOS CREDITÓRIOS RESP LIMITADA,58900579000129,2025-07-31,457588478.97,761987528.01,0.6652244604697679
FRIMESA FUNDO DE INVESTIMENTO EM DIREITOS CREDITÓRIOS DE RESPONSABILIDADE LIMITADA,58171340000165,2025-12-31,204601532.01,340446721.79,0.6639500127172095
BACO FUNDO DE INVESTIMENTO EM DIREITOS CREDITÓRIOS,58073424000166,2025-09-30,182626094.76,62276895.17,-0.658992351274653
TRÊS TENTOS FIAGRO RESPONSABILIDADE LIMITADA,57259989000170,2025-07-31,124427674.78,42510117.89,-0.6583547995639881
FUNDO DE INVESTIMENTO EM DIREITOS CREDITÓRIOS LIVERPOOL RESPONSABILIDADE LIMITADA,43309233000183,2025-07-31,225741890.29,77961168.31,-0.6546446554077892
IA FUNDO DE INVESTIMENTO EM DIREITOS CREDITÓRIOS - RESPONSABILIDADE LIMITADA,48997793000191,2025-07-31,206420080.03,341387541.68,0.6538485094588886
MCP FUNDO DE INVESTIMENTO EM DIREITOS CREDITÓRIOS DE RESPONSABILIDADE LIMITADA,62682486000142,2026-04-30,182411666.16,300800038.17,0.6490175464224817
BTG EMPRESAS FUNDO DE INVESTIMENTO EM DIREITOS CREDITÓRIOS,55521594000178,2025-10-31,1675803583.58,593319829.67,-0.645949062596884
GUARDIAN MULTI CONSIGNADO VII FUNDO DE INVESTIMENTO EM DIREITOS CREDITÓRIOS RESP LIMITADA,54065359000176,2026-02-28,194580304.67,69109822.89,-0.6448262170870409
JIVE ALM CP FIDC DE RESP ILIMITADA,61641236000100,2026-02-28,107410797.0,176348037.71,0.6418092280797434
BRADESCO FARMTECH PLUS - FUNDO DE INVESTIMENTO NAS CADEIAS PRODUTIVAS DO AGRONEGÓCIO - RESP LTDA,58476520000155,2025-12-31,186456827.83,305840239.68,0.6402737472228506
IA FUNDO DE INVESTIMENTO EM DIREITOS CREDITÓRIOS - RESPONSABILIDADE LIMITADA,48997793000191,2025-08-31,341387541.68,559944796.63,0.6402027850063283
RESIDENCE CLUB FUNDO DE INVESTIMENTO EM DIREITOS CREDITÓRIOS,43193260000133,2026-05-31,266558110.2,436211634.46,0.6364598103306931
051 CRÉDITO 90 FI EM COTAS DE FUNDOS DE INVEST EM DIREITOS CREDITÓRIOS RESPONSABILIDADE LIMITADA,56285762000136,2026-06-30,102905955.64,37670112.48,-0.6339365176124223
REN30 FUNDO DE INVESTIMENTO EM COTAS DE FIDC RESP LIMITADA,36847007000190,2026-03-31,241393941.7,393162336.31,0.6287166676229805
FUNDO DE INVESTIMENTO EM DIREITOS CREDITÓRIOS SOMACRED VEGA SICÍLIA ASSISTÊNCIA FINANCEIRA RESP LTDA,63845478000132,2026-02-28,119176957.74,192526352.92,0.6154662492729612
LARCA AURORA FUNDO DE INVESTIMENTO  EM DIREITOS CREDITÓRIOS CONSIGNADO DE RESPONSABILIDADE  LIMITADA,63168433000170,2025-12-31,101288803.58,163615814.59,0.6153395914166646
BTG PACTUAL APOLO FUNDO DE INVESTIMENTO EM DIREITOS CREDITÓRIOS RESPONSABILIDADE LIMITADA,60570464000165,2025-07-31,287426996.35,462989312.96,0.610806635561183
PROUST FUNDO DE INVESTIMENTO EM DIREITOS CREDITÓRIOS,52714676000140,2025-08-31,244139291.3,95538098.11,-0.6086738123909676
CLASSE FGTS RECEIVABLES DO MT GLOBAL FUNDO DE INVESTIMENTO EM DIREITOS CREDITÓRIOS RESPONSABILIDADE,63953902000162,2026-05-31,348664490.94,560322539.47,0.6070536404764637
TAMBASA FUNDO DE INVESTIMENTO EM DIREITOS CREDITÓRIOS,50327909000127,2025-11-30,478810577.23,768963174.27,0.6059861891911029
JC 4870 V FUNDO DE INVESTIMENTO EM DIREITOS CREDITÓRIOS NÃO PADRONIZADOS - FIDC-NP,26471075000144,2026-03-31,340336967.78,134137221.79,-0.6058693750932495
REAG MASTER FEEDER FUNDO DE INVESTIMENTO EM COTAS DE FUNDO DE INVESTIMENTO EM DIREITOS CREDITÓRIOS,41776150000179,2025-07-31,199014624.53,78483258.07,-0.6056407499933794
PLGN MARKETPLACE FUNDO DE  INVESTIMENTO EM COTAS DE FUNDO DE INVESTIMENTO EM DIREITOS CREDITÓRIOS,55563624000109,2026-06-30,318511287.13,126010215.23,-0.6043775516860441
POLÍGONO FOX FUNDO DE INVESTIMENTO EM DIREITOS CREDITÓRIOS,64158002000196,2026-04-30,134421883.21,215180583.09,0.6007853628552062
THEMIS FUNDO DE INVESTIMENTO EM DIREITOS CREDITÓRIOS,54836083000182,2025-09-30,199172544.75,79552689.98,-0.6005840560010216
SET FUNDO DE INVESTIMENTO EM DIREITOS CREDITÓRIOS,58325399000160,2025-09-30,197599785.56,79114194.79,-0.5996240857965027
MINERVA FUNDO DE INVESTIMENTO EM DIREITOS CREDITÓRIOS II - CRÉDITO MERCANTIL RESP LIMITADA,60871638000120,2025-12-31,505855552.63,808714590.19,0.5987065595808958
VTK FUNDO DE  INVESTIMENTO EM DIREITOS CREDITÓRIOS RESPONSABILIDADE  LIMITADA,62588266000154,2025-12-31,1103962821.0,1763798234.74,0.5976971336247563
AKRON FUNDO DE INVESTIMENTO EM DIREITOS CREDITÓRIOS NÃO- PADRONIZADOS RESPONSABILIDADE LIMITADA,43809937000115,2026-04-30,120314290.37,48579510.13,-0.5962282619911197
AEDGER FUNDO DE INVESTIMENTO EM DIREITOS CREDITÓRIOS NÃO PADRONIZADOS,57377862000155,2025-07-31,150766099.16,61053280.44,-0.5950463613493945
LUX FUNDO DE  INVESTIMENTO EM DIREITOS CREDITÓRIOS NÃO PADRONIZADOS  FEEDER RESP LIMITADA,59400337000139,2025-09-30,287323351.57,457976772.38,0.5939420512725853
ITU FUNDO DE INVESTIMENTO EM COTAS DE FUNDOS DE INVESTIMENTO EM DIREITOS CREDITORIOS,11888461000169,2025-12-31,570168900.86,231895575.9,-0.5932861726582666
FIDC MILAS II - FUNDO DE INVESTIMENTO EM DIREITOS CREDITÓRIOS,37720020000147,2026-05-31,141724812.46,225808004.64,0.5932849070005393
CLASSE FGTS RECEIVABLES DO MT GLOBAL FUNDO DE INVESTIMENTO EM DIREITOS CREDITÓRIOS RESPONSABILIDADE,63953902000162,2026-03-31,201762907.82,321015501.71,0.5910531087130719
PCS II PRINCIPAL FUNDO DE INVESTIMENTO EM DIREITOS CREDITÓRIOS - NÃO PADRONIZADOS,47463381000109,2025-12-31,382431284.86,156921626.7,-0.5896736671074239
PLGN VIC FUNDO DE INVESTIMENTO EM DIREITOS CREDITÓRIOS,57619773000178,2025-10-31,102260812.88,162287968.32,0.5870005699098058
FUNDO DE INVESTIMENTO EM DIREITOS CREDITÓRIOS CREDITAS AUTO XII,59929098000109,2025-08-31,288151223.77,456077859.2,0.5827725915335265
JIVE ALM CP FIDC DE RESP ILIMITADA,61641236000100,2025-12-31,253255406.14,106041190.78,-0.5812875531613321
ST 1018 FUNDO DE INVESTIMENTO EM DIREITOS CREDITÓRIOS RESPONSABILIDADE LIMITADA,60315773000199,2025-12-31,104117878.23,43759262.89,-0.5797142274323506
RIACHUELO MIDWAY EP FUNDO DE  INVESTIMENTO EM DIREITOS  CREDITÓRIOS CRÉDITO PESSOAL -  RESP LIMITADA,60940790000117,2026-02-28,140793048.57,221975938.75,0.5766114947048484
TRADEMASTER III FIDC - RECEBÍVEIS COMERCIAIS - RESPONSABILIDADE LIMITADA,54585643000173,2025-12-31,107937253.8,45778954.0,-0.5758743863835454
ARC DEB I FUNDO DE INVESTIMENTO EM DIREITOS CREDITÓRIOS DE RESPONSABILIDADE LIMITADA,60275910000109,2026-03-31,220570762.29,346837991.27,0.5724567828894183
GONN II FUNDO DE INVESTIMENTO EM DIREITOS CREDITÓRIOS RESPONSABILIDADE LIMITADA,56321885000185,2025-12-31,348044039.47,546546592.27,0.570337458162705
URUS FUNDO DE INVESTIMENTO EM DIREITOS CREDITÓRIOS,53294398000182,2026-06-30,186388271.93,80226309.3,-0.5695742630731091
SIFRA ENERGY PODIUM FUNDO DE INVESTIMENTO EM DIREITOS CREDITÓRIOS,42462120000150,2026-04-30,137763581.22,59339636.2,-0.569264709333897
PS PLGN FUNDO DE INVESTIMENTO EM DIREITOS CREDITÓRIOS,60412619000135,2026-07-31,278110478.27,120362251.78,-0.5672142505067793
ITAÚ APALACHES SPECIALE PRIVATE MARKETS FIDC RESPONSABILIDADE LIMITADA,64989111000155,2026-06-30,106266326.07,166420145.28,0.5660666123939897
IS GREEN SOLFÁCIL VII FINANCEIRO FUNDO DE INVESTIMENTO EM DIREITOS CREDITÓRIOS RESP LIMITADA LIM,63505455000189,2026-03-31,168254317.26,262529245.49,0.5603120904429386
IS GREEN SOLFÁCIL VII FINANCEIRO FUNDO DE INVESTIMENTO EM DIREITOS CREDITÓRIOS RESP LIMITADA LIM,63505455000189,2026-04-30,262529245.49,409281290.0,0.5589931294553236
LCM OSÍRIS FUNDO DE INVESTIMENTO EM DIREITOS CREDITÓRIOS,66127332000140,2026-05-31,100119545.72,155953511.86,0.5576729872121919
LASSIE EDUCATION CRÉDITOS JUDICIAIS FUNDO DE INVESTIMENTO EM DIREITOS CREDITÓRIOS,45207707000101,2025-12-31,744195475.64,1157758767.55,0.5557186323315659
AMETISTA CONSIGNADO I FUNDO DE INVESTIMENTO EM DIREITOS CREDITÓRIOS,50153210000198,2026-02-28,155704144.18,69455878.99,-0.5539240181705998
CLASSE ÚNICA DO FIDC CRÉDITO NITRO AGRO - RESPONSABILIDADE LIMITADA,51554551000138,2026-05-31,143142695.68,63900931.69,-0.5535858020107953
BLC II FUNDO DE INVESTIMENTO EM DIREITOS CREDITÓRIOS NÃO-PADRONIZADOS,28153046000160,2026-03-31,1428536285.24,638780306.61,-0.5528427851570586
PARANÁ FIDC DO SEGMENTO AGRONEGÓCIO - RESPONSABILIDADE LIMITADA,60127189000100,2026-02-28,135922632.51,210832081.25,0.5511182895496733
FIDC SINAI CONSIG FUNDO DE INVESTIMENTO EM DIREITOS CREDITÓRIOS RESPONSABILIDADE LIMITADA,60742391000141,2026-07-31,309009580.11,479181130.64,0.5506999183307617
ID 112 FUNDO DE INVESTIMENTO EM DIREITOS CREDITÓRIOS NÃO-PADRONIZADOS,45899745000172,2026-04-30,110041126.42,49592603.16,-0.5493266492864024
QG P FUNDO DE INVESTIMENTO EM DIREITOS CREDITÓRIOS - RESPONSABILIDADE LIMITADA,27944346000102,2025-09-30,106093937.51,47887250.23,-0.5486334907167874
CIB-K FUNDO DE INVESTIMENTO EM DIREITOS CREDITÓRIOS NÃO PADRONIZADOS,48357568000190,2025-09-30,1294393408.25,591314819.0,-0.5431722571892199
FIDC RANDONCORP SEGMENTO RECEBÍVEIS COMERCIAIS RESPONSABILIDADE LIMITADA,62690693000149,2026-02-28,311889600.13,481292090.05,0.5431488893806997
FENESTRA FUNDO DE INVESTIMENTO EM DIREITOS CREDITÓRIOS- RESPONSABILIDADE LIMITADA,64156218000112,2026-06-30,110530069.31,51247535.84,-0.5363475644236886
FUNDO DE INVESTIMENTO EM DIREITOS CREDITÓRIOS - ACR IV,51983832000106,2026-05-31,1108223651.87,520806769.33,-0.5300526491640938
V3 FIDC MULTICARTEIRA - NP,08611414000169,2025-08-31,145002649.22,68436008.76,-0.5280361488005094
FUNDO DE INVESTIMENTO  EM DIREITOS CREDITÓRIOS CRÉDITO CONSIGNADO PRIVADO PAKETÁ DE  RESPONSABILID,53841740000117,2025-07-31,290276252.33,441702243.62,0.5216616587630865
REN30 FUNDO DE INVESTIMENTO EM COTAS DE FIDC RESP LIMITADA,36847007000190,2026-06-30,294336482.85,447636631.37,0.5208329835147378
FUNDO DE INVESTIMENTO EM DIREITOS CREDITÓRIOS CREDITAS CONSIGNADO,34096044000189,2025-09-30,575537492.58,276631731.67,-0.5193506326930595
G5 SPECIAL F SUB FUNDO DE INVESTIMENTO EM COTAS DE FUNDOS DE INVESTIMENTO EM DIREITOS CREDITÓRIOS,38948698000144,2025-08-31,136172279.4,65704607.22,-0.5174891137204538
TITÂNIA FUNDO DE INVESTIMENTO EM DIREITOS CREDITÓRIOS,55898077000112,2025-11-30,386829125.35,586983237.6,0.5174225494755651
IS GREEN SOLFÁCIL VI FUNDO DE INVESTIMENTO EM DIREITOS CREDITÓRIOS RESPONSABILIDADE LIMITADA,57028406000108,2026-07-31,437421807.29,211117061.49,-0.5173604562654223
ORRAM ESTRUTURADO FIC DE FUNDOS DE INVESTIMENTO EM DIREITOS CREDITÓRIOS - RESPONSABILIDADE LIMITADA,55835986000101,2026-05-31,109532999.02,53446470.7,-0.5120514257968867
SELLOR FUNDO DE INVESTIMENTO EM DIREITOS CREDITÓRIOS MULTISSETORIAL,55257461000136,2025-09-30,110004647.3,165951833.56,0.5085892972087189
FUNDO DE INVESTIMENTO EM DIREITOS CREDITÓRIOS AGRO CITI-SYNGENTA RESPONSABILIDADE LIMITADA,46073195000109,2025-12-31,379246043.34,571380172.28,0.5066213143527742
IA II - FUNDO DE INVESTIMENTO EM DIREITOS CREDITÓRIOS RESPONSABILIDADE LIMITADA,62092802000126,2025-12-31,540307974.85,813199439.73,0.5050665131414356
IS GREEN SOLFÁCIL VI FUNDO DE INVESTIMENTO EM DIREITOS CREDITÓRIOS RESPONSABILIDADE LIMITADA,57028406000108,2026-05-31,941897407.62,466847905.01,-0.504353763761132
SARFATY CRÉDITO CORPORATIVO FUNDO DE INVESTIMENTO EM DIREITOS CREDITÓRIOS,56844535000101,2025-12-31,154270299.08,232067589.49,0.5042920826234778
PRECATÓRIO OURO 35 FUNDO DE INVESTIMENTO EM DIREITOS CREDITÓRIOS,37036410000100,2025-08-31,157090308.65,77963407.02,-0.50370326667507
JUST TEC FUNDO DE INVESTIMENTO EM DIREITOS CREDITORIOS,44680409000171,2026-07-31,403020270.2,200183472.56,-0.5032918010286223
FUNDO DE INVESTIMENTO EM DIREITOS CREDITÓRIOS AMETISTA II - RESPONSABILIDADE LIMITADA,55633169000170,2026-06-30,281120745.91,140063628.33,-0.5017670151784495
DAYCOVAL BOX FUNDO DE INVESTIMENTO EM DIREITOS CREDITÓRIOS DE RESPONSABILIDADE LIMITADA,54994993000193,2026-05-31,140831952.19,70247093.06,-0.5011991812395823
PS CRÉDITO ESTRUTURADO CART REV FI EM COTAS DE FUNDOS DE INVESTIMENTO EM  DIREITOS CREDITORIOS,60623935000156,2025-10-31,302448786.39,454012434.2,0.5011216927634239
ATLAS FUNDO DE  INVESTIMENTO EM DIREITOS CREDITÓRIOS DE RESPONSABILIDADE LIMITADA,19390746000187,2026-07-31,106350408.53,53062379.12,-0.5010608811621835
PLGN AUTO LOANS II FUNDO DE INVESTIMENTO EM DIREITOS CREDITÓRIOS,61305620000123,2025-09-30,110979438.79,166553790.48,0.5007625943681344
CEPOR FUNDO DE INVESTIMENTO EM DIREITOS CREDITÓRIOS,60115335000187,2025-10-31,208367428.32,312585021.21,0.5001625912949694
FUNDO DE INVESTIMENTO EM DIREITOS CREDITÓRIOS KINEA CRÉDITO ESTRUTURADO RESPONSABILIDADE LIMITADA,60431592000128,2026-04-30,719297871.99,1078802427.21,0.49979927540366487
FIDC BV AUTO II SEGMENTO FINANCEIRO - RESPONSABILIDADE LIMITADA,60598366000136,2025-08-31,502978852.45,752999781.13,0.4970803990309991
FUNDO DE INVESTIMENTO EM DIREITOS CREDITÓRIOS AMETISTA II - RESPONSABILIDADE LIMITADA,55633169000170,2026-07-31,140063628.33,70776956.06,-0.4946799757804047
CONQUISTA FUNDO DE INVESTIMENTO EM COTAS DE FUNDO DE INVESTIMENTO EM DIREITOS CREDITÓRIOS,56023806000150,2026-05-31,277276914.46,140514693.01,-0.4932333501919769
BLC FUNDO DE INVESTIMENTO EM DIREITOS CREDITÓRIOS NÃO-PADRONIZADOS,18048642000126,2026-03-31,2523589831.12,1283082828.56,-0.49156443224747337
BRADESCO MID YIELD FIC DE FIDC - RESPONSABILIDADE LIMITADA,56431951000170,2025-12-31,245715622.12,125029035.97,-0.49116366761190444
BRADESCO FARMTECH PLUS - FUNDO DE INVESTIMENTO NAS CADEIAS PRODUTIVAS DO AGRONEGÓCIO - RESP LTDA,58476520000155,2025-11-30,125129101.01,186456827.83,0.490115619188368
FARMTECH KEY ACCOUNTS - FUNDO DE INVESTIMENTO EM DIREITOS CREDITÓRIOS DO AGRONEGÓCIO - RESP LTDA,58154011000106,2025-12-31,223626722.21,332482834.36,0.48677595894723646
FUNDO DE INVESTIMENTO EM DIREITOS CREDITÓRIOS XPCE III,25043891000194,2026-07-31,520230993.39,269144983.1,-0.48264331322099663
NATURA PAY FUNDO DE INVESTIMENTO EM DIREITOS CREDITÓRIOS CRÉDITO PESSOAL SOCIAL E IS RESP LTDA,57816252000100,2025-10-31,542724825.82,804645354.48,0.4826028149058146
VENDA DE VEÍCULOS FUNDO DE INVESTIMENTO EM DIREITOS CREDITÓRIOS,21126275000146,2025-12-31,2548708285.04,3767030805.43,0.4780156785855465
SUMUP I FIDC SEGMENTO MEIOS DE PAGAMENTO DE RESPONSABILIDADE LIMITADA,34850088000152,2025-11-30,363699010.06,190830863.54,-0.4753055184051276
JEITTO FUNDO DE INVESTIMENTO EM DIREITOS CREDITÓRIOS  GUARDIAN RESPONSABILIDADE LIMITADA,61157943000117,2025-12-31,228247245.09,336595689.69,0.47469771018387186
MISSÕES FUNDO DE INVESTIMENTO EM DIREITOS CREDITÓRIOS,57213448000100,2025-12-31,136005218.45,200434038.36,0.4737231456577249
VTK FUNDO DE  INVESTIMENTO EM DIREITOS CREDITÓRIOS RESPONSABILIDADE  LIMITADA,62588266000154,2026-02-28,1763798234.74,2597066283.17,0.47242821316964934
FUNDO DE INVESTIMENTO EM DIREITOS CREDITÓRIOS ASAAS III - RESPONSABILIDADE LIMITADA,61292200000150,2026-06-30,209602842.1,308073444.29,0.4697961210994477
MINASVERDE FUNDO DE INVESTIMENTO EM DIREITOS CREDITÓRIOS,42605189000196,2026-03-31,127156025.84,67626800.6,-0.46815890042761665
BYX MOZART FUNDO DE INVESTIMENTO EM DIREITOS CREDITÓRIOS - CRÉDITO CONSIGNADO RESP. LIMITADA,61188091000125,2025-12-31,521665009.26,765426308.74,0.46727554110977065
FUNDO DE INVESTIMENTO EM DIREITOS CREDITÓRIOS CONSIGNADO EXT V-EIGHT - RESPONSABILIDADE LIMITADA,63934300000168,2026-04-30,105403680.28,154462084.04,0.4654334993776177
VALECRED DISTRESSED & SPECIAL SITS FUNDO DE INVESTIMENTO EM DIREITOS CREDITÓRIOS NÃO PADRONIZADOS,26648752000157,2026-03-31,495587306.87,264931332.22,-0.46541945577009003
CHIMERA ALTERNATIVE ASSETS XII SR FUNDO DE INVESTIMENTO EM COTAS DE FIDC RESP LIMITADA,61085704000107,2026-07-31,188317873.48,100856256.64,-0.4644360900203597
CIELO FUNDO DE INVESTIMENTO EM DIREITOS CREDITÓRIOS NÃO-PADRONIZADOS,21824924000182,2026-04-30,496592510.1,266432887.61,-0.4634778370774304
BYX MOZART FUNDO DE INVESTIMENTO EM DIREITOS CREDITÓRIOS - CRÉDITO CONSIGNADO RESP. LIMITADA,61188091000125,2025-11-30,356465392.62,521665009.26,0.4634380224845738
ACONCÁGUA FUNDO DE INVESTIMENTO EM DIREITOS CREDITÓRIOS NÃO PADRONIZADOS RESPONSABILIDADE LIMITADA,42358004000196,2026-05-31,4301919162.78,2315681365.43,-0.46170969797267114
FIDC SINAI MACRO FUNDO DE INVESTIMENTO EM DIREITOS CREDITÓRIOS NÃO PADRONIZADO RESP LIMITADA,45521649000196,2025-07-31,157882403.76,230428283.4,0.45949312850771107
CITY - 02 FUNDO DE INVESTIMENTO EM DIREITOS CREDITÓRIOS NÃO-PADRONIZADOS RESPONSABILIDADE ILIMITADA,32321307000180,2025-12-31,4775749097.02,2581505115.2,-0.4594554565668405
CAIXA MULTIGESTOR FIC DE FIDC RESPONSABILIDADE LIMITADA,60956871000105,2025-12-31,319222584.99,465395506.33,0.4579028183252729
BLUEFIN FUNDO DE INVESTIMENTO EM DIREITOS CREDITÓRIOS,51401568000155,2026-06-30,135468117.4,197281277.48,0.45629304714911445
FICTOR INVEST FUNDO DE INVESTIMENTO EM DIREITOS CREDITÓRIOS,61832072000190,2026-02-28,270527926.79,147213137.18,-0.4558301653851964
FUNDO DE INVESTIMENTO EM DIREITOS CREDITÓRIOS XPCE IV,26395682000172,2025-08-31,115358019.74,167697043.87,0.4537094538200679
UNITY FUNDO DE INVESTIMENTO EM DIREITOS CREDITÓRIOS NÃO-PADRONIZADOS,38137056000165,2025-09-30,147321899.3,213994734.01,0.45256567439597206
INTERLAKEN FUNDO DE INVESTIMENTO EM DIREITOS CREDITÓRIOS NÃO PADRONIZADOS,44615718000168,2026-06-30,179224679.13,98152576.42,-0.45234899068333456
EUROPA FUNDO DE INVESTIMENTO EM COTAS DE FUNDOS DE INVESTIMENTO EM DIREITOS CREDITÓRIOS,24797980000163,2026-04-30,162426757.45,89005520.83,-0.452026733603922
FOR-TE FIDC,06182371000118,2025-12-31,938062971.35,1354575865.38,0.44401378878710185
IFOOD PAGO CRÉDITO III FUNDO DE INVESTIMENTO EM DIREITOS CREDITÓRIOS FINANCEIRO RESP. LIMITADA,61288838000117,2025-11-30,200008956.34,288553501.71,0.44270290186145966
FUNDO DE INVESTIMENTO EM DIREITOS CREDITÓRIOS - MEUCASHCARD,34508357000105,2026-04-30,256779347.29,143650414.54,-0.44056865921633137
FUNDO DE INVESTIMENTO EM DIREITOS CREDITÓRIOS CREDITAS TEMPUS II - RESPONSABILIDADE LIMITADA,34218953000142,2025-11-30,103957739.55,149754457.63,0.440532068879522
FUNDO DE INVESTIMENTO EM DIREITOS CREDITÓRIOS AGRO CITI-SYNGENTA RESPONSABILIDADE LIMITADA,46073195000109,2025-09-30,177266028.68,99207156.19,-0.44034874065414753
HC HIDROCARBON FUNDO DE INVESTIMENTO EM DIREITOS CREDITÓRIOS NÃO-PADRONIZADOS,37388031000171,2025-11-30,123973470.63,178543836.71,0.44017777192723595
CLASSE CONSIGNADO PRIVADO DO MT GLOBAL FUNDO DE INVESTIMENTO EM DIREITOS CREDITÓRIOS RESP LIMITADA,63953620000165,2026-04-30,3926090057.89,5653887915.52,0.44008105574597334
ICRED CHOPIN INSS FUNDO DE INVESTIMENTO EM DIREITOS CREDITÓRIOS RESPONSABILIDADE LIMITADA,63733796000101,2026-02-28,738713900.81,1063712703.93,0.4399521963288342
TRINU FUNDO DE INVESTIMENTO EM DIREITOS CREDITÓRIOS RESPONSABILIDADE LIMITADA,53075146000162,2025-10-31,119505574.63,171928456.59,0.4386647411412059
MT II FIC DE FUNDOS DE INVESTIMENTO EM DIREITOS CREDITÓRIOS CONSIGNADOS DE RESPONSABILIDADE LIMITADA,60026073000184,2025-08-31,118802891.46,170913822.05,0.4386335210329908
FIDC UP.P CONSIGNADO PRIVADO - RESP LIMITADA,62339527000100,2026-01-31,180970666.83,260333787.71,0.43854135186754895
MARTE FUNDO DE INVESTIMENTO EM DIREITOS CREDITÓRIOS,23006061000161,2026-05-31,354554811.47,199275785.99,-0.4379549239120639
POSITIVO II FUNDO DE INVESTIMENTO EM DIREITOS CREDITÓRIOS RESPONSABILIDADE LIMITADA,37457367000149,2025-07-31,376529662.99,541332362.43,0.4376884894839661
LABRADOR FUNDO DE INVESTIMENTO EM DIREITOS CREDITÓRIOS,21917325000103,2026-03-31,172205128.55,247121263.23,0.43504009033185076
FUNDO DE INVESTIMENTO EM DIREITOS CREDITÓRIOS AGRO CITI-SYNGENTA RESPONSABILIDADE LIMITADA,46073195000109,2026-05-31,451295236.27,255255788.05,-0.4343929039452876
BB CLAIM FUNDO DE INVESTIMENTO EM DIREITOS CREDITÓRIOS NÃO PADRONIZADOS,56045805000106,2026-03-31,1830277878.87,2622604076.76,0.4328994012533096
PETTRA FUNDO DE INVESTIMENTO EM DIREITOS CREDITÓRIOS,59499177000127,2026-02-28,133962265.88,191940984.4,0.4327988791406072
JIVE DISTRESSED & SPECIAL SITS IV (QUALIFICADO) FIDC - RESPONSABILIDADE LIMITADA,53553002000174,2025-08-31,239566637.58,342880537.03,0.431253285071882
DEMETER FIC DE FUNDOS DE INVESTIMENTO EM DIREITOS CREDITÓRIOS RESPONSABILIDADE LIMITADA,54594688000104,2025-10-31,160254462.74,91171363.53,-0.43108377781704454
LUX FUNDO DE  INVESTIMENTO EM DIREITOS CREDITÓRIOS NÃO PADRONIZADOS  FEEDER RESP LIMITADA,59400337000139,2025-08-31,200912887.43,287323351.57,0.43008920555236263
CLOUDWALK AKIRA II FIDC SEGMENTO MEIOS DE PAGAMENTO,44124617000194,2025-11-30,566308957.76,323357615.43,-0.42900847496917405
PARANÁ I FIDC - FUNDO DE INVESTIMENTO EM DIREITOS CREDITÓRIOS - RESPONSABILIDADE LIMITADA,59629874000155,2025-12-31,274395585.74,391807933.85,0.4278944495165915
JC SILOS FUNDO DE INVESTIMENTO EM DIREITOS CREDITÓRIOS NÃO-PADRONIZADO,23216640000139,2025-11-30,165593064.19,94844424.88,-0.42724397701116057
THEMIS FUNDO DE INVESTIMENTO EM DIREITOS CREDITÓRIOS,54836083000182,2025-07-31,162029563.89,231221965.98,0.42703566206580623
FUNDO DE INVESTIMENTO EM COTAS DE FIDC SÊNIOR EXODUS INSTITUCIONAL - RESPONSABILIDADE LIMITADA,61385893000125,2026-05-31,533719934.76,306151485.42,-0.4263817678879309
ARC SPECIAL I FUNDO DE INVESTIMENTO EM DIREITOS CREDITÓRIOS DE RESPONSABILIDADE LIMITADA,66745267000116,2026-07-31,210241498.47,120678261.45,-0.4260017059989707
FIDC SINAI MACRO FUNDO DE INVESTIMENTO EM DIREITOS CREDITÓRIOS NÃO PADRONIZADO RESP LIMITADA,45521649000196,2025-12-31,267537913.64,154596736.01,-0.42215017712208847
FUNDO DE INVESTIMENTO EM DIREITOS CREDITÓRIOS DOTZ NOVERDE - RESPONSABILIDADE LIMITADA,63395725000146,2026-04-30,142698428.26,202930362.6,0.42209248605216554
STRUCTURE FUNDO DE INVESTIMENTO EM DIREITOS CREDITÓRIOS,32999089000138,2026-05-31,118847867.59,169003934.54,0.4220190733503759
FUNDO DE INVESTIMENTO EM DIREITOS CREDITÓRIOS MUSTANG MULTICARTEIRA - RESPONSABILIDADE LIMITADA,22802113000143,2026-06-30,328487540.7,189997633.62,-0.42159866028672177
MT II FIC DE FUNDOS DE INVESTIMENTO EM DIREITOS CREDITÓRIOS CONSIGNADOS DE RESPONSABILIDADE LIMITADA,60026073000184,2026-05-31,199273375.57,115305428.97,-0.4213706239472219
ICRED INSS III FUNDO DE INVESTIMENTO EM DIREITOS CREDITÓRIOS RESPONSABILIDADE LIMITADA,65347578000164,2026-04-30,266218231.43,378077749.15,0.42017977927034855
SOLDI INVEST FUNDO DE INVESTIMENTO EM DIREITOS CREDITÓRIOS,59475109000128,2025-09-30,136460017.69,193502063.66,0.4180128871123554
HOD MULTIPLICA 90 FUNDO DE INVESTIMENTO EM COTAS DE FUNDO DE  INVESTIMENTO EM DIREITOS CREDITÓRIOS,27500576000174,2025-09-30,548752758.11,321088484.49,-0.4148758621352818
OPI CRÉDITO AGRÍCOLA FUNDO INVESTIMENTO EM DIREITOS CREDITÓRIOS RESPONSABILIDADE LIMITADA,49963418000193,2025-11-30,263522912.64,154256357.53,-0.41463777861042994
ARC DEB I FUNDO DE INVESTIMENTO EM DIREITOS CREDITÓRIOS DE RESPONSABILIDADE LIMITADA,60275910000109,2026-02-28,155998223.07,220570762.29,0.4139312483772639
BERRINI FUNDO DE INVESTIMENTO EM DIREITOS CREDITÓRIOS RESPONSABILIDADE LIMITADA,57437905000140,2026-07-31,215237731.51,304235684.58,0.4134867638942066
FUNDO DE INVESTIMENTO EM  DIREITOS CREDITÓRIOS SOLIS EXT CAPITAL,32302296000191,2025-10-31,121006633.63,70972981.1,-0.41347859228104045
CHEMICAL XII - FUNDO DE INVESTIMENTO EM DIREITOS CREDITÓRIOS - INDÚSTRIA PETROQUÍMICA,46711630000175,2026-06-30,197491668.4,116020959.44,-0.41252732138040926
FUNDO DE INVESTIMENTO EM DIREITOS CREDITÓRIOS DIRETO RESPONSABILIDADE LIMITADA,53110325000193,2026-02-28,114629525.9,161830292.2,0.4117679623064723
FUNDO DE INVESTIMENTO EM DIREITOS CREDITÓRIOS CRÉDITO NITRO AGRO II - RESPONSABILIDADE LIMITADA,62313140000177,2026-05-31,142546850.82,83999495.29,-0.41072359854466545
CARTÃO DE COMPRA SUPPLIER FUNDO DE INVESTIMENTO EM DIREITOS CREDITÓRIOS II-RESPONSABILIDADE LIMITADA,50988212000105,2025-07-31,516084117.26,304257034.66,-0.4104506911094936
FUNDO DE INVESTIMENTO EM DIREITOS CREDITÓRIOS EM CLASSES DE COTAS EMPÍRICA NOVERDE RESP LIMITADA,52115159000155,2026-04-30,136126645.7,80312146.43,-0.41001891277777947
SERIGY FUNDO DE INVESTIMENTO EM DIREITOS CREDITÓRIOS RESPONSABILIDADE LIMITADA,55261422000102,2025-10-31,241619778.38,339930446.95,0.40688170988794203
GENICART FUNDO DE INVESTIMENTO EM DIREITOS CREDITÓRIOS,55345266000168,2025-07-31,192725063.87,114569146.65,-0.4055306333831026
HOD MULTIPLICA 30 FUNDO DE INVESTIMENTO EM COTAS DE FUNDO DE INVESTIMENTO EM DIREITOS CREDITÓRIOS,37121216000115,2025-12-31,150529829.9,89519376.63,-0.40530473800794486
FUNDO DE INVESTIMENTO EM DIREITOS CREDITÓRIOS EMPÍRICA LAUNCHPAD,42739077000128,2026-04-30,103149389.69,61391899.16,-0.404825376626036
POLÍGONO MASTER PROF FUNDO DE INVESTIMENTO EM DIREITOS CREDITÓRIOS,61290215000189,2026-06-30,151934700.89,90457163.58,-0.4046313116745426
MS OPEN FUNDO DE INVESTIMENTO EM DIREITOS CREDITÓRIOS,35654917000194,2026-01-31,115593613.06,162295938.42,0.40402167666269495
ESTRATÉGIA VINCULADA II FUNDO DE INVESTIMENTO EM DIREITOS CREDITÓRIOS - RESPONSABILIDADE LIMITADA,55070804000159,2025-12-31,115481909.19,68860104.54,-0.40371522238426194
MT INSS RECEIVABLES VI FUNDO DE INVESTIMENTO EM DIREITOS CREDITÓRIOS RESPONSABILIDADE LIMITADA,62310468000130,2025-12-31,405612387.5,569249685.6,0.4034326937315247
POTENCIAL INVEST FUNDO DE INVESTIMENTO EM DIREITOS CREDITÓRIOS,58545868000157,2026-05-31,774357877.93,1086638485.16,0.40327685186697293
AUGME 360 FUNDO DE INVESTIMENTO EM DIREITOS CREDITÓRIOS - RESP LIMITADA,62082503000100,2025-09-30,342780471.49,204596806.04,-0.40312583983954076
MARIS II FUNDO DE INVESTIMENTO EM DIREITOS CREDITÓRIOS RESPONSABILIDADE LIMITADA,62107005000175,2026-03-31,157430008.04,94064211.59,-0.40250138610105346
OPI GOOROO FUNDO DE INVESTIMENTO EM DIREITOS CREDITÓRIOS MULTISSETORIAL - RESP LIMITADA,51295720000162,2025-12-31,344427721.15,481988659.07,0.39938985590562126
FIBRA RUBICON FUNDO DE INVESTIMENTO EM DIREITOS CREDITÓRIOS RESPONSABILIDADE LIMITADA,62323195000168,2026-04-30,124030240.25,173558314.97,0.3993225734318451
FUNDO DE INVESTIMENTO  EM DIREITOS CREDITÓRIOS CRÉDITO CONSIGNADO PRIVADO PAKETÁ DE  RESPONSABILID,53841740000117,2025-10-31,822224196.91,1150191206.69,0.3988778377144977
VERDECARD FUNDO DE INVESTIMENTO EM DIREITOS CREDITÓRIOS RESPONSABILIDADE LIMITADA,26722650000134,2026-03-31,1282209044.16,1791107175.8,0.39689170339099333
FORNECEDORES BRASIL FUNDO DE INVESTIMENTO EM DIREITOS CREDITÓRIOS NÃO PADRONIZADO,26545451000106,2026-06-30,116909152.76,163166250.25,0.3956670320326423
RESQ II FUNDO DE INVESTIMENTO EM COTAS DE FUNDOS DE INVESTIMENTO EM DIREITOS CREDITÓRIOS NP,27944627000157,2026-03-31,435658433.74,263291307.39,-0.39564739943234595
POTENCIAL INVEST FUNDO DE INVESTIMENTO EM COTAS DE FUNDOS DE INVESTIMENTO EM  DIREITOS CREDITÓRIOS,58645480000128,2026-05-31,800051175.1,1114876604.73,0.3935066148620423
EICON FUNDO DE INVESTIMENTO EM DIREITOS CREDITÓRIOS,61415547000142,2025-08-31,105415267.85,146877382.86,0.393321725169814
SG II A FUNDO DE INVESTIMENTO EM COTAS DE FUNDOS DE INVESTIMENTO EM DIREITOS CREDITÓRIOS NP,18048628000122,2025-08-31,862148885.12,523331732.93,-0.39299146358327774
CANAL 56 FUNDO DE INVESTIMENTO EM DIREITOS CREDITORIOS NAO PADRONIZADOS,32510527000152,2025-12-31,134423233.12,81680634.63,-0.39236222240627516
DJF IV FUNDO DE INVESTIMENTO EM DIREITOS CREDITÓRIOS NÃO-PADRONIZADOS - RESPONSABILIDADE LIMITADA,48887679000109,2026-04-30,285943172.81,398068247.38,0.3921236288600025
JUGIS II PRÉ-PRECATÓRIOS FUNDO DE INVESTIMENTO EM DIREITOS CREDITÓRIOS,54091598000109,2025-12-31,145005525.6,201863202.46,0.3921069671292583
ROVER FUNDO DE INVESTIMENTO EM DIREITOS CREDITÓRIOS,51707771000154,2025-08-31,107064952.01,148955631.02,0.3912641646361301
FUNDO DE INVESTIMENTO EM DIREITOS CREDITÓRIOS MUSTANG MULTICARTEIRA - RESPONSABILIDADE LIMITADA,22802113000143,2025-11-30,338695843.44,207382576.37,-0.3877026234993113
SIRIUS IV FUNDO DE INVESTIMENTO EM DIREITOS CREDITÓRIOS,58321970000179,2026-05-31,137518915.06,190606985.96,0.38604195558725496
FORNECEDORES BRASIL FUNDO DE INVESTIMENTO EM DIREITOS CREDITÓRIOS NÃO PADRONIZADO,26545451000106,2026-01-31,188509783.75,116005107.85,-0.3846202274368691
ARC CRÉDITO I FUNDO DE INVESTIMENTO EM DIREITOS CREDITÓRIOS,30868828000127,2026-02-28,129086409.55,79437191.45,-0.38462002524571726
ROOT CAPITAL FICUS FUNDO DE INVESTIMENTO EM DIREITOS CREDITÓRIOS - RESPONSABILIDADE LIMITADA,64299705000134,2026-03-31,149248612.51,206550679.28,0.3839370149331247
EB VESTA FUNDO DE INVESTIMENTO EM DIREITOS CREDITÓRIOS RESPONSABILIDADE LIMITADA,40801446000130,2025-12-31,1119745248.4,1548931410.68,0.38328911231662954
GUARDIAN MULTI CONSIGNADO XIII FUNDO DE  INVESTIMENTO EM DIREITOS CREDITÓRIOS RESP LTDA,59063143000195,2025-10-31,290649495.69,401755607.63,0.3822683802572402
MIDIAN FUNDO DE INVESTIMENTO EM DIREITOS CREDITÓRIOS - RESPONSABILIDADE LIMITADA,58055083000104,2025-07-31,178348973.7,110206547.23,-0.3820735553243051
ATIVOS ESPECIAIS IV A FUNDO DE INVESTIMENTO EM DIREITOS CREDITÓRIOS,55595058000117,2026-03-31,234816512.67,324357788.37,0.3813244421436286
TECNOMYL II FUNDO DE INVESTIMENTO EM DIREITOS CREDITÓRIOS AGRONEGÓCIO,45963700000110,2026-06-30,135744556.44,83990025.47,-0.38126413557420147
COTIA FUNDO DE INVESTIMENTO EM DIREITOS CREDITÓRIOS,59942929000182,2026-05-31,263685435.61,364088225.34,0.380767293793576
IPO FUNDO DE INVESTIMENTO EM DIREITOS CREDITÓRIOS - RESPONSABILIDADE LIMITADA,51749986000138,2025-12-31,211294256.89,130928389.61,-0.38035045752255603
CONSIGNADOS IX FUNDO DE INVESTIMENTO EM DIREITOS CREDITÓRIOS - RESPONSABILIDADE LIMITADA,59086325000181,2026-05-31,234907480.64,324045869.01,0.379461684775404
LF III FUNDO DE INVESTIMENTO EM DIREITOS CREDITÓRIOS DE RESPONSABILIDADE LIMITADA,31739396000117,2025-10-31,788822393.4,1088130560.25,0.3794367012831814
SAVANA FUNDO DE INVESTIMENTO EM COTAS DE FUNDOS DE  INVESTIMENTO EM DIREITOS CREDITÓRIOS NP,43702714000154,2026-01-31,160750798.07,99792825.82,-0.37920789807497846
POSITIVO II FUNDO DE INVESTIMENTO EM DIREITOS CREDITÓRIOS RESPONSABILIDADE LIMITADA,37457367000149,2025-10-31,406484589.95,253060109.01,-0.37744230589128147
SG II A FUNDO DE INVESTIMENTO EM DIREITOS CREDITÓRIOS NÃO-PADRONIZADOS,20403406000122,2025-07-31,571038277.34,355887944.77,-0.3767704217171034
SOLIS WAREHOUSE FUNDO DE INVESTIMENTO EM DIREITOS CREDITÓRIOS MULTISSETORIAL - RESPONSABILIDADE LIMI,32302284000167,2025-09-30,164469367.21,226430143.65,0.37673140896131985
CBSB FUNDO DE INVESTIMENTO EM DIREITOS CREDITÓRIOS,56745579000176,2026-04-30,176216225.68,242508330.57,0.3761975075461166
MT CONSIGNADO PRIVADO II FUNDO DE INVESTIMENTO EM DIREITOS CREDITÓRIOS RESPONSABILIDADE LIMITADA,58458416000138,2026-05-31,708012884.74,442207918.96,-0.3754239103679734
SALVADOR FUNDO DE INVESTIMENTO EM DIREITOS CREDITÓRIOS CRÉDITO CONSIGNADO RESPONSABILIDADE LIMITADA,62705336000107,2026-06-30,325054758.63,446968167.76,0.3750549896387467
GV ATACAMA FUNDO DE INVESTIMENTO EM DIREITOS CREDITÓRIOS,47167918000193,2025-07-31,129011128.79,177072592.56,0.3725373479076588
FUNDO DE INVESTIMENTO  EM DIREITOS CREDITÓRIOS CRÉDITO CONSIGNADO PRIVADO PAKETÁ DE  RESPONSABILID,53841740000117,2025-08-31,441702243.62,606230574.74,0.3724869717020163
FARMTECH AGRO I FUNDO DE INVESTIMENTO NAS CADEIAS PRODUTIVAS AGROINDUSTRIAIS FIAGRO - DC RESP LTDA,58199148000187,2025-08-31,118486466.45,162607368.77,0.37237081703857333
ANTARES FUNDO DE INVESTIMENTO EM DIREITOS CREDITORIOS - RESPONSABILIDADE LIMITADA,51852080000144,2025-10-31,123091919.01,77471844.42,-0.3706179492277948
LUNA FUNDO DE INVESTIMENTO EM DIREITOS CREDITÓRIOS,35157905000154,2025-12-31,257004589.81,161758565.46,-0.37060048001638446
XP CRÉDITO ESTRUTURADO 360 PROFISSIONAL FUNDO DE INVESTIMENTO EM DIREITOS CREDITÓRIOS,36655893000150,2026-04-30,168555088.08,230986585.71,0.3703922458891815
GARSON  CARD FUNDO DE INVESTIMENTO EM DIREITOS CREDITÓRIOS - RESPONSABILIDADE LIMITADA,54233539000110,2026-03-31,199929960.99,126048925.9,-0.369534584632342
FARMTECH KEY ACCOUNTS - FUNDO DE INVESTIMENTO EM DIREITOS CREDITÓRIOS DO AGRONEGÓCIO - RESP LTDA,58154011000106,2025-10-31,278069620.65,175375846.31,-0.36930957829894817
FIDC SINAI CONSIG FUNDO DE INVESTIMENTO EM DIREITOS CREDITÓRIOS RESPONSABILIDADE LIMITADA,60742391000141,2025-10-31,179882408.81,245967870.31,0.3673814573486309
TECNOMYL II FUNDO DE INVESTIMENTO EM DIREITOS CREDITÓRIOS AGRONEGÓCIO,45963700000110,2025-10-31,116887027.85,159676771.36,0.3660777786642988
FUNDO DE INVESTIMENTO EM DIREITOS CREDITÓRIOS CLT NOW RESPONSABILIDADE LIMITADA,62390922000100,2026-03-31,298497338.31,407655167.73,0.3656911315793234
CONECTEPAG I FUNDO DE INVESTIMENTO EM DIREITOS CREDITORIOS RESPONSABILIDADE LIMITADA,57182268000109,2026-07-31,240719392.06,328697979.03,0.36548192572732585
FUNDO DE INVESTIMENTO EM DIREITOS CREDITÓRIOS XPCE SECURITIZAÇÃO,31216568000178,2026-07-31,115215198.7,73126844.59,-0.3653021006333602
FUNDO DE INVESTIMENTO NAS CADEIAS PRODUTIVAS AGROINDUSTRIAIS OPEA AGRO INSUMOS RESPONSABILIDADE LIMI,47936340000192,2025-08-31,159130511.96,101036590.67,-0.3650709130163726
FICTOR INVEST FUNDO DE INVESTIMENTO EM DIREITOS CREDITÓRIOS,61832072000190,2025-11-30,167000898.19,227939722.61,0.36490117766114527
FUNDO DE INVESTIMENTO EM DIREITOS CREDITÓRIOS CREDITAS AUTO XII,59929098000109,2025-10-31,616809966.41,841078814.02,0.3635947209402355
BDR KYIV FUNDO DE INVESTIMENTO EM DIREITOS CREDITORIOS - FIDC,49920326000126,2025-11-30,182734014.3,116325036.77,-0.3634188072997421
ST 1018 FUNDO DE INVESTIMENTO EM DIREITOS CREDITÓRIOS RESPONSABILIDADE LIMITADA,60315773000199,2025-11-30,163461009.17,104117878.23,-0.3630415059917006
FUNDO DE INVESTIMENTO EM DIREITOS CREDITÓRIOS DIRETO RESPONSABILIDADE LIMITADA,53110325000193,2026-04-30,161830292.2,220402598.91,0.36193660601942623
SUMUP I FIDC SEGMENTO MEIOS DE PAGAMENTO DE RESPONSABILIDADE LIMITADA,34850088000152,2025-10-31,569973177.92,363699010.06,-0.3619015347577498
GCB FORNECEDORES FUNDO DE INVESTIMENTO EM DIREITOS CREDITÓRIOS COMERCIAIS RESPONSABILIDADE LIMITADA,61799604000134,2026-03-31,569772974.54,775834613.19,0.36165569070095294
FUNDO DE INVESTIMENTO EM DIREITOS CREDITÓRIOS ALTERNATIVE ASSETS I RESPONSABILIDADE LIMITADA,24194675000187,2025-08-31,4096274002.41,2615696485.04,-0.36144494154905593
MT II FIC DE FUNDOS DE INVESTIMENTO EM DIREITOS CREDITÓRIOS CONSIGNADOS DE RESPONSABILIDADE LIMITADA,60026073000184,2026-04-30,311975471.33,199273375.57,-0.36125306672198754
DISAM CASH - FIDC AGRONEGÓCIO DE RESPONSABILIDADE ILIMITADA,24270541000106,2025-08-31,195549386.6,266104377.93,0.3608039511487786
IOX SPECIAL FUNDO DE INVESTIMENTO EM DIREITOS CREDITORIOS NÃO PADRONIZADO,47425662000177,2025-12-31,101335734.83,137850022.3,0.36032982374140854
ARC DEB I FUNDO DE INVESTIMENTO EM DIREITOS CREDITÓRIOS DE RESPONSABILIDADE LIMITADA,60275910000109,2025-12-31,128146521.48,174243993.49,0.3597247235243486
GV HOME EQUITY FUNDO DE INVESTIMENTO EM DIREITOS CREDITÓRIOS,54495443000120,2025-11-30,196341112.28,126099060.51,-0.3577551891925138
G5 FUNDO DE INVESTIMENTO EM DIREITOS CREDITÓRIOS DE INFRAESTRUTURA ALLOCATION,64756178000140,2026-05-31,140415648.13,190619496.11,0.35753741586920684
MILLENNIUM FUNDO DE INVESTIMENTO EM DIREITOS CREDITÓRIOS RESPONSABILIDADE LIMITADA,40366022000194,2026-06-30,117926520.93,75806561.0,-0.3571712249104847
SOLFÁCIL IV FUNDO DE INVESTIMENTO EM DIREITOS CREDITÓRIOS,44909456000144,2025-07-31,141340672.82,90876713.79,-0.35703777280207794
FUNDO DE INVESTIMENTO EM DIREITOS CREDITÓRIOS COBUCCIO INSS,63931003000169,2026-07-31,149131555.17,202311985.34,0.356600788541217
FUNDO DE INVESTIMENTO EM DIREITOS CREDITÓRIOS SALES FINANCE - RESPONSABILIDADE LIMITADA,45829624000154,2026-04-30,142206415.25,91530856.54,-0.3563521281435297
FUNDO DE INVESTIMENTO  EM DIREITOS CREDITÓRIOS CRÉDITO CONSIGNADO PRIVADO PAKETÁ DE  RESPONSABILID,53841740000117,2025-09-30,606230574.74,822224196.91,0.35628955577279364
FIAGRO COOPERCITRUS - RESPONSABILIDADE LIMITADA,30492529000130,2025-12-31,865114367.8,1172574391.46,0.35539812434496487
GUARDIAN MULTI CONSIGNADO XIII FUNDO DE  INVESTIMENTO EM DIREITOS CREDITÓRIOS RESP LTDA,59063143000195,2025-07-31,140681322.44,190567378.91,0.35460326648035445
CREDIT OPPORTUNITIES I FUNDO DE INVESTIMENTO EM DIREITOS CREDITÓRIOS RESPONSABILIDADE LIMITADA,46075436000140,2026-07-31,255962888.15,165347147.12,-0.3540190598915931
FUNDO DE INVESTIMENTO EM DIREITOS CREDITÓRIOS CREDITAS AUTO XII,59929098000109,2025-09-30,456077859.2,616809966.41,0.3524225172691742
ARTESANAL CRÉDITO PRIVADO 30 FUNDO DE INVESTIMENTO EM DIREITOS CREDITÓRIOS - RESP LIMITADA,45830738000114,2025-10-31,270757759.33,175450601.81,-0.3520015742331486
PINPAG FUNDO DE INVESTIMENTO EM DIREITOS CREDITÓRIOS RESPONSABILIDADE LIMITADA,54851716000121,2025-11-30,105487247.26,68360103.14,-0.3519586024317306
GALAPAGOS ARCESP FUNDO DE INVESTIMENTO EM DIREITOS CREDITÓRIOS - RESPONSABILIDADE LIMITADA,63113571000152,2026-07-31,165293650.88,223420386.57,0.3516574011194107
JEITTO FUNDO DE INVESTIMENTO EM DIREITOS CREDITÓRIOS,36017588000133,2025-12-31,324042329.01,210301915.9,-0.3510048006922266
POSITIVO II FUNDO DE INVESTIMENTO EM DIREITOS CREDITÓRIOS RESPONSABILIDADE LIMITADA,37457367000149,2026-02-28,230665804.91,311240851.19,0.3493150894708401
ESPERANZA FUNDO DE INVESTIMENTO EM DIREITOS CREDITÓRIOS,53263761000100,2025-12-31,4808579631.69,6476031949.31,0.34676608174085
CIELO FUNDO DE INVESTIMENTO EM DIREITOS CREDITÓRIOS NÃO-PADRONIZADOS,21824924000182,2026-01-31,851831955.96,556751821.73,-0.34640650913060633
CATERPILLAR FUNDO DE INVESTIMENTO EM DIREITOS CREDITÓRIOS DO SEGMENTO INDUSTRIAL II - RESP LIMITADA,05754060000113,2025-12-31,2346481681.31,1534103510.04,-0.3462111712785515
GONN II FUNDO DE INVESTIMENTO EM DIREITOS CREDITÓRIOS RESPONSABILIDADE LIMITADA,56321885000185,2025-08-31,215467258.25,289849746.21,0.34521480694619644
FICTOR INVEST FUNDO DE INVESTIMENTO EM DIREITOS CREDITÓRIOS,61832072000190,2026-03-31,147213137.18,96714584.11,-0.343030208019102
G5 BRJUS FUNDO DE INVESTIMENTO EM DIREITOS CREDITÓRIOS NÃO PADRONIZADOS,13974813000124,2026-06-30,140112915.44,92121774.21,-0.34251761216510457
JC 4870 VI - FUNDO DE INVESTIMENTO EM DIREITOS CREDITÓRIOS NÃO PADRONIZADOS,26570645000153,2026-04-30,371109384.52,244279502.26,-0.34175875779601805
UNITY FUNDO DE INVESTIMENTO EM DIREITOS CREDITÓRIOS NÃO-PADRONIZADOS,38137056000165,2025-11-30,254878904.49,341737730.0,0.34078467844877225
REAG HIGH YIELD FUNDO DE INVESTIMENTO EM DIREITOS CREDITÓRIOS,45703173000104,2025-07-31,341697864.46,225261594.38,-0.3407579683414449
ITAÚ SONETO III CRÉDITO PRIVADO FUNDO DE INVESTIMENTO EM DIREITOS CREDITÓRIOS RESP LIMITADA,61285889000195,2026-07-31,297671343.4,399045094.08,0.3405559618944496
FUNDO DE INVESTIMENTO EM DIREITOS CREDITÓRIOS EMPÍRICA NOVERDE CRÉDITO PESSOAL,26758072000196,2026-03-31,336962835.21,223048908.37,-0.33806080355718526
POLÍGONO MASTER PRO FUNDO DE INVESTIMENTO EM DIREITOS CREDITÓRIOS,55325522000155,2026-07-31,227063726.01,150747393.68,-0.3361009425461422
ORIZ JUS III FUNDO DE INVESTIMENTO EM DIREITOS CREDITÓRIOS - RESPONSABILIDADE LIMITADA,58036896000149,2026-05-31,169529211.38,226302980.99,0.3348907786914759
ECOAGRO INSUMOS FIAGRO,34691203000193,2025-08-31,205478570.34,274272232.36,0.3347972584497203
MT CONSIGNADO PRIVADO I FUNDO DE INVESTIMENTO EM DIREITOS CREDITÓRIOS,60010416000112,2025-11-30,2505075408.28,3343753115.27,0.3347914015753486
RUMOS DISTRIBUIDORA DE PETRÓLEO FUNDO DE INVESTIMENTO EM DIREITOS CREDITÓRIOS,45953246000116,2025-12-31,139434695.49,93080000.65,-0.3324473487542021
FUNDO DE INVESTIMENTO EM DIREITOS CREDITÓRIOS OPEA AGRO SUMITOMO CHEMICAL RESP LIMITADA,43866348000179,2026-06-30,383512695.84,256043621.64,-0.33237250183023825
FUNDO DE INVESTIMENTO NAS CADEIAS PRODUTIVAS AGROINDUSTRIAIS OPEA AGRO INSUMOS RESPONSABILIDADE LIMI,47936340000192,2025-09-30,101036590.67,67464586.19,-0.3322757058346415
POLÍGONO MASTER PROF FUNDO DE INVESTIMENTO EM DIREITOS CREDITÓRIOS,61290215000189,2026-05-31,227524477.51,151934700.89,-0.33222700892337065
CONSIGNADOS IX FUNDO DE INVESTIMENTO EM DIREITOS CREDITÓRIOS - RESPONSABILIDADE LIMITADA,59086325000181,2026-04-30,176354289.25,234907480.64,0.3320202283653839
ATLAS FUNDO DE  INVESTIMENTO EM DIREITOS CREDITÓRIOS DE RESPONSABILIDADE LIMITADA,19390746000187,2026-06-30,159200616.59,106350408.53,-0.33197238297203757
GAZIN FUNDO DE INVESTIMENTO EM DIREITOS CREDITÓRIOS MULTISSEGMENTOS - RESPONSABILIDADE LIMITADA,29492605000129,2026-03-31,1723440701.2,2295134026.6,0.33171627257145575
FUNDO DE INVESTIMENTO EM DIREITOS CREDITÓRIOS ABERTO EAN,22235997000100,2025-11-30,251802532.59,335162495.55,0.33105291715128105
CLASSE CONSIGNADO PRIVADO DO MT GLOBAL FUNDO DE INVESTIMENTO EM DIREITOS CREDITÓRIOS RESP LIMITADA,63953620000165,2026-03-31,2950066728.24,3926090057.89,0.33084788228918893
FUNDO DE INVESTIMENTO EM DIREITOS CREDITÓRIOS CREDITAS AUTO VEÍCULOS,59673010000130,2025-07-31,106240344.15,71253608.66,-0.3293168501092436
PRISMA AUTO LOANS FUNDO DE INVESTIMENTO EM DIREITOS CREDITÓRIOS,62303024000177,2025-10-31,133266512.72,177079396.3,0.3287613871314634
TOP 2025 FUNDO DE INVESTIMENTO EM DIREITOS CREDITÓRIOS RESPONSABILIDADE LIMITADA,61052199000196,2025-09-30,18434891406.4,12376343797.57,-0.3286456901355366
BRADESCO MID YIELD FIC DE FIDC - RESPONSABILIDADE LIMITADA,56431951000170,2026-01-31,125029035.97,83950498.98,-0.32855197731714536
REAG RECEBÍVEIS FUNDO DE INVESTIMENTO EM DIREITOS CREDITÓRIOS,41776322000104,2025-07-31,150943165.25,101489538.12,-0.32763078108301424
XP CRÉDITO ESTRUTURADO 360 PROFISSIONAL FUNDO DE INVESTIMENTO EM DIREITOS CREDITÓRIOS,36655893000150,2025-10-31,140629186.17,186690784.73,0.3275393950180321
JEITTO FUNDO DE INVESTIMENTO EM DIREITOS CREDITÓRIOS,36017588000133,2025-11-30,481740612.42,324042329.01,-0.32735102531175553
CRÉDITO AZUL FIC DE FIDC - RESPONSABILIDADE LIMITADA,56703001000157,2026-03-31,280578193.21,189007218.81,-0.32636525794242066
REN30 FUNDO DE INVESTIMENTO EM COTAS DE FIDC RESP LIMITADA,36847007000190,2026-07-31,447636631.37,301699816.59,-0.3260162474490923
MAJORITY - FUNDO DE INVESTIMENTO EM DIREITOS CREDITÓRIOS RESPONSABILIDADE LIMITADA,28481469000109,2025-11-30,607096153.99,409345773.75,-0.32573156482763244
LARCA AURORA FUNDO DE INVESTIMENTO  EM DIREITOS CREDITÓRIOS CONSIGNADO DE RESPONSABILIDADE  LIMITADA,63168433000170,2026-01-31,163615814.59,216833975.27,0.32526293875294265
HOD MULTIPLICA 90 FUNDO DE INVESTIMENTO EM COTAS DE FUNDO DE  INVESTIMENTO EM DIREITOS CREDITÓRIOS,27500576000174,2025-12-31,261087490.67,176199722.99,-0.3251315007937067
ENDURANCE INVEST FUNDO DE INVESTIMENTO EM DIREITOS CREDITÓRIOS,36953080000147,2025-12-31,365661813.32,484538996.28,0.32510144245214767
TK 30 FUNDO DE INVESTIMENTO EM COTAS DE FUNDO DE INVESTIMENTO EM DIREITOS CREDITÓRIOS - RL,50469304000170,2026-01-31,190421054.96,252307640.67,0.3249986495610999
IORQ FREDERIC FUNDO DE INVESTIMENTO EM DIREITOS CREDITÓRIOS - RESPONSABILIDADE LIMITADA,63032712000102,2026-07-31,102800944.55,136145240.29,0.3243578732273429
IFOOD PAGO CRÉDITO II FUNDO DE INVESTIMENTO EM DIREITOS CREDITÓRIOS FINANCEIRO RESP. LIMITADA,59323530000113,2025-08-31,243222724.75,322107431.27,0.32433115203804563
HOD II LONG PRAZO FUNDO DE INVESTIMENTO EM COTAS DE FUNDOS DE INVESTIMENTO EM DIREITOS CREDITÓRIOS,29242999000167,2025-12-31,987305682.77,1306374234.52,0.32317098677566247
SALVADOR FUNDO DE INVESTIMENTO EM DIREITOS CREDITÓRIOS CRÉDITO CONSIGNADO RESPONSABILIDADE LIMITADA,62705336000107,2026-07-31,446968167.76,591371967.39,0.3230740129743148
ADJUD I FUNDO DE INVESTIMENTOS EM DIREITOS CREDITÓRIOS,40676423000140,2025-09-30,149701751.12,101402115.68,-0.32263908123080876
CLASSE ÚNICA FUNDO DE INVESTIMENTO EM DIREITOS CREDITÓRIOS AGRO CITI-BAYER RESPONSABILIDADE LIMITADA,44302112000172,2025-10-31,894244163.24,605815776.87,-0.3225387407897352
PLGN AUTO LOANS II FUNDO DE INVESTIMENTO EM DIREITOS CREDITÓRIOS,61305620000123,2025-10-31,166553790.48,220192074.92,0.3220478158162421
BYX MOZART FUNDO DE INVESTIMENTO EM DIREITOS CREDITÓRIOS - CRÉDITO CONSIGNADO RESP. LIMITADA,61188091000125,2025-09-30,159748468.38,211149210.27,0.32176046763547705
FUNDO DE INVESTIMENTO EM DIREITOS CREDITÓRIOS NÃO-PADRONIZADOS - RECUPERARE,10996108000130,2026-02-28,150226986.42,101899902.07,-0.3216937615648404
POLONIA FUNDO DE INVESTIMENTO EM DIREITOS CREDITORIOS NÃO PADRONIZADO - FIDC NP,32156017000129,2026-01-31,698350235.04,474497306.16,-0.32054536198040817
DUMONT FUNDO DE INVESTIMENTO FINANCEIRO RENDA FIXA,60127668000126,2025-10-31,328240721.05,433438030.22,0.32048829539944745
CIELO FUNDO DE INVESTIMENTO EM DIREITOS CREDITÓRIOS NÃO-PADRONIZADOS,21824924000182,2025-12-31,645378392.12,851831955.96,0.31989537666704626
DIRECTCON FUNDO DE INVESTIMENTO DIREITOS CREDITÓRIOS DE RESPONSABILIDADE LIMITADA,60777129000132,2026-05-31,112951685.3,149043937.5,0.3195370844103731
CLOUDWALK AKIRA II FIDC SEGMENTO MEIOS DE PAGAMENTO,44124617000194,2025-10-31,832207333.42,566308957.76,-0.3195097723631881
FIDC PLURIS FUNDO DE INVESTIMENTOS EM DIREITOS CREDITÓRIOS,65653001000180,2026-07-31,109052360.7,143727681.46,0.31796946473621834
REN30 FUNDO DE INVESTIMENTO EM COTAS DE FIDC RESP LIMITADA,36847007000190,2026-04-30,393162336.31,268151526.43,-0.3179623232817288
MCP FUNDO DE INVESTIMENTO EM DIREITOS CREDITÓRIOS DE RESPONSABILIDADE LIMITADA,62682486000142,2026-06-30,379976200.79,500454090.62,0.3170669362436833
QISTO FUNDO DE INVESTIMENTO EM DIREITOS CREDITÓRIOS RESPONSABILIDADE LIMITADA,63991902000157,2026-06-30,687377047.49,470008161.88,-0.3162294790082619
QI OPORTUNIDADES FUNDO DE INVESTIMENTO EM COTAS DE FUNDO DE INVESTIMENTO EM DIREITOS CREDITÓRIOS NP,54738727000108,2025-09-30,228971465.82,156591764.57,-0.31610795253806623
AJAX FUNDO DE INVESTIMENTO EM DIREITOS CREDITORIOS,51168507000190,2025-11-30,457877212.09,602415878.32,0.3156712376452351
PÁTRIA INFRA CRÉDITO FUNDO DE INVESTIMENTO EM DIREITOS CREDITÓRIOS - RESPONSABILIDADE LIMITADA,48905593000161,2026-06-30,300481172.93,395294364.67,0.3155378781820972
DIRECTCON FUNDO DE INVESTIMENTO DIREITOS CREDITÓRIOS DE RESPONSABILIDADE LIMITADA,60777129000132,2026-07-31,154708417.44,203381339.12,0.3146106881926878
FUNDO DE INVESTIMENTO EM DIREITOS CREDITÓRIOS CONRETORNO - RESPONSABILIDADE LIMITADA,58238773000190,2026-06-30,166594531.29,218955447.38,0.31430153009556205
VALORA VANGUARD FUNDO DE INVESTIMENTO EM COTAS DE FUNDOS DE  DIREITOS CREDITÓRIOS,59657690000107,2026-04-30,358517291.22,471131064.34,0.31410973997038205
BB CLAIM FUNDO DE INVESTIMENTO EM DIREITOS CREDITÓRIOS NÃO PADRONIZADOS,56045805000106,2026-05-31,2623876528.65,1800835741.73,-0.3136735962737772
PÁTRIA CRÉDITO ESTRUTURADO MASTER FUNDO DE INVESTIMENTO EM DIREITOS CREDITÓRIOS,50277965000102,2025-12-31,237438960.73,311905683.05,0.3136246978636277
FUNDO DE INVESTIMENTO EM DIREITOS CREDITÓRIOS DE CONSÓRCIOS YELLOWSTONE - RESPONSABILIDADE LIMITADA,55013574000196,2026-04-30,116823867.52,153344743.83,0.312614854184208
FUNDO DE INVESTIMENTO EM DIREITOS CREDITÓRIOS VALE,13321819000100,2025-11-30,2738040324.91,1884820892.76,-0.31161682477340624
ER - FUNDO DE INVESTIMENTO EM DIREITOS CREDITÓRIOS RESPONSABILIDADE LIMITADA,59356753000187,2025-12-31,3375253206.84,2327183284.41,-0.3105159400503853
FIDC RANDONCORP SEGMENTO RECEBÍVEIS COMERCIAIS RESPONSABILIDADE LIMITADA,62690693000149,2026-01-31,237991224.05,311889600.13,0.3105088281090338
MT II FIC DE FUNDOS DE INVESTIMENTO EM DIREITOS CREDITÓRIOS CONSIGNADOS DE RESPONSABILIDADE LIMITADA,60026073000184,2026-01-31,223188519.29,292488999.43,0.31050199338414197
REAG CONSIG PÚBLICO FUNDO DE INVESTIMENTO EM DIREITOS CREDITÓRIOS,56049721000140,2025-07-31,253528837.88,174858770.7,-0.31030027131365645
DESKONT FUNDO DE INVESTIMENTO EM DIREITOS CREDITÓRIOS,33512447000107,2026-01-31,106014094.77,73182600.34,-0.3096899002083513
GAD FUNDO DE INVESTIMENTO EM DIREITOS CREDITÓRIOS,31608972000197,2025-11-30,139825912.7,183116009.49,0.3095999586491527
LASSIE 2 CRÉDITOS JUDICIAIS FUNDO DE INVESTIMENTO EM DIREITOS CREDITÓRIOS,50151440000118,2025-10-31,165772057.4,217050792.94,0.30933280520411754
ELDORADO FUNDO DE INVESTIMENTO EM DIREITOS CREDITÓRIOS NÃO-PADRONIZADOS,30127068000105,2026-02-28,111665252.13,77123641.24,-0.30933177717439686
G VALUE FUNDO DE INVESTIMENTO EM DIREITOS CREDITÓRIOS NÃO PADRONIZADO,40211675000102,2026-07-31,514234913.95,673085035.15,0.3089057488917317
FUNDO DE INVESTIMENTO EM DIREITOS CREDITÓRIOS SOMACRED BACH - RESPONSABILIDADE LIMITADA,39669950000149,2025-10-31,546453461.78,715142981.91,0.30869878576762266
RUNEARD FUNDO DE INVESTIMENTO EM DIREITOS CREDITÓRIOS  NÃO-PADRONIZADOS,51660739000160,2025-10-31,434772973.27,568924008.66,0.30855421941485384
CREDIT OPPORTUNITIES I FUNDO DE INVESTIMENTO EM DIREITOS CREDITÓRIOS RESPONSABILIDADE LIMITADA,46075436000140,2025-08-31,261481262.92,342129635.22,0.30842887708047506
FUNDO DE INVESTIMENTO EM DIREITOS CREDITÓRIOS EMPIRICA HOME EQUITY,17334148000165,2025-09-30,230911152.83,159775034.11,-0.3080670545712939
ASA FUNDO DE INVESTIMENTO EM COTAS DE FUNDO DE INVESTIMENTO EM DIREITOS CREDITÓRIOS 90 II RESP LIM,56924025000136,2025-11-30,102247905.9,133679823.06,0.307408908606313
POLÍGONO MASTER PROF FUNDO DE INVESTIMENTO EM DIREITOS CREDITÓRIOS,61290215000189,2026-02-28,174321086.17,227829928.09,0.30695564773969775
MERCADO CRÉDITO ESTRUTURADO FUNDO DE INVESTIMENTO EM DIREITOS CREDITÓRIOS  RESPONSABILIDADE LIMITADA,63350255000102,2026-06-30,120857690.56,157903052.35,0.30652051696791904
EXCLUSIVO FUNDO DE INVESTIMENTO EM DIREITOS CREDITÓRIOS MULTISEGMENTOS DE RESPONSABILIDADE  LIMITADA,17015979000174,2025-07-31,220644668.62,288204333.0,0.30619214505632586
JIVE DISTRESSED & SPECIAL SITS IV (QUALIFICADO) FIDC - RESPONSABILIDADE LIMITADA,53553002000174,2025-11-30,359021125.89,468718171.5,0.30554482090173707
GALAPAGOS ARCESP FUNDO DE INVESTIMENTO EM DIREITOS CREDITÓRIOS - RESPONSABILIDADE LIMITADA,63113571000152,2026-06-30,126742760.8,165293650.88,0.30416640632306624
JEITTO FUNDO DE INVESTIMENTO EM DIREITOS CREDITÓRIOS,36017588000133,2025-10-31,691984590.11,481740612.42,-0.30382754283094504
JC PLÁSTICOS FUNDO DE INVESTIMENTO EM DIREITOS CREDITORIOS NAO-PADRONIZADOS - FIDC - NP,23798073000176,2025-11-30,687210270.71,478521597.37,-0.3036751373409927
ASA LP II FUNDO DE INVESTIMENTO EM COTAS DE FUNDO DE INVESTIMENTO EM DIREITOS CREDITÓRIOS RESP LIM,56924942000110,2025-10-31,875840634.92,1141598567.51,0.3034318367910329
XPCE SPECIAL SITUATIONS FIC DE FUNDOS DE INVESTIMENTO EM DIREITOS CREDITÓRIOS,30418951000146,2025-09-30,178637281.42,232698331.12,0.30263027555202937
BB CLAIM FUNDO DE INVESTIMENTO EM DIREITOS CREDITÓRIOS NÃO PADRONIZADOS,56045805000106,2026-01-31,2619311028.05,1829205103.71,-0.30164646957876196
ITAÚ CRÉDITO ESTRUTURADO ALPES III CHAMADA DE CAPITAL FIDC RESPONSABILIDADE LIMITADA,62014120000103,2026-05-31,140226211.74,182410428.84,0.30082975626707875
LASSIE 2 CRÉDITOS JUDICIAIS FUNDO DE INVESTIMENTO EM DIREITOS CREDITÓRIOS,50151440000118,2025-12-31,220608592.34,286919434.07,0.3005814099380242
