arquivo,categoria,url,tamanho_bytes,sha256,last_modified_servidor,data_extracao_utc,fonte,nivel_fonte
cad_fi.csv,cadastro,https://dados.cvm.gov.br/dados/FI/CAD/DADOS/cad_fi.csv,17905705,0a6b185f2484cdb53fb760896af2a8c49423fd4c69b0f5f90275d5b5ab9f186a,"Mon, 17 Aug 2026 04:38:24 GMT",2026-08-17T19:26:00+00:00,CVM — Portal de Dados Abertos,1-primaria
registro_fundo_classe.zip,cadastro,https://dados.cvm.gov.br/dados/FI/CAD/DADOS/registro_fundo_classe.zip,6725027,d8b82714153f8603e7de725c007b5f365c7dce1466ca039430730c29f45b6d11,"Mon, 17 Aug 2026 04:34:45 GMT",2026-08-17T19:26:02+00:00,CVM — Portal de Dados Abertos,1-primaria
meta_inf_mensal_fidc_txt.zip,metadados,https://dados.cvm.gov.br/dados/FIDC/DOC/INF_MENSAL/META/meta_inf_mensal_fidc_txt.zip,15942,79cee773503f63de6c21567095ebe8daf9983bd89ed91c5fc050dc0730155d76,"Sat, 15 Aug 2026 13:55:17 GMT",2026-08-17T19:26:03+00:00,CVM — Portal de Dados Abertos,1-primaria
inf_mensal_fidc_2013.zip,inf_mensal_hist,https://dados.cvm.gov.br/dados/FIDC/DOC/INF_MENSAL/DADOS/HIST/inf_mensal_fidc_2013.zip,1639342,62073d3e345457483945ebeeadc803ac3c9057c07957369a55391a57122781ea,"Sat, 26 Sep 2020 02:25:23 GMT",2026-08-17T19:26:03+00:00,CVM — Portal de Dados Abertos,1-primaria
inf_mensal_fidc_2014.zip,inf_mensal_hist,https://dados.cvm.gov.br/dados/FIDC/DOC/INF_MENSAL/DADOS/HIST/inf_mensal_fidc_2014.zip,1790825,5325fb4d826f8ed03104fa162c8bc1c3e8a182f3a4303c574c42bff0a71f4a4c,"Sat, 26 Sep 2020 02:32:08 GMT",2026-08-17T19:26:03+00:00,CVM — Portal de Dados Abertos,1-primaria
inf_mensal_fidc_2015.zip,inf_mensal_hist,https://dados.cvm.gov.br/dados/FIDC/DOC/INF_MENSAL/DADOS/HIST/inf_mensal_fidc_2015.zip,1979376,008a1c053b25b0bfff08fed5342d95110f406fc449bbc485b62de04fc3f30a5c,"Sat, 26 Sep 2020 02:38:54 GMT",2026-08-17T19:26:04+00:00,CVM — Portal de Dados Abertos,1-primaria
inf_mensal_fidc_2016.zip,inf_mensal_hist,https://dados.cvm.gov.br/dados/FIDC/DOC/INF_MENSAL/DADOS/HIST/inf_mensal_fidc_2016.zip,2165254,1bb3ed791e936459cc04cea0ba3be16aaf2941e65c5e5ec7c0818641d73fe5eb,"Sat, 26 Sep 2020 02:45:44 GMT",2026-08-17T19:26:04+00:00,CVM — Portal de Dados Abertos,1-primaria
inf_mensal_fidc_2017.zip,inf_mensal_hist,https://dados.cvm.gov.br/dados/FIDC/DOC/INF_MENSAL/DADOS/HIST/inf_mensal_fidc_2017.zip,2487526,4d12980d6d8160c6cccdf0b8c3e9f59c49526208008ccbcc93fccd7c0ce14ab6,"Sat, 26 Sep 2020 02:52:25 GMT",2026-08-17T19:26:05+00:00,CVM — Portal de Dados Abertos,1-primaria
inf_mensal_fidc_2018.zip,inf_mensal_hist,https://dados.cvm.gov.br/dados/FIDC/DOC/INF_MENSAL/DADOS/HIST/inf_mensal_fidc_2018.zip,3161137,3b3317c3ae728a2e1432a0fb920636517accd25ea35011db6d19df7b91bd7955,"Sat, 26 Sep 2020 02:59:19 GMT",2026-08-17T19:26:05+00:00,CVM — Portal de Dados Abertos,1-primaria
inf_mensal_fidc_2019.zip,inf_mensal_hist,https://dados.cvm.gov.br/dados/FIDC/DOC/INF_MENSAL/DADOS/HIST/inf_mensal_fidc_2019.zip,6416829,65de2c8ef8ce94777e73df81a35d4906422de3aab6e96b7b934bd1f68282b0ae,"Sun, 05 Apr 2026 16:36:13 GMT",2026-08-17T19:26:05+00:00,CVM — Portal de Dados Abertos,1-primaria
inf_mensal_fidc_2020.zip,inf_mensal_hist,https://dados.cvm.gov.br/dados/FIDC/DOC/INF_MENSAL/DADOS/HIST/inf_mensal_fidc_2020.zip,8446929,9b527d5fcced9fa56c3a6d4499ff78a8cf429b4e24bd5eda0fd1b21f35452bdf,"Sun, 05 Apr 2026 16:56:25 GMT",2026-08-17T19:26:06+00:00,CVM — Portal de Dados Abertos,1-primaria
inf_mensal_fidc_2021.zip,inf_mensal_hist,https://dados.cvm.gov.br/dados/FIDC/DOC/INF_MENSAL/DADOS/HIST/inf_mensal_fidc_2021.zip,10754143,7cfa8ac64347871b6a7bea82516e85744a5ab88e240a429fed9598dfa49bc56b,"Sun, 05 Apr 2026 18:04:21 GMT",2026-08-17T19:26:07+00:00,CVM — Portal de Dados Abertos,1-primaria
inf_mensal_fidc_2022.zip,inf_mensal_hist,https://dados.cvm.gov.br/dados/FIDC/DOC/INF_MENSAL/DADOS/HIST/inf_mensal_fidc_2022.zip,13527281,694380c9f705d25ed9d0417ac152fa61421d1c18fc2f40c0871b8270cdd3a944,"Sun, 05 Apr 2026 19:16:48 GMT",2026-08-17T19:26:08+00:00,CVM — Portal de Dados Abertos,1-primaria
inf_mensal_fidc_2023.zip,inf_mensal_hist,https://dados.cvm.gov.br/dados/FIDC/DOC/INF_MENSAL/DADOS/HIST/inf_mensal_fidc_2023.zip,17186058,b15b895b75d39d4e9031b64418eaa3ca91319e045a395bb0b0d1eb1cfe3e1720,"Sun, 05 Apr 2026 20:37:16 GMT",2026-08-17T19:26:09+00:00,CVM — Portal de Dados Abertos,1-primaria
inf_mensal_fidc_2024.zip,inf_mensal_hist,https://dados.cvm.gov.br/dados/FIDC/DOC/INF_MENSAL/DADOS/HIST/inf_mensal_fidc_2024.zip,23770758,45e3b85a8f4ff34e0186766d4b33c9d906bc7b3f96a2972efd2e4f90b4f628cc,"Sun, 05 Apr 2026 22:24:11 GMT",2026-08-17T19:26:11+00:00,CVM — Portal de Dados Abertos,1-primaria
inf_mensal_fidc_202501.zip,inf_mensal,https://dados.cvm.gov.br/dados/FIDC/DOC/INF_MENSAL/DADOS/inf_mensal_fidc_202501.zip,2618591,754d80512597a006669c0fdf2493d5dc94f0a3b5290289dc458ca228c6348dfc,"Thu, 13 Aug 2026 20:10:01 GMT",2026-08-17T19:26:13+00:00,CVM — Portal de Dados Abertos,1-primaria
inf_mensal_fidc_202502.zip,inf_mensal,https://dados.cvm.gov.br/dados/FIDC/DOC/INF_MENSAL/DADOS/inf_mensal_fidc_202502.zip,2665547,2d6b47d2b3262aebe3e6be8cd7d4bd0a9e8df412be0f624ed4fe8334c20a7e0b,"Thu, 13 Aug 2026 19:57:10 GMT",2026-08-17T19:26:13+00:00,CVM — Portal de Dados Abertos,1-primaria
inf_mensal_fidc_202503.zip,inf_mensal,https://dados.cvm.gov.br/dados/FIDC/DOC/INF_MENSAL/DADOS/inf_mensal_fidc_202503.zip,2721743,08f1bcc158540e0d467a186edbc5b2f86b201454a0ff1f13062f313d36a76e6c,"Thu, 13 Aug 2026 19:41:51 GMT",2026-08-17T19:26:14+00:00,CVM — Portal de Dados Abertos,1-primaria
inf_mensal_fidc_202504.zip,inf_mensal,https://dados.cvm.gov.br/dados/FIDC/DOC/INF_MENSAL/DADOS/inf_mensal_fidc_202504.zip,2783648,9b0fa5d05fa9d05d62358e3ab4037089a851143b9a07f22a96f8666125a8272f,"Thu, 13 Aug 2026 19:21:45 GMT",2026-08-17T19:26:15+00:00,CVM — Portal de Dados Abertos,1-primaria
inf_mensal_fidc_202505.zip,inf_mensal,https://dados.cvm.gov.br/dados/FIDC/DOC/INF_MENSAL/DADOS/inf_mensal_fidc_202505.zip,2842861,da3b8097f6b47ff7e347409fac07c54e3525a5a91d5f3f88e68854a0f951ca86,"Thu, 13 Aug 2026 18:52:36 GMT",2026-08-17T19:26:15+00:00,CVM — Portal de Dados Abertos,1-primaria
inf_mensal_fidc_202506.zip,inf_mensal,https://dados.cvm.gov.br/dados/FIDC/DOC/INF_MENSAL/DADOS/inf_mensal_fidc_202506.zip,2927764,16c3f70d18e59a5b16635e5cb5052bec28ae53275514340a24c5cb24ddc0e9e8,"Thu, 13 Aug 2026 18:40:26 GMT",2026-08-17T19:26:16+00:00,CVM — Portal de Dados Abertos,1-primaria
inf_mensal_fidc_202507.zip,inf_mensal,https://dados.cvm.gov.br/dados/FIDC/DOC/INF_MENSAL/DADOS/inf_mensal_fidc_202507.zip,2976250,4381b5a7dfcf78729427584d20dc784f84b0f5907ac3c1bd967e47c020d1f70e,"Thu, 13 Aug 2026 18:27:35 GMT",2026-08-17T19:26:16+00:00,CVM — Portal de Dados Abertos,1-primaria
inf_mensal_fidc_202508.zip,inf_mensal,https://dados.cvm.gov.br/dados/FIDC/DOC/INF_MENSAL/DADOS/inf_mensal_fidc_202508.zip,3050395,3874d3f08b3910b45cbee5903313da7b84306f0056e80d98d1c61609fddb45aa,"Sat, 15 Aug 2026 13:55:09 GMT",2026-08-17T19:26:16+00:00,CVM — Portal de Dados Abertos,1-primaria
inf_mensal_fidc_202509.zip,inf_mensal,https://dados.cvm.gov.br/dados/FIDC/DOC/INF_MENSAL/DADOS/inf_mensal_fidc_202509.zip,3071898,99ee87b6aa8a2b3c3eb19f01812b83c985343e345f01345d90aafe44c2075f28,"Sat, 15 Aug 2026 13:42:21 GMT",2026-08-17T19:26:17+00:00,CVM — Portal de Dados Abertos,1-primaria
inf_mensal_fidc_202510.zip,inf_mensal,https://dados.cvm.gov.br/dados/FIDC/DOC/INF_MENSAL/DADOS/inf_mensal_fidc_202510.zip,3122705,220c2b66af489c8e9d436d881ad8e5343e4622fe6056490c270d919c40e4b845,"Sat, 15 Aug 2026 13:29:24 GMT",2026-08-17T19:26:17+00:00,CVM — Portal de Dados Abertos,1-primaria
inf_mensal_fidc_202511.zip,inf_mensal,https://dados.cvm.gov.br/dados/FIDC/DOC/INF_MENSAL/DADOS/inf_mensal_fidc_202511.zip,3193329,718af436a3292badf3f0322e195a8c5d72e47e35143f201ce70487e47bf18081,"Sat, 15 Aug 2026 13:16:26 GMT",2026-08-17T19:26:18+00:00,CVM — Portal de Dados Abertos,1-primaria
inf_mensal_fidc_202512.zip,inf_mensal,https://dados.cvm.gov.br/dados/FIDC/DOC/INF_MENSAL/DADOS/inf_mensal_fidc_202512.zip,3293745,7331d664b4dbf827d8fbf8c65427e6c8065fae28166d511075071d3d5ed2f09b,"Sat, 15 Aug 2026 13:03:14 GMT",2026-08-17T19:26:18+00:00,CVM — Portal de Dados Abertos,1-primaria
inf_mensal_fidc_202601.zip,inf_mensal,https://dados.cvm.gov.br/dados/FIDC/DOC/INF_MENSAL/DADOS/inf_mensal_fidc_202601.zip,3269102,30247d1e8dec84f12db8c2dc6c76d530b5be5c1c3c78bf5340661a360af73801,"Sat, 15 Aug 2026 12:49:50 GMT",2026-08-17T19:26:19+00:00,CVM — Portal de Dados Abertos,1-primaria
inf_mensal_fidc_202602.zip,inf_mensal,https://dados.cvm.gov.br/dados/FIDC/DOC/INF_MENSAL/DADOS/inf_mensal_fidc_202602.zip,3272111,909a759e4f6be712f154cf83c94be7109a6478f6ef540ab8f5ea1f44314c95f6,"Sat, 15 Aug 2026 12:36:34 GMT",2026-08-17T19:26:19+00:00,CVM — Portal de Dados Abertos,1-primaria
inf_mensal_fidc_202603.zip,inf_mensal,https://dados.cvm.gov.br/dados/FIDC/DOC/INF_MENSAL/DADOS/inf_mensal_fidc_202603.zip,3325604,945a19d7aeb0b49b08dd248239a89f0aaca08d8d77e671799f87b32f51747777,"Sat, 15 Aug 2026 12:22:55 GMT",2026-08-17T19:26:20+00:00,CVM — Portal de Dados Abertos,1-primaria
inf_mensal_fidc_202604.zip,inf_mensal,https://dados.cvm.gov.br/dados/FIDC/DOC/INF_MENSAL/DADOS/inf_mensal_fidc_202604.zip,3377655,6033865d74a0a1ffba466c979c4875a338f2b1a222f5d7df7ee88e8cb11efd4f,"Sat, 15 Aug 2026 12:09:33 GMT",2026-08-17T19:26:20+00:00,CVM — Portal de Dados Abertos,1-primaria
inf_mensal_fidc_202605.zip,inf_mensal,https://dados.cvm.gov.br/dados/FIDC/DOC/INF_MENSAL/DADOS/inf_mensal_fidc_202605.zip,3409510,81a325bcb278338069d7cb0f7e3bec4e63f99933fc26c72dab782a2a36be79e3,"Sat, 15 Aug 2026 11:55:52 GMT",2026-08-17T19:26:21+00:00,CVM — Portal de Dados Abertos,1-primaria
inf_mensal_fidc_202606.zip,inf_mensal,https://dados.cvm.gov.br/dados/FIDC/DOC/INF_MENSAL/DADOS/inf_mensal_fidc_202606.zip,3475219,cd71e20b28c7a92a4eaa1bc79efe099d3838f8fda258aa74d9407c34c219d3ce,"Sat, 15 Aug 2026 11:42:16 GMT",2026-08-17T19:26:22+00:00,CVM — Portal de Dados Abertos,1-primaria
inf_mensal_fidc_202607.zip,inf_mensal,https://dados.cvm.gov.br/dados/FIDC/DOC/INF_MENSAL/DADOS/inf_mensal_fidc_202607.zip,3235849,28fc74fc56e104f0b2eeecf1294673ba574cc56d72a8996f845652354a376d80,"Sat, 15 Aug 2026 11:28:27 GMT",2026-08-17T19:26:22+00:00,CVM — Portal de Dados Abertos,1-primaria
medidas_mes_fie_202606.csv,medidas_fie,https://dados.cvm.gov.br/dados/FIE/MEDIDAS/DADOS/medidas_mes_fie_202606.csv,762653,8a939dc782584202acef243613f00be3c0a07b1ebe9ae1f449475a9b73251615,,2026-08-17T20:40:00+00:00,CVM — Portal de Dados Abertos,1-primaria
df_banco_honda_semestral_1S2025.pdf,df_corporativa,https://www.bancohonda.com.br/sites/default/files/2025-08/2025-semestral-banco-honda-sa-site.pdf,1102333,6855089640108cabd21db71b5f61308dd18247af7e84fff669dd334e5ece3155,,2026-08-17T20:54:00+00:00,Banco Honda S.A. — demonstrações financeiras publicadas,1-primaria
